Protocollo;Gruppo;DataOraIncidente;Localizzazione1;STRADA1;Localizzazione2;STRADA2;Strada02;Chilometrica;DaSpecificare;NaturaIncidente;particolaritastrade;TipoStrada;FondoStradale;Pavimentazione;Segnaletica;CondizioneAtmosferica;Traffico;Visibilita;Illuminazione;NUM_FERITI;NUM_RISERVATA;NUM_MORTI;NUM_ILLESI;Longitudine;Latitudine;Confermato;Progressivo;TipoVeicolo;StatoVeicolo;TipoPersona;Sesso;Tipolesione;Deceduto;DecedutoDopo;CinturaCascoUtilizzato;Airbag
3036691;16;01/11/2016 01:00;Strada Urbana;VIA DI MONTE VERDE;all'intersezione con;PIAZZA CARLO ALBERTO SCOTTI;PIAZZA CARLO ALBERTO SCOTTI;;;Scontro laterale fra veicoli in marcia;Rotatoria;Una carreggiata a senso unico di marcia;Asciutto;Asfaltata;Verticale ed orizzontale;Sereno;Scarso;Buona;Sufficiente;0;0;0;5;12.44584;41.86976;-1;1;Autovettura privata;In marcia / fermata / arresto;Passeggero;M;Illeso;0;;Non accertato;
3036691;16;01/11/2016 01:00;Strada Urbana;VIA DI MONTE VERDE;all'intersezione con;PIAZZA CARLO ALBERTO SCOTTI;PIAZZA CARLO ALBERTO SCOTTI;;;Scontro laterale fra veicoli in marcia;Rotatoria;Una carreggiata a senso unico di marcia;Asciutto;Asfaltata;Verticale ed orizzontale;Sereno;Scarso;Buona;Sufficiente;0;0;0;5;12.44584;41.86976;-1;2;Autovettura privata;In marcia / fermata / arresto;Conducente;M;Illeso;0;;Non accertato;
3036691;16;01/11/2016 01:00;Strada Urbana;VIA DI MONTE VERDE;all'intersezione con;PIAZZA CARLO ALBERTO SCOTTI;PIAZZA CARLO ALBERTO SCOTTI;;;Scontro laterale fra veicoli in marcia;Rotatoria;Una carreggiata a senso unico di marcia;Asciutto;Asfaltata;Verticale ed orizzontale;Sereno;Scarso;Buona;Sufficiente;0;0;0;5;12.44584;41.86976;-1;2;Autovettura privata;In marcia / fermata / arresto;Passeggero;M;Illeso;0;;Non accertato;
3036713;16;01/11/2016 04:30;Strada Urbana;VIA OSTIENSE;da specificare;;;;PALO LUCE ACEA 274;Fuoriuscita dalla sede stradale;Rettilineo;Una carreggiata a doppio senso;Bagnato (umidità in atto);Asfaltata;Orizzontale;Sereno;Scarso;Sufficiente;Sufficiente;0;0;0;1;12.42161;41.80982;-1;1;Autovettura privata;In marcia / fermata / arresto;Conducente;M;Illeso;0;;Non accertato;
3036720;16;01/11/2016 10:40;Strada Urbana;VIA GIUSEPPE SPINA;da specificare;;;;SN;Investimento di pedone;Rettilineo;Una carreggiata a senso unico di marcia;Asciutto;Asfaltata;Verticale ed orizzontale;Sereno;Scarso;Buona;Ore Diurne;1;0;0;2;12.88492;41.7855;-1;;;;Pedone;M;Rifiuta cure immediate;0;NON DECEDUTO;;
3036720;16;01/11/2016 10:40;Strada Urbana;VIA GIUSEPPE SPINA;da specificare;;;;SN;Investimento di pedone;Rettilineo;Una carreggiata a senso unico di marcia;Asciutto;Asfaltata;Verticale ed orizzontale;Sereno;Scarso;Buona;Ore Diurne;1;0;0;2;12.88492;41.7855;-1;1;Autovettura privata;In marcia / fermata / arresto;Conducente;M;Illeso;0;;Non accertato;Inesploso
3036720;16;01/11/2016 10:40;Strada Urbana;VIA GIUSEPPE SPINA;da specificare;;;;SN;Investimento di pedone;Rettilineo;Una carreggiata a senso unico di marcia;Asciutto;Asfaltata;Verticale ed orizzontale;Sereno;Scarso;Buona;Ore Diurne;1;0;0;2;12.88492;41.7855;-1;1;Autovettura privata;In marcia / fermata / arresto;Passeggero;M;Illeso;0;;Non accertato;Inesploso
3036721;12;01/11/2016 04:10;Strada Urbana;VIA CRISTOFORO COLOMBO;da specificare;;;;dir. GRA alt. Via Libano;Scontro laterale fra veicoli in marcia;Rettilineo;Due carreggiate;Asciutto;Asfaltata;Verticale ed orizzontale;Sereno;Normale;Buona;Sufficiente;0;0;0;3;12.42449;41.78815;-1;1;Autovettura privata;In marcia / fermata / arresto;Conducente;M;Illeso;0;;Utilizzato;Esploso
3036721;12;01/11/2016 04:10;Strada Urbana;VIA CRISTOFORO COLOMBO;da specificare;;;;dir. GRA alt. Via Libano;Scontro laterale fra veicoli in marcia;Rettilineo;Due carreggiate;Asciutto;Asfaltata;Verticale ed orizzontale;Sereno;Normale;Buona;Sufficiente;0;0;0;3;12.42449;41.78815;-1;2;Autovettura privata;In marcia / fermata / arresto;Conducente;M;Illeso;0;;Utilizzato;Inesploso
3036721;12;01/11/2016 04:10;Strada Urbana;VIA CRISTOFORO COLOMBO;da specificare;;;;dir. GRA alt. Via Libano;Scontro laterale fra veicoli in marcia;Rettilineo;Due carreggiate;Asciutto;Asfaltata;Verticale ed orizzontale;Sereno;Normale;Buona;Sufficiente;0;0;0;3;12.42449;41.78815;-1;2;Autovettura privata;In marcia / fermata / arresto;Passeggero;F;Illeso;0;;Utilizzato;Inesploso
3036725;1;01/11/2016 13:00;Strada Urbana;LUNGOTEVERE TESTACCIO;in corrispondenza;;del civico n.;9;;Tamponamento;Rettilineo;Una carreggiata a doppio senso;Asciutto;Asfaltata;Verticale ed orizzontale;Sereno;Normale;Buona;Ore Diurne;0;0;0;2;12.4749;41.88214;-1;1;Autocarro inferiore 35 q.;In marcia / fermata / arresto;Conducente;M;Illeso;0;;Non accertato;
3036725;1;01/11/2016 13:00;Strada Urbana;LUNGOTEVERE TESTACCIO;in corrispondenza;;del civico n.;9;;Tamponamento;Rettilineo;Una carreggiata a doppio senso;Asciutto;Asfaltata;Verticale ed orizzontale;Sereno;Normale;Buona;Ore Diurne;0;0;0;2;12.4749;41.88214;-1;2;Autocarro inferiore 35 q.;In marcia / fermata / arresto;Conducente;M;Illeso;0;;;
3036735;16;01/11/2016 23:00;Strada Urbana;VIA LAURENTINA;all'intersezione con;VIA DELLE MONTAGNE ROCCIOSE;VIA DELLE MONTAGNE ROCCIOSE;;;Tamponamento;Incrocio;Una carreggiata a doppio senso;Asciutto;Asfaltata;Verticale ed orizzontale;Sereno;Scarso;Buona;Sufficiente;0;0;0;2;12.47869;41.82719;-1;1;Autovettura privata;In marcia / fermata / arresto;Conducente;M;Illeso;0;;Non accertato;Inesploso
3036735;16;01/11/2016 23:00;Strada Urbana;VIA LAURENTINA;all'intersezione con;VIA DELLE MONTAGNE ROCCIOSE;VIA DELLE MONTAGNE ROCCIOSE;;;Tamponamento;Incrocio;Una carreggiata a doppio senso;Asciutto;Asfaltata;Verticale ed orizzontale;Sereno;Scarso;Buona;Sufficiente;0;0;0;2;12.47869;41.82719;-1;2;Autobus di linea;In marcia / fermata / arresto;Conducente;M;Illeso;0;;Non accertato;Inesploso
3036736;13;01/11/2016 16:40;Strada Urbana;VIA OSTIENSE;da specificare;;;;IN PROX DELLA STAZIONE ACILIA;Scontro laterale fra veicoli in marcia;Rettilineo;Una carreggiata a senso unico di marcia;Asciutto;Asfaltata;Verticale ed orizzontale;Sereno;Intenso;Buona;Ore Diurne;0;0;0;4;12.42161;41.80982;-1;1;Autovettura privata;In marcia / fermata / arresto;Conducente;M;Illeso;0;;Non accertato;Inesploso
3036736;13;01/11/2016 16:40;Strada Urbana;VIA OSTIENSE;da specificare;;;;IN PROX DELLA STAZIONE ACILIA;Scontro laterale fra veicoli in marcia;Rettilineo;Una carreggiata a senso unico di marcia;Asciutto;Asfaltata;Verticale ed orizzontale;Sereno;Intenso;Buona;Ore Diurne;0;0;0;4;12.42161;41.80982;-1;1;Autovettura privata;In marcia / fermata / arresto;Passeggero;F;Illeso;0;;Non accertato;Inesploso
3036736;13;01/11/2016 16:40;Strada Urbana;VIA OSTIENSE;da specificare;;;;IN PROX DELLA STAZIONE ACILIA;Scontro laterale fra veicoli in marcia;Rettilineo;Una carreggiata a senso unico di marcia;Asciutto;Asfaltata;Verticale ed orizzontale;Sereno;Intenso;Buona;Ore Diurne;0;0;0;4;12.42161;41.80982;-1;2;Autocarro inferiore 35 q.;In marcia / fermata / arresto;Conducente;M;Illeso;0;;Non accertato;Inesploso
3036736;13;01/11/2016 16:40;Strada Urbana;VIA OSTIENSE;da specificare;;;;IN PROX DELLA STAZIONE ACILIA;Scontro laterale fra veicoli in marcia;Rettilineo;Una carreggiata a senso unico di marcia;Asciutto;Asfaltata;Verticale ed orizzontale;Sereno;Intenso;Buona;Ore Diurne;0;0;0;4;12.42161;41.80982;-1;2;Autocarro inferiore 35 q.;In marcia / fermata / arresto;Passeggero;M;Illeso;0;;Non accertato;Inesistente
3036739;15;02/11/2016 11:51;Strada Urbana;VIA PORTUENSE;in prossimità;;del civico n.;700;;Tamponamento;Curva a visuale libera;Due carreggiate;Asciutto;Asfaltata;Verticale ed orizzontale;Nuvoloso;Normale;Buona;Ore Diurne;0;0;0;3;12.43556;41.85242;-1;1;Autovettura privata;In marcia / fermata / arresto;Conducente;M;Illeso;0;;Non accertato;Inesploso
3036739;15;02/11/2016 11:51;Strada Urbana;VIA PORTUENSE;in prossimità;;del civico n.;700;;Tamponamento;Curva a visuale libera;Due carreggiate;Asciutto;Asfaltata;Verticale ed orizzontale;Nuvoloso;Normale;Buona;Ore Diurne;0;0;0;3;12.43556;41.85242;-1;2;Autovettura privata;In marcia / fermata / arresto;Conducente;M;Illeso;0;;Non accertato;Inesistente
3036739;15;02/11/2016 11:51;Strada Urbana;VIA PORTUENSE;in prossimità;;del civico n.;700;;Tamponamento;Curva a visuale libera;Due carreggiate;Asciutto;Asfaltata;Verticale ed orizzontale;Nuvoloso;Normale;Buona;Ore Diurne;0;0;0;3;12.43556;41.85242;-1;2;Autovettura privata;In marcia / fermata / arresto;Passeggero;M;Illeso;0;;Non accertato;Inesistente
3036747;7;01/11/2016 03:15;Strada Urbana;VIALE PALMIRO TOGLIATTI;da specificare;;;;IN PROSSIMITA' DI VIA CASTORE DURANTE;Tamponamento Multiplo;Rettilineo;Due carreggiate;Asciutto;Asfaltata;Verticale ed orizzontale;Sereno;Scarso;Buona;Sufficiente;1;0;0;4;12.57341;41.88769;-1;1;Autovettura privata;In marcia / fermata / arresto;Conducente;F;Illeso;0;;Non accertato;Inesploso
3036747;7;01/11/2016 03:15;Strada Urbana;VIALE PALMIRO TOGLIATTI;da specificare;;;;IN PROSSIMITA' DI VIA CASTORE DURANTE;Tamponamento Multiplo;Rettilineo;Due carreggiate;Asciutto;Asfaltata;Verticale ed orizzontale;Sereno;Scarso;Buona;Sufficiente;1;0;0;4;12.57341;41.88769;-1;1;Autovettura privata;In marcia / fermata / arresto;Passeggero;M;Illeso;0;;Non accertato;Inesploso
3036747;7;01/11/2016 03:15;Strada Urbana;VIALE PALMIRO TOGLIATTI;da specificare;;;;IN PROSSIMITA' DI VIA CASTORE DURANTE;Tamponamento Multiplo;Rettilineo;Due carreggiate;Asciutto;Asfaltata;Verticale ed orizzontale;Sereno;Scarso;Buona;Sufficiente;1;0;0;4;12.57341;41.88769;-1;2;Autovettura privata;In marcia / fermata / arresto;Conducente;M;Illeso;0;;Non accertato;Inesploso
3036747;7;01/11/2016 03:15;Strada Urbana;VIALE PALMIRO TOGLIATTI;da specificare;;;;IN PROSSIMITA' DI VIA CASTORE DURANTE;Tamponamento Multiplo;Rettilineo;Due carreggiate;Asciutto;Asfaltata;Verticale ed orizzontale;Sereno;Scarso;Buona;Sufficiente;1;0;0;4;12.57341;41.88769;-1;2;Autovettura privata;In marcia / fermata / arresto;Passeggero;F;Rimandato;0;NON DECEDUTO;Non accertato;Inesploso
3036747;7;01/11/2016 03:15;Strada Urbana;VIALE PALMIRO TOGLIATTI;da specificare;;;;IN PROSSIMITA' DI VIA CASTORE DURANTE;Tamponamento Multiplo;Rettilineo;Due carreggiate;Asciutto;Asfaltata;Verticale ed orizzontale;Sereno;Scarso;Buona;Sufficiente;1;0;0;4;12.57341;41.88769;-1;3;Autovettura privata;In marcia / fermata / arresto;Conducente;M;Illeso;0;;Non accertato;Inesploso
3036757;1;01/11/2016 18:13;Strada Urbana;VIA CAPO D'AFRICA;all'intersezione con;VIA OSTILIA;VIA OSTILIA;;;Scontro frontale/laterale DX fra veicoli in marcia;Incrocio;Una carreggiata a senso unico di marcia;Asciutto;Asfaltata;Verticale ed orizzontale;Sereno;Normale;Sufficiente;Sufficiente;1;0;0;1;12.4958;41.88865;-1;1;Ciclomotore;In marcia / fermata / arresto;Conducente;M;Rimandato;0;NON DECEDUTO;Non accertato;
3036757;1;01/11/2016 18:13;Strada Urbana;VIA CAPO D'AFRICA;all'intersezione con;VIA OSTILIA;VIA OSTILIA;;;Scontro frontale/laterale DX fra veicoli in marcia;Incrocio;Una carreggiata a senso unico di marcia;Asciutto;Asfaltata;Verticale ed orizzontale;Sereno;Normale;Sufficiente;Sufficiente;1;0;0;1;12.4958;41.88865;-1;2;Autocarro inferiore 35 q.;In marcia / fermata / arresto;Conducente;M;Illeso;0;;Non accertato;
3036761;17;01/11/2016 00:20;Strada Urbana;VIA TRIONFALE;all'intersezione con;VIA TOMMASO CAMPANELLA;VIA TOMMASO CAMPANELLA;;;Scontro laterale fra veicoli in marcia;Incrocio;Una carreggiata a senso unico di marcia;Asciutto;Asfaltata;Verticale ed orizzontale;Sereno;Scarso;Sufficiente;Sufficiente;2;0;0;2;12.45384;41.91113;-1;1;Autovettura privata;In marcia / fermata / arresto;Conducente;M;Illeso;0;;;
3036761;17;01/11/2016 00:20;Strada Urbana;VIA TRIONFALE;all'intersezione con;VIA TOMMASO CAMPANELLA;VIA TOMMASO CAMPANELLA;;;Scontro laterale fra veicoli in marcia;Incrocio;Una carreggiata a senso unico di marcia;Asciutto;Asfaltata;Verticale ed orizzontale;Sereno;Scarso;Sufficiente;Sufficiente;2;0;0;2;12.45384;41.91113;-1;1;Autovettura privata;In marcia / fermata / arresto;Passeggero;F;Illeso;0;;Utilizzato;Inesploso
3036761;17;01/11/2016 00:20;Strada Urbana;VIA TRIONFALE;all'intersezione con;VIA TOMMASO CAMPANELLA;VIA TOMMASO CAMPANELLA;;;Scontro laterale fra veicoli in marcia;Incrocio;Una carreggiata a senso unico di marcia;Asciutto;Asfaltata;Verticale ed orizzontale;Sereno;Scarso;Sufficiente;Sufficiente;2;0;0;2;12.45384;41.91113;-1;2;Quadriciclo leggero;In marcia / fermata / arresto;Conducente;F;Rimandato;0;NON DECEDUTO;;
3036761;17;01/11/2016 00:20;Strada Urbana;VIA TRIONFALE;all'intersezione con;VIA TOMMASO CAMPANELLA;VIA TOMMASO CAMPANELLA;;;Scontro laterale fra veicoli in marcia;Incrocio;Una carreggiata a senso unico di marcia;Asciutto;Asfaltata;Verticale ed orizzontale;Sereno;Scarso;Sufficiente;Sufficiente;2;0;0;2;12.45384;41.91113;-1;2;Quadriciclo leggero;In marcia / fermata / arresto;Passeggero;F;Rimandato;0;NON DECEDUTO;Utilizzato;
3036805;6;02/11/2016 12:10;Strada Urbana;PIAZZA CABALLINI;da specificare;;;;fr.civ.39;Investimento di pedone;Rettilineo;Più di due carreggiate;Asciutto;Asfaltata;Verticale ed orizzontale;Nuvoloso;Normale;Buona;Ore Diurne;1;0;0;2;12.52062;41.89138;-1;;;;Pedone;F;Rimandato;0;NON DECEDUTO;;
3036805;6;02/11/2016 12:10;Strada Urbana;PIAZZA CABALLINI;da specificare;;;;fr.civ.39;Investimento di pedone;Rettilineo;Più di due carreggiate;Asciutto;Asfaltata;Verticale ed orizzontale;Nuvoloso;Normale;Buona;Ore Diurne;1;0;0;2;12.52062;41.89138;-1;1;Autovettura di polizia;In marcia / fermata / arresto;Conducente;M;Illeso;0;;Non accertato;Inesploso
3036805;6;02/11/2016 12:10;Strada Urbana;PIAZZA CABALLINI;da specificare;;;;fr.civ.39;Investimento di pedone;Rettilineo;Più di due carreggiate;Asciutto;Asfaltata;Verticale ed orizzontale;Nuvoloso;Normale;Buona;Ore Diurne;1;0;0;2;12.52062;41.89138;-1;1;Autovettura di polizia;In marcia / fermata / arresto;Passeggero;M;Illeso;0;;Non accertato;Inesploso
3036867;12;01/11/2016 18:00;Strada Urbana;VIALE DELL'OCEANO PACIFICO;da specificare;;;;fronte Città d'Europa;Scontro frontale/laterale SX fra veicoli in marcia;Rettilineo;Una carreggiata a doppio senso;Asciutto;Asfaltata;Verticale ed orizzontale;Sereno;Scarso;Buona;Sufficiente;0;0;0;3;12.456;41.82562;-1;1;Autovettura privata;In marcia / fermata / arresto;Conducente;M;Illeso;0;;Non accertato;Inesploso
3036867;12;01/11/2016 18:00;Strada Urbana;VIALE DELL'OCEANO PACIFICO;da specificare;;;;fronte Città d'Europa;Scontro frontale/laterale SX fra veicoli in marcia;Rettilineo;Una carreggiata a doppio senso;Asciutto;Asfaltata;Verticale ed orizzontale;Sereno;Scarso;Buona;Sufficiente;0;0;0;3;12.456;41.82562;-1;1;Autovettura privata;In marcia / fermata / arresto;Passeggero;F;Illeso;0;;Utilizzato;Inesploso
3036867;12;01/11/2016 18:00;Strada Urbana;VIALE DELL'OCEANO PACIFICO;da specificare;;;;fronte Città d'Europa;Scontro frontale/laterale SX fra veicoli in marcia;Rettilineo;Una carreggiata a doppio senso;Asciutto;Asfaltata;Verticale ed orizzontale;Sereno;Scarso;Buona;Sufficiente;0;0;0;3;12.456;41.82562;-1;2;Autovettura privata;In marcia / fermata / arresto;Conducente;F;Illeso;0;;Utilizzato;Inesploso
3036957;13;01/11/2016 18:30;Strada Urbana;VIA DI MACCHIA SAPONARA;all'intersezione con;VIA CORINNA;VIA CORINNA;;;Scontro frontale/laterale DX fra veicoli in marcia;Incrocio;Due carreggiate;Asciutto;Asfaltata;Verticale ed orizzontale;Sereno;Normale;Sufficiente;Sufficiente;2;0;0;0;12.35879;41.7656;-1;1;Autovettura privata;In marcia / fermata / arresto;Conducente;M;Rifiuta cure immediate;0;NON DECEDUTO;Non accertato;Inesploso
3036957;13;01/11/2016 18:30;Strada Urbana;VIA DI MACCHIA SAPONARA;all'intersezione con;VIA CORINNA;VIA CORINNA;;;Scontro frontale/laterale DX fra veicoli in marcia;Incrocio;Due carreggiate;Asciutto;Asfaltata;Verticale ed orizzontale;Sereno;Normale;Sufficiente;Sufficiente;2;0;0;0;12.35879;41.7656;-1;1;Autovettura privata;In marcia / fermata / arresto;Passeggero;M;Rifiuta cure immediate;0;NON DECEDUTO;Non accertato;Inesploso
3036974;6;02/11/2016 14:05;Strada Urbana;VIA DI TOR PIGNATTARA;all'intersezione con;VIA DEGLI ANGELI;VIA DEGLI ANGELI;;;Scontro frontale/laterale DX fra veicoli in marcia;Incrocio;Una carreggiata a doppio senso;Asciutto;Asfaltata;Verticale ed orizzontale;Nuvoloso;Normale;Buona;Ore Diurne;0;0;0;4;12.54114;41.87424;-1;1;Autovettura privata;In marcia / fermata / arresto;Conducente;M;Illeso;0;;Non accertato;Inesploso
3036974;6;02/11/2016 14:05;Strada Urbana;VIA DI TOR PIGNATTARA;all'intersezione con;VIA DEGLI ANGELI;VIA DEGLI ANGELI;;;Scontro frontale/laterale DX fra veicoli in marcia;Incrocio;Una carreggiata a doppio senso;Asciutto;Asfaltata;Verticale ed orizzontale;Nuvoloso;Normale;Buona;Ore Diurne;0;0;0;4;12.54114;41.87424;-1;1;Autovettura privata;In marcia / fermata / arresto;Passeggero;F;Illeso;0;;Non accertato;Inesploso
3036974;6;02/11/2016 14:05;Strada Urbana;VIA DI TOR PIGNATTARA;all'intersezione con;VIA DEGLI ANGELI;VIA DEGLI ANGELI;;;Scontro frontale/laterale DX fra veicoli in marcia;Incrocio;Una carreggiata a doppio senso;Asciutto;Asfaltata;Verticale ed orizzontale;Nuvoloso;Normale;Buona;Ore Diurne;0;0;0;4;12.54114;41.87424;-1;1;Autovettura privata;In marcia / fermata / arresto;Passeggero;F;Illeso;0;;Non accertato;Inesploso
3036974;6;02/11/2016 14:05;Strada Urbana;VIA DI TOR PIGNATTARA;all'intersezione con;VIA DEGLI ANGELI;VIA DEGLI ANGELI;;;Scontro frontale/laterale DX fra veicoli in marcia;Incrocio;Una carreggiata a doppio senso;Asciutto;Asfaltata;Verticale ed orizzontale;Nuvoloso;Normale;Buona;Ore Diurne;0;0;0;4;12.54114;41.87424;-1;2;Autovettura privata;In marcia / fermata / arresto;Conducente;M;Illeso;0;;Non accertato;Inesploso
3037031;18;02/11/2016 09:10;Strada Urbana;VIA DI BOCCEA;in prossimità;;del civico n.;633 B;;Scontro frontale/laterale SX fra veicoli in marcia;Rettilineo;Una carreggiata a doppio senso;Asciutto;Asfaltata;Verticale ed orizzontale;Sereno;Intenso;Buona;Ore Diurne;0;0;0;2;12.37614;41.92071;-1;1;Motociclo a solo;In marcia / fermata / arresto;Conducente;M;Illeso;0;;;
3037031;18;02/11/2016 09:10;Strada Urbana;VIA DI BOCCEA;in prossimità;;del civico n.;633 B;;Scontro frontale/laterale SX fra veicoli in marcia;Rettilineo;Una carreggiata a doppio senso;Asciutto;Asfaltata;Verticale ed orizzontale;Sereno;Intenso;Buona;Ore Diurne;0;0;0;2;12.37614;41.92071;-1;2;Autovettura privata;In marcia / fermata / arresto;Conducente;F;Illeso;0;;;
3037191;9;02/11/2016 15:10;Strada Urbana;VIA APPIA NUOVA;da specificare;;;;FRONTE CIVICO 803 (CARREGGIATA DIREZIONE GRA);Tamponamento Multiplo;Rettilineo;Due carreggiate;Bagnato (pioggia);Asfaltata;Verticale ed orizzontale;Nuvoloso;Normale;Buona;Ore Diurne;1;0;0;2;12.55812;41.82889;-1;1;Autocarro inferiore 35 q.;In marcia / fermata / arresto;Conducente;M;Illeso;0;;Utilizzato;Inesploso
3037191;9;02/11/2016 15:10;Strada Urbana;VIA APPIA NUOVA;da specificare;;;;FRONTE CIVICO 803 (CARREGGIATA DIREZIONE GRA);Tamponamento Multiplo;Rettilineo;Due carreggiate;Bagnato (pioggia);Asfaltata;Verticale ed orizzontale;Nuvoloso;Normale;Buona;Ore Diurne;1;0;0;2;12.55812;41.82889;-1;2;Autovettura privata;In marcia / fermata / arresto;Conducente;M;Rimandato;0;NON DECEDUTO;;
3037191;9;02/11/2016 15:10;Strada Urbana;VIA APPIA NUOVA;da specificare;;;;FRONTE CIVICO 803 (CARREGGIATA DIREZIONE GRA);Tamponamento Multiplo;Rettilineo;Due carreggiate;Bagnato (pioggia);Asfaltata;Verticale ed orizzontale;Nuvoloso;Normale;Buona;Ore Diurne;1;0;0;2;12.55812;41.82889;-1;3;Autovettura privata;In marcia / fermata / arresto;Conducente;M;Illeso;0;;Utilizzato;Inesploso
3037413;7;02/11/2016 17:55;Strada Urbana;VIA CASILINA;all'intersezione con;VIA CARLO DE' MARCHESETTI;VIA CARLO DE' MARCHESETTI;;;Tamponamento Multiplo;Incrocio;Una carreggiata a doppio senso;Bagnato (pioggia);Asfaltata;Verticale ed orizzontale;Nuvoloso;Normale;Buona;Sufficiente;0;0;0;3;12.58441;41.86936;-1;1;Autovettura privata;In marcia / fermata / arresto;Conducente;F;Illeso;0;;Non accertato;Inesploso
3037413;7;02/11/2016 17:55;Strada Urbana;VIA CASILINA;all'intersezione con;VIA CARLO DE' MARCHESETTI;VIA CARLO DE' MARCHESETTI;;;Tamponamento Multiplo;Incrocio;Una carreggiata a doppio senso;Bagnato (pioggia);Asfaltata;Verticale ed orizzontale;Nuvoloso;Normale;Buona;Sufficiente;0;0;0;3;12.58441;41.86936;-1;2;Autovettura privata;In marcia / fermata / arresto;Conducente;M;Illeso;0;;Non accertato;Inesploso
3037413;7;02/11/2016 17:55;Strada Urbana;VIA CASILINA;all'intersezione con;VIA CARLO DE' MARCHESETTI;VIA CARLO DE' MARCHESETTI;;;Tamponamento Multiplo;Incrocio;Una carreggiata a doppio senso;Bagnato (pioggia);Asfaltata;Verticale ed orizzontale;Nuvoloso;Normale;Buona;Sufficiente;0;0;0;3;12.58441;41.86936;-1;3;Autovettura privata;In marcia / fermata / arresto;Conducente;F;Illeso;0;;Non accertato;Inesploso
3037417;15;02/11/2016 14:10;Strada Urbana;VIA PORTUENSE;all'intersezione con;VIA DI POZZO PANTALEO;VIA DI POZZO PANTALEO;;;Scontro frontale/laterale SX fra veicoli in marcia;Intersezione semaforizzata;Due carreggiate;Asciutto;Asfaltata;Verticale ed orizzontale;Nuvoloso;Normale;Buona;Ore Diurne;1;0;0;1;12.46388;41.86672;-1;1;Autocarro inferiore 35 q.;In marcia / fermata / arresto;Conducente;M;Illeso;0;;Non accertato;Inesploso
3037417;15;02/11/2016 14:10;Strada Urbana;VIA PORTUENSE;all'intersezione con;VIA DI POZZO PANTALEO;VIA DI POZZO PANTALEO;;;Scontro frontale/laterale SX fra veicoli in marcia;Intersezione semaforizzata;Due carreggiate;Asciutto;Asfaltata;Verticale ed orizzontale;Nuvoloso;Normale;Buona;Ore Diurne;1;0;0;1;12.46388;41.86672;-1;2;Motociclo a solo;In marcia / fermata / arresto;Conducente;M;Rimandato;0;NON DECEDUTO;Utilizzato;
3037653;9;02/11/2016 17:35;Strada Urbana;VIA FONTI DEL CLITUNNO;in prossimità;;del civico n.;13;;Investimento di pedone;Rettilineo;Una carreggiata a doppio senso;Asciutto;Asfaltata;Verticale ed orizzontale;Sereno;Scarso;Buona;Insufficiente;1;0;0;1;12.52748;41.8768;-1;;;;Pedone;F;Rimandato;0;NON DECEDUTO;;
3037653;9;02/11/2016 17:35;Strada Urbana;VIA FONTI DEL CLITUNNO;in prossimità;;del civico n.;13;;Investimento di pedone;Rettilineo;Una carreggiata a doppio senso;Asciutto;Asfaltata;Verticale ed orizzontale;Sereno;Scarso;Buona;Insufficiente;1;0;0;1;12.52748;41.8768;-1;1;Autovettura privata;In marcia / fermata / arresto;Conducente;M;Illeso;0;;Utilizzato;Inesploso
3037668;9;02/11/2016 18:15;Strada Urbana;VIA DELL'ARCO DI TRAVERTINO;all'intersezione con;VIA CASTRO DEI VOLSCI;VIA CASTRO DEI VOLSCI;;;Scontro frontale/laterale DX fra veicoli in marcia;Incrocio;Una carreggiata a senso unico di marcia;Asciutto;Asfaltata;Verticale ed orizzontale;Sereno;Scarso;Sufficiente;Sufficiente;0;0;0;5;12.53621;41.86738;-1;1;Autovettura privata;In marcia / fermata / arresto;Conducente;F;Illeso;0;;Non accertato;Inesploso
3037668;9;02/11/2016 18:15;Strada Urbana;VIA DELL'ARCO DI TRAVERTINO;all'intersezione con;VIA CASTRO DEI VOLSCI;VIA CASTRO DEI VOLSCI;;;Scontro frontale/laterale DX fra veicoli in marcia;Incrocio;Una carreggiata a senso unico di marcia;Asciutto;Asfaltata;Verticale ed orizzontale;Sereno;Scarso;Sufficiente;Sufficiente;0;0;0;5;12.53621;41.86738;-1;1;Autovettura privata;In marcia / fermata / arresto;Passeggero;F;Illeso;0;;Non accertato;Inesploso
3037668;9;02/11/2016 18:15;Strada Urbana;VIA DELL'ARCO DI TRAVERTINO;all'intersezione con;VIA CASTRO DEI VOLSCI;VIA CASTRO DEI VOLSCI;;;Scontro frontale/laterale DX fra veicoli in marcia;Incrocio;Una carreggiata a senso unico di marcia;Asciutto;Asfaltata;Verticale ed orizzontale;Sereno;Scarso;Sufficiente;Sufficiente;0;0;0;5;12.53621;41.86738;-1;1;Autovettura privata;In marcia / fermata / arresto;Passeggero;F;Illeso;0;;Non accertato;Inesploso
3037668;9;02/11/2016 18:15;Strada Urbana;VIA DELL'ARCO DI TRAVERTINO;all'intersezione con;VIA CASTRO DEI VOLSCI;VIA CASTRO DEI VOLSCI;;;Scontro frontale/laterale DX fra veicoli in marcia;Incrocio;Una carreggiata a senso unico di marcia;Asciutto;Asfaltata;Verticale ed orizzontale;Sereno;Scarso;Sufficiente;Sufficiente;0;0;0;5;12.53621;41.86738;-1;1;Autovettura privata;In marcia / fermata / arresto;Passeggero;F;Illeso;0;;Non accertato;Inesploso
3037668;9;02/11/2016 18:15;Strada Urbana;VIA DELL'ARCO DI TRAVERTINO;all'intersezione con;VIA CASTRO DEI VOLSCI;VIA CASTRO DEI VOLSCI;;;Scontro frontale/laterale DX fra veicoli in marcia;Incrocio;Una carreggiata a senso unico di marcia;Asciutto;Asfaltata;Verticale ed orizzontale;Sereno;Scarso;Sufficiente;Sufficiente;0;0;0;5;12.53621;41.86738;-1;2;Autovettura privata;In marcia / fermata / arresto;Conducente;M;Illeso;0;;Non accertato;Inesploso