Protocollo;Gruppo;DataOraIncidente;Localizzazione1;STRADA1;Localizzazione2;STRADA2;Strada02;Chilometrica;DaSpecificare;NaturaIncidente;particolaritastrade;TipoStrada;FondoStradale;Pavimentazione;Segnaletica;CondizioneAtmosferica;Traffico;Visibilita;Illuminazione;NUM_FERITI;NUM_RISERVATA;NUM_MORTI;NUM_ILLESI;Longitudine;Latitudine;Confermato;Progressivo;TipoVeicolo;StatoVeicolo;TipoPersona;Sesso;Tipolesione;Deceduto;DecedutoDopo;CinturaCascoUtilizzato;Airbag
3039485;6;03/11/2016 17:35;Strada Urbana;VIALE DELLA PRIMAVERA;da specificare;;;;ALTEZZA CENTRO COMMERCIALE;Scontro laterale fra veicoli in marcia;Rettilineo;Due carreggiate;Asciutto;Asfaltata;Verticale ed orizzontale;Nuvoloso;Normale;Buona;Sufficiente;0;0;0;4;12.56044;41.88148;-1;2;Autovettura privata;In marcia / fermata / arresto;Conducente;M;Illeso;0;;;
3039485;6;03/11/2016 17:35;Strada Urbana;VIALE DELLA PRIMAVERA;da specificare;;;;ALTEZZA CENTRO COMMERCIALE;Scontro laterale fra veicoli in marcia;Rettilineo;Due carreggiate;Asciutto;Asfaltata;Verticale ed orizzontale;Nuvoloso;Normale;Buona;Sufficiente;0;0;0;4;12.56044;41.88148;-1;2;Autovettura privata;In marcia / fermata / arresto;Passeggero;F;Illeso;0;;;
3039498;2;03/11/2016 16:30;Strada Urbana;PIAZZALE PAOLINA BORGHESE;da specificare;;;;alt. VIA C.F. BERNADOTTE;Scontro laterale fra veicoli in marcia;Rettilineo;Una carreggiata a doppio senso;Asciutto;Asfaltata;Verticale ed orizzontale;Nuvoloso;Normale;Buona;Ore Diurne;0;0;0;3;12.48078;41.91529;-1;1;Autovettura pubblica;In marcia / fermata / arresto;Conducente;M;Illeso;0;;Non accertato;Inesploso
3039498;2;03/11/2016 16:30;Strada Urbana;PIAZZALE PAOLINA BORGHESE;da specificare;;;;alt. VIA C.F. BERNADOTTE;Scontro laterale fra veicoli in marcia;Rettilineo;Una carreggiata a doppio senso;Asciutto;Asfaltata;Verticale ed orizzontale;Nuvoloso;Normale;Buona;Ore Diurne;0;0;0;3;12.48078;41.91529;-1;2;Autocarro inferiore 35 q.;In marcia / fermata / arresto;Conducente;M;Illeso;0;;;
3039498;2;03/11/2016 16:30;Strada Urbana;PIAZZALE PAOLINA BORGHESE;da specificare;;;;alt. VIA C.F. BERNADOTTE;Scontro laterale fra veicoli in marcia;Rettilineo;Una carreggiata a doppio senso;Asciutto;Asfaltata;Verticale ed orizzontale;Nuvoloso;Normale;Buona;Ore Diurne;0;0;0;3;12.48078;41.91529;-1;2;Autocarro inferiore 35 q.;In marcia / fermata / arresto;Passeggero;M;Illeso;0;;Non accertato;Inesploso
3039500;20;03/11/2016 18:15;Strada Urbana;VIA FLAMINIA;da specificare;;;;"pross. variamnte Flaminia alt. fermata ""La Celsa""";Veicolo in marcia contro ostacolo accidentale;Rettilineo;Una carreggiata a senso unico di marcia;Asciutto;Asfaltata;Assente;Nuvoloso;Normale;Insufficiente;Inesistente;0;0;0;3;12.47183;41.94192;-1;1;Autovettura privata;In marcia / fermata / arresto;Conducente;F;Illeso;0;;;
3039500;20;03/11/2016 18:15;Strada Urbana;VIA FLAMINIA;da specificare;;;;"pross. variamnte Flaminia alt. fermata ""La Celsa""";Veicolo in marcia contro ostacolo accidentale;Rettilineo;Una carreggiata a senso unico di marcia;Asciutto;Asfaltata;Assente;Nuvoloso;Normale;Insufficiente;Inesistente;0;0;0;3;12.47183;41.94192;-1;1;Autovettura privata;In marcia / fermata / arresto;Passeggero;M;Illeso;0;;;
3039500;20;03/11/2016 18:15;Strada Urbana;VIA FLAMINIA;da specificare;;;;"pross. variamnte Flaminia alt. fermata ""La Celsa""";Veicolo in marcia contro ostacolo accidentale;Rettilineo;Una carreggiata a senso unico di marcia;Asciutto;Asfaltata;Assente;Nuvoloso;Normale;Insufficiente;Inesistente;0;0;0;3;12.47183;41.94192;-1;1;Autovettura privata;In marcia / fermata / arresto;Passeggero;M;Illeso;0;;;
3039508;4;03/11/2016 09:45;Strada Urbana;VIA VAL DI SANGRO;all'intersezione con;VIALE VAL PADANA;VIALE VAL PADANA;;;Investimento di pedone;Incrocio;Una carreggiata a doppio senso;Asciutto;Asfaltata;Verticale ed orizzontale;Sereno;Normale;Buona;Ore Diurne;1;0;0;1;12.52189;41.9446;-1;;;;Pedone;F;Rimandato;0;NON DECEDUTO;;
3039508;4;03/11/2016 09:45;Strada Urbana;VIA VAL DI SANGRO;all'intersezione con;VIALE VAL PADANA;VIALE VAL PADANA;;;Investimento di pedone;Incrocio;Una carreggiata a doppio senso;Asciutto;Asfaltata;Verticale ed orizzontale;Sereno;Normale;Buona;Ore Diurne;1;0;0;1;12.52189;41.9446;-1;1;Autovettura privata;In marcia / fermata / arresto;Conducente;M;Illeso;0;;Non accertato;Inesploso
3039509;2;03/11/2016 10:30;Strada Urbana;VIA HOMS;in corrispondenza;;del civico n.;30;;Scontro laterale fra veicoli in marcia;Rettilineo;Una carreggiata a senso unico di marcia;Asciutto;Asfaltata;Verticale ed orizzontale;Sereno;Scarso;Buona;Ore Diurne;0;0;0;1;12.52238;41.92937;-1;1;Autovettura privata;In marcia / fermata / arresto;Conducente;F;Illeso;0;;;
3039512;12;03/11/2016 05:30;Altra strada;VIA DEL MARE;da specificare;;;;strada di congiunzione con Via del Cappellaccio;Veicolo in marcia contro ostacolo fisso;Rettilineo;Una carreggiata a doppio senso;Bagnato (pioggia);Con buche;Assente;Pioggia in atto;Scarso;Sufficiente;Ore Diurne;0;0;0;1;12.45753;41.83589;-1;1;Autocarro inferiore 35 q.;In marcia / fermata / arresto;Conducente;M;Illeso;0;;Non accertato;Inesploso
3039513;2;03/11/2016 18:10;Strada Urbana;VIA NOMENTANA;all'intersezione con;VIA DELLA BATTERIA NOMENTANA;VIA DELLA BATTERIA NOMENTANA;;;Investimento di pedone;Intersezione semaforizzata;Più di due carreggiate;Asciutto;Asfaltata;Verticale ed orizzontale;Nuvoloso;Intenso;Buona;Ore Diurne;2;0;0;0;12.52011;41.92272;-1;;;;Pedone;F;Rimandato;0;NON DECEDUTO;;
3039513;2;03/11/2016 18:10;Strada Urbana;VIA NOMENTANA;all'intersezione con;VIA DELLA BATTERIA NOMENTANA;VIA DELLA BATTERIA NOMENTANA;;;Investimento di pedone;Intersezione semaforizzata;Più di due carreggiate;Asciutto;Asfaltata;Verticale ed orizzontale;Nuvoloso;Intenso;Buona;Ore Diurne;2;0;0;0;12.52011;41.92272;-1;1;Motociclo a solo;In marcia / fermata / arresto;Conducente;M;Rimandato;0;NON DECEDUTO;Non accertato;
3039530;10;03/11/2016 09:30;Strada Urbana;VIA ANAGNINA;da specificare;;;;sottopasso IKEA dir. GRA;Veicolo in marcia contro ostacolo accidentale;Sottopasso illuminato;Due carreggiate;Bagnato (pioggia);Asfaltata;Verticale ed orizzontale;Pioggia in atto;Intenso;Sufficiente;Ore Diurne;1;0;0;0;12.59588;41.83241;-1;1;Autovettura privata;In marcia / fermata / arresto;Conducente;F;Rimandato;0;NON DECEDUTO;Non accertato;Inesploso
3039533;9;04/11/2016 08:20;Strada Urbana;VIA DELLE CAVE;all'intersezione semaforizzata con;LARGO VOLUMNIA;LARGO VOLUMNIA;;;Tamponamento;Intersezione semaforizzata;Due carreggiate;Asciutto;Asfaltata;Verticale ed orizzontale;Nuvoloso;Normale;Buona;Ore Diurne;1;0;0;1;12.53347;41.87193;-1;1;Motociclo a solo;Allontanatosi;Conducente;M;Illeso;0;;;
3039533;9;04/11/2016 08:20;Strada Urbana;VIA DELLE CAVE;all'intersezione semaforizzata con;LARGO VOLUMNIA;LARGO VOLUMNIA;;;Tamponamento;Intersezione semaforizzata;Due carreggiate;Asciutto;Asfaltata;Verticale ed orizzontale;Nuvoloso;Normale;Buona;Ore Diurne;1;0;0;1;12.53347;41.87193;-1;2;Motociclo a solo;In marcia / fermata / arresto;Conducente;M;Rimandato;0;NON DECEDUTO;Non accertato;
3039538;16;03/11/2016 16:15;Strada Urbana;VIALE DI TRASTEVERE;in prossimità;;del civico n.;158;;Scontro laterale fra veicoli in marcia;Rettilineo;Più di due carreggiate;Asciutto;Asfaltata;Verticale ed orizzontale;Sereno;Normale;Buona;Ore Diurne;1;0;0;0;12.46556;41.87972;-1;1;Velocipede;In marcia / fermata / arresto;Conducente;M;Rimandato;0;NON DECEDUTO;Esente;
3039561;8;03/11/2016 15:25;Strada Urbana;VIA MONTPELLIER;da specificare;;;;pros. capolinea Atac linea 500;Scontro frontale/laterale DX fra veicoli in marcia;Rettilineo;Una carreggiata a doppio senso;Asciutto;Asfaltata;Verticale ed orizzontale;Sereno;Normale;Sufficiente;Ore Diurne;0;0;0;4;12.63141;41.8561;-1;1;Autovettura privata;In marcia / fermata / arresto;Conducente;F;Illeso;0;;Non accertato;Inesploso
3039561;8;03/11/2016 15:25;Strada Urbana;VIA MONTPELLIER;da specificare;;;;pros. capolinea Atac linea 500;Scontro frontale/laterale DX fra veicoli in marcia;Rettilineo;Una carreggiata a doppio senso;Asciutto;Asfaltata;Verticale ed orizzontale;Sereno;Normale;Sufficiente;Ore Diurne;0;0;0;4;12.63141;41.8561;-1;1;Autovettura privata;In marcia / fermata / arresto;Passeggero;F;Illeso;0;;Non accertato;Inesploso
3039561;8;03/11/2016 15:25;Strada Urbana;VIA MONTPELLIER;da specificare;;;;pros. capolinea Atac linea 500;Scontro frontale/laterale DX fra veicoli in marcia;Rettilineo;Una carreggiata a doppio senso;Asciutto;Asfaltata;Verticale ed orizzontale;Sereno;Normale;Sufficiente;Ore Diurne;0;0;0;4;12.63141;41.8561;-1;2;Autovettura privata;In marcia / fermata / arresto;Conducente;M;Illeso;0;;Non accertato;Inesploso
3039561;8;03/11/2016 15:25;Strada Urbana;VIA MONTPELLIER;da specificare;;;;pros. capolinea Atac linea 500;Scontro frontale/laterale DX fra veicoli in marcia;Rettilineo;Una carreggiata a doppio senso;Asciutto;Asfaltata;Verticale ed orizzontale;Sereno;Normale;Sufficiente;Ore Diurne;0;0;0;4;12.63141;41.8561;-1;2;Autovettura privata;In marcia / fermata / arresto;Passeggero;F;Illeso;0;;Non accertato;Inesploso
3039570;8;04/11/2016 03:15;Strada Urbana;VIA AVOLA;in prossimità;;del civico n.;139;;Veicolo in marcia contro veicoli in sosta;Rettilineo;Una carreggiata a doppio senso;Asciutto;Asfaltata;Assente;Nuvoloso;Scarso;Sufficiente;Insufficiente;2;0;0;1;12.65905;41.882;-1;1;Autovettura privata;In marcia / fermata / arresto;Conducente;M;Illeso;0;;Non utilizzato;Inesploso
3039570;8;04/11/2016 03:15;Strada Urbana;VIA AVOLA;in prossimità;;del civico n.;139;;Veicolo in marcia contro veicoli in sosta;Rettilineo;Una carreggiata a doppio senso;Asciutto;Asfaltata;Assente;Nuvoloso;Scarso;Sufficiente;Insufficiente;2;0;0;1;12.65905;41.882;-1;2;Autovettura di polizia;In marcia / fermata / arresto;Conducente;M;Rifiuta cure immediate;0;NON DECEDUTO;Non accertato;Inesploso
3039570;8;04/11/2016 03:15;Strada Urbana;VIA AVOLA;in prossimità;;del civico n.;139;;Veicolo in marcia contro veicoli in sosta;Rettilineo;Una carreggiata a doppio senso;Asciutto;Asfaltata;Assente;Nuvoloso;Scarso;Sufficiente;Insufficiente;2;0;0;1;12.65905;41.882;-1;2;Autovettura di polizia;In marcia / fermata / arresto;Passeggero;M;Rifiuta cure immediate;0;NON DECEDUTO;Non accertato;Inesploso
3039572;8;03/11/2016 14:30;Strada Urbana;VIA ROCCAFLUVIONE;in prossimità;;del civico n.;48;;Veicolo in marcia contro veicolo in sosta;Rettilineo;Una carreggiata a doppio senso;Asciutto;Asfaltata;Verticale;Sereno;Scarso;Buona;Ore Diurne;0;0;0;1;12.72863;41.91498;-1;2;Autovettura privata;In marcia / fermata / arresto;Conducente;M;Illeso;0;;Non accertato;Inesploso
3039578;8;03/11/2016 20:00;Strada Urbana;VIA DELLE AMADRIADI;da specificare;;;;via atlante;Scontro laterale fra veicoli in marcia;Rettilineo;Una carreggiata a senso unico di marcia;Asciutto;Strada pavimentata dissestata;Assente;Sereno;Normale;Sufficiente;Sufficiente;1;0;0;1;12.61661;41.87842;-1;1;Autovettura privata;In marcia / fermata / arresto;Conducente;M;Illeso;0;;Non accertato;Inesploso
3039578;8;03/11/2016 20:00;Strada Urbana;VIA DELLE AMADRIADI;da specificare;;;;via atlante;Scontro laterale fra veicoli in marcia;Rettilineo;Una carreggiata a senso unico di marcia;Asciutto;Strada pavimentata dissestata;Assente;Sereno;Normale;Sufficiente;Sufficiente;1;0;0;1;12.61661;41.87842;-1;2;Ciclomotore;In marcia / fermata / arresto;Conducente;M;Rimandato;0;NON DECEDUTO;Non accertato;
3039587;8;03/11/2016 13:15;Strada Urbana;VIA MONSIGNOR PIETRO ORSI;in prossimità;;del civico n.;27;;Veicolo in marcia contro ostacolo accidentale;Rettilineo;Una carreggiata a doppio senso;Asciutto;Asfaltata;Verticale ed orizzontale;Nuvoloso;Normale;Sufficiente;Ore Diurne;0;0;0;1;12.67039;41.90536;-1;1;Autovettura privata;In marcia / fermata / arresto;Conducente;F;Illeso;0;;Non accertato;Inesploso
3039592;12;03/11/2016 08:45;Provinciale;VIA LAURENTINA;in prossimità;;della chilometrica;17.2;;Veicolo in marcia contro ostacolo fisso;Curva senza visuale libera;Una carreggiata a doppio senso;Bagnato (pioggia);Asfaltata;Temporanea di cantiere;Pioggia in atto;Scarso;Buona;Ore Diurne;0;0;0;1;12.48147;41.8018;-1;1;Autosnodato;In marcia / fermata / arresto;Conducente;M;Illeso;0;;Non accertato;Inesploso
3039593;8;03/11/2016 08:40;Strada Urbana;VIA MATTE' TRUCCO;in prossimità;;del civico n.;87;;Tamponamento;Rettilineo;Una carreggiata a senso unico alternato;Bagnato (umidità in atto);Asfaltata;Verticale ed orizzontale;Nuvoloso;Scarso;Buona;Ore Diurne;0;0;0;1;12.65938;41.90207;-1;1;Autovettura privata;In marcia / fermata / arresto;Conducente;M;Illeso;0;;Non accertato;Inesploso
3039600;8;03/11/2016 08:30;Strada Urbana;VIA ANDREA NOALE;da specificare;;;;178-182;Fuoriuscita dalla sede stradale;Rettilineo;Una carreggiata a doppio senso;Bagnato (pioggia);Asfaltata;Verticale ed orizzontale;Nuvoloso;Normale;Buona;Ore Diurne;0;0;0;1;12.6243;41.91539;-1;1;Autovettura privata;In marcia / fermata / arresto;Conducente;F;Illeso;0;;Non accertato;Inesploso
3039602;10;03/11/2016 18:45;Statale;VIA APPIA NUOVA;da specificare;;;;alt. GRA (dir. Appia-Ciampino-Albano);Scontro laterale fra veicoli in marcia;Rettilineo;Due carreggiate;Asciutto;Asfaltata;Verticale ed orizzontale;Sereno;Normale;Sufficiente;Sufficiente;0;0;0;2;12.57326;41.81189;-1;1;Autovettura privata;In marcia / fermata / arresto;Conducente;F;Illeso;0;;Non accertato;Inesploso
3039602;10;03/11/2016 18:45;Statale;VIA APPIA NUOVA;da specificare;;;;alt. GRA (dir. Appia-Ciampino-Albano);Scontro laterale fra veicoli in marcia;Rettilineo;Due carreggiate;Asciutto;Asfaltata;Verticale ed orizzontale;Sereno;Normale;Sufficiente;Sufficiente;0;0;0;2;12.57326;41.81189;-1;2;Motrice;In marcia / fermata / arresto;Conducente;M;Illeso;0;;Non accertato;Inesploso
3039604;8;03/11/2016 11:30;Strada Urbana;VIA MONTPELLIER;da specificare;;;;area privata facoltà di medicina e chirurgia;Scontro laterale fra veicoli in marcia;Rettilineo;Una carreggiata a doppio senso;Asciutto;Asfaltata;Orizzontale;Nuvoloso;Normale;Buona;Ore Diurne;0;0;0;2;12.63245;41.85594;-1;1;Autovettura privata;In marcia / fermata / arresto;Conducente;M;Illeso;0;;Non accertato;Inesploso
3039604;8;03/11/2016 11:30;Strada Urbana;VIA MONTPELLIER;da specificare;;;;area privata facoltà di medicina e chirurgia;Scontro laterale fra veicoli in marcia;Rettilineo;Una carreggiata a doppio senso;Asciutto;Asfaltata;Orizzontale;Nuvoloso;Normale;Buona;Ore Diurne;0;0;0;2;12.63245;41.85594;-1;2;Autovettura privata;In marcia / fermata / arresto;Conducente;F;Illeso;0;;Non accertato;Inesploso
3039605;10;03/11/2016 16:30;Strada Urbana;VIALE PALMIRO TOGLIATTI;in prossimità;;del civico n.;51;;Veicolo in marcia contro veicolo fermo;Rettilineo;Due carreggiate;Asciutto;Asfaltata;Verticale ed orizzontale;Nuvoloso;Normale;Buona;Ore Diurne;1;0;0;2;12.57091;41.85581;-1;1;Autovettura privata;In marcia / fermata / arresto;Conducente;M;Illeso;0;;;
3039605;10;03/11/2016 16:30;Strada Urbana;VIALE PALMIRO TOGLIATTI;in prossimità;;del civico n.;51;;Veicolo in marcia contro veicolo fermo;Rettilineo;Due carreggiate;Asciutto;Asfaltata;Verticale ed orizzontale;Nuvoloso;Normale;Buona;Ore Diurne;1;0;0;2;12.57091;41.85581;-1;1;Autovettura privata;In marcia / fermata / arresto;Passeggero;F;Illeso;0;;Non accertato;
3039605;10;03/11/2016 16:30;Strada Urbana;VIALE PALMIRO TOGLIATTI;in prossimità;;del civico n.;51;;Veicolo in marcia contro veicolo fermo;Rettilineo;Due carreggiate;Asciutto;Asfaltata;Verticale ed orizzontale;Nuvoloso;Normale;Buona;Ore Diurne;1;0;0;2;12.57091;41.85581;-1;2;Velocipede;In marcia / fermata / arresto;Conducente;M;Rimandato;0;NON DECEDUTO;Esente;
3039608;8;03/11/2016 09:45;Strada Urbana;VIA MOTTA CAMASTRA;in prossimità;;del civico n.;84;;Veicolo in marcia contro ostacolo accidentale;Rettilineo;Una carreggiata a doppio senso;Bagnato (umidità in atto);Asfaltata;Orizzontale;Nuvoloso;Normale;Buona;Ore Diurne;0;0;0;1;12.68333;41.86628;-1;1;Autovettura privata;In marcia / fermata / arresto;Conducente;M;Illeso;0;;Non accertato;Inesploso
3039610;8;03/11/2016 08:50;Statale entro l'abitato;VIA CASILINA;da specificare;;;;fronte palo luce 828;Tamponamento;Rettilineo;Una carreggiata a doppio senso;Bagnato (pioggia);Asfaltata;Orizzontale;Nuvoloso;Normale;Buona;Ore Diurne;0;0;0;2;12.645;41.86235;-1;1;Autobus di linea;In marcia / fermata / arresto;Conducente;M;Illeso;0;;Non accertato;Inesploso
3039610;8;03/11/2016 08:50;Statale entro l'abitato;VIA CASILINA;da specificare;;;;fronte palo luce 828;Tamponamento;Rettilineo;Una carreggiata a doppio senso;Bagnato (pioggia);Asfaltata;Orizzontale;Nuvoloso;Normale;Buona;Ore Diurne;0;0;0;2;12.645;41.86235;-1;2;Autovettura privata;In marcia / fermata / arresto;Conducente;M;Illeso;0;;Non accertato;Inesploso
3039617;8;03/11/2016 09:15;Strada Urbana;VIALE DELLA SORBONA;da specificare;;;;direzione PTV;Veicolo in marcia contro ostacolo fisso;Curva a visuale libera;Una carreggiata a doppio senso;Asciutto;Asfaltata;Verticale ed orizzontale;Nuvoloso;Normale;Buona;Ore Diurne;0;0;0;1;12.61209;41.85466;-1;1;Autovettura privata;In marcia / fermata / arresto;Conducente;F;Illeso;0;;Non accertato;Inesploso
3039639;19;04/11/2016 06:55;Strada Urbana;VIA DI TORREVECCHIA;all'intersezione con;VIA GIOVANNI NICOLETTI;VIA GIOVANNI NICOLETTI;;;Scontro frontale/laterale SX fra veicoli in marcia;Incrocio;Una carreggiata a doppio senso;Asciutto;Asfaltata;Verticale ed orizzontale;Sereno;Normale;Buona;Ore Diurne;0;0;0;2;12.41049;41.92113;-1;1;Autovettura privata;In marcia / fermata / arresto;Conducente;M;Illeso;0;;Non accertato;Inesploso
3039639;19;04/11/2016 06:55;Strada Urbana;VIA DI TORREVECCHIA;all'intersezione con;VIA GIOVANNI NICOLETTI;VIA GIOVANNI NICOLETTI;;;Scontro frontale/laterale SX fra veicoli in marcia;Incrocio;Una carreggiata a doppio senso;Asciutto;Asfaltata;Verticale ed orizzontale;Sereno;Normale;Buona;Ore Diurne;0;0;0;2;12.41049;41.92113;-1;2;Autovettura privata;In marcia / fermata / arresto;Conducente;F;Illeso;0;;Non accertato;Inesploso
3039661;20;04/11/2016 09:00;Regionale entro l'abitato;VIA CASSIA;in prossimità;;del civico n.;1298;;Investimento di pedone;Rettilineo;Una carreggiata a doppio senso;Asciutto;Asfaltata;Verticale ed orizzontale;Nuvoloso;Normale;Buona;Ore Diurne;1;0;0;2;12.40656;41.98531;-1;;;;Pedone;M;Rimandato;0;NON DECEDUTO;;
3039661;20;04/11/2016 09:00;Regionale entro l'abitato;VIA CASSIA;in prossimità;;del civico n.;1298;;Investimento di pedone;Rettilineo;Una carreggiata a doppio senso;Asciutto;Asfaltata;Verticale ed orizzontale;Nuvoloso;Normale;Buona;Ore Diurne;1;0;0;2;12.40656;41.98531;-1;1;Motociclo con passeggero;In marcia / fermata / arresto;Conducente;F;Illeso;0;;Utilizzato;
3039661;20;04/11/2016 09:00;Regionale entro l'abitato;VIA CASSIA;in prossimità;;del civico n.;1298;;Investimento di pedone;Rettilineo;Una carreggiata a doppio senso;Asciutto;Asfaltata;Verticale ed orizzontale;Nuvoloso;Normale;Buona;Ore Diurne;1;0;0;2;12.40656;41.98531;-1;1;Motociclo con passeggero;In marcia / fermata / arresto;Passeggero;M;Illeso;0;;Non accertato;
3039688;12;03/11/2016 11:00;Strada Urbana;VIA CRISTOFORO COLOMBO;da specificare;;;;direzione Roma altezza Viale Africa;Tamponamento;Rettilineo;Due carreggiate;Asciutto;Asfaltata;Verticale ed orizzontale;Sereno;Intenso;Buona;Ore Diurne;0;0;0;2;12.4689;41.82644;-1;1;Autovettura privata;In marcia / fermata / arresto;Conducente;M;Illeso;0;;Utilizzato;Inesploso
3039688;12;03/11/2016 11:00;Strada Urbana;VIA CRISTOFORO COLOMBO;da specificare;;;;direzione Roma altezza Viale Africa;Tamponamento;Rettilineo;Due carreggiate;Asciutto;Asfaltata;Verticale ed orizzontale;Sereno;Intenso;Buona;Ore Diurne;0;0;0;2;12.4689;41.82644;-1;2;Autovettura privata;In marcia / fermata / arresto;Conducente;F;Illeso;0;;Utilizzato;Inesploso
3039691;1;04/11/2016 09:40;Strada Urbana;VIA DELLA GRECA;in prossimità;;del civico n.;11;;Veicolo in marcia contro ostacolo accidentale;Rettilineo;Una carreggiata a doppio senso;Viscido da liquidi oleosi;Asfaltata;Verticale ed orizzontale;Nuvoloso;Intenso;Buona;Ore Diurne;0;0;0;1;12.48173;41.88745;-1;1;Ciclomotore;In marcia / fermata / arresto;Conducente;F;Illeso;0;;Non accertato;
3039719;19;04/11/2016 07:50;Strada Urbana;VIA PASQUALE II;in corrispondenza;;del civico n.;271;;Scontro frontale/laterale DX fra veicoli in marcia;Rettilineo;Una carreggiata a doppio senso;Asciutto;Asfaltata;Assente;Sereno;Intenso;Buona;Ore Diurne;1;0;0;1;12.41005;41.91072;-1;1;Autovettura privata;In marcia / fermata / arresto;Conducente;F;Illeso;0;;Non accertato;Inesistente
3039719;19;04/11/2016 07:50;Strada Urbana;VIA PASQUALE II;in corrispondenza;;del civico n.;271;;Scontro frontale/laterale DX fra veicoli in marcia;Rettilineo;Una carreggiata a doppio senso;Asciutto;Asfaltata;Assente;Sereno;Intenso;Buona;Ore Diurne;1;0;0;1;12.41005;41.91072;-1;2;Motociclo a solo;In marcia / fermata / arresto;Conducente;M;Ricoverato;0;NON DECEDUTO;Non accertato;
3039731;12;03/11/2016 12:30;Statale;VIA OSTIENSE;da specificare;;;;altezza rotatoria Via del Mare;Scontro laterale fra veicoli in marcia;Rotatoria;Due carreggiate;Asciutto;Asfaltata;Verticale ed orizzontale;Nuvoloso;Normale;Buona;Ore Diurne;0;0;0;3;12.42161;41.80982;-1;1;Autovettura privata;In marcia / fermata / arresto;Conducente;M;Illeso;0;;Non accertato;Inesploso
3039731;12;03/11/2016 12:30;Statale;VIA OSTIENSE;da specificare;;;;altezza rotatoria Via del Mare;Scontro laterale fra veicoli in marcia;Rotatoria;Due carreggiate;Asciutto;Asfaltata;Verticale ed orizzontale;Nuvoloso;Normale;Buona;Ore Diurne;0;0;0;3;12.42161;41.80982;-1;2;Autovettura privata;In marcia / fermata / arresto;Conducente;M;Illeso;0;;Utilizzato;Inesploso
3039731;12;03/11/2016 12:30;Statale;VIA OSTIENSE;da specificare;;;;altezza rotatoria Via del Mare;Scontro laterale fra veicoli in marcia;Rotatoria;Due carreggiate;Asciutto;Asfaltata;Verticale ed orizzontale;Nuvoloso;Normale;Buona;Ore Diurne;0;0;0;3;12.42161;41.80982;-1;2;Autovettura privata;In marcia / fermata / arresto;Passeggero;F;Illeso;0;;Utilizzato;Inesploso
3039741;4;03/11/2016 14:40;Provinciale entro l'abitato;VIA NOMENTANA;all'intersezione con;VIA ETTORE ROMAGNOLI;VIA ETTORE ROMAGNOLI;;;Tamponamento;Incrocio;Una carreggiata a doppio senso;Asciutto;Asfaltata;Verticale ed orizzontale;Sereno;Normale;Buona;Ore Diurne;0;0;0;4;12.55238;41.94111;-1;1;Autovettura privata;In marcia / fermata / arresto;Conducente;M;Illeso;0;;;
3039741;4;03/11/2016 14:40;Provinciale entro l'abitato;VIA NOMENTANA;all'intersezione con;VIA ETTORE ROMAGNOLI;VIA ETTORE ROMAGNOLI;;;Tamponamento;Incrocio;Una carreggiata a doppio senso;Asciutto;Asfaltata;Verticale ed orizzontale;Sereno;Normale;Buona;Ore Diurne;0;0;0;4;12.55238;41.94111;-1;1;Autovettura privata;In marcia / fermata / arresto;Passeggero;F;Illeso;0;;;
3039741;4;03/11/2016 14:40;Provinciale entro l'abitato;VIA NOMENTANA;all'intersezione con;VIA ETTORE ROMAGNOLI;VIA ETTORE ROMAGNOLI;;;Tamponamento;Incrocio;Una carreggiata a doppio senso;Asciutto;Asfaltata;Verticale ed orizzontale;Sereno;Normale;Buona;Ore Diurne;0;0;0;4;12.55238;41.94111;-1;2;Autovettura privata;In marcia / fermata / arresto;Conducente;F;Illeso;0;;;
3039741;4;03/11/2016 14:40;Provinciale entro l'abitato;VIA NOMENTANA;all'intersezione con;VIA ETTORE ROMAGNOLI;VIA ETTORE ROMAGNOLI;;;Tamponamento;Incrocio;Una carreggiata a doppio senso;Asciutto;Asfaltata;Verticale ed orizzontale;Sereno;Normale;Buona;Ore Diurne;0;0;0;4;12.55238;41.94111;-1;2;Autovettura privata;In marcia / fermata / arresto;Passeggero;M;Illeso;0;;;
3039767;4;03/11/2016 16:15;Statale;VIA SALARIA;in prossimità;;della chilometrica;16.2;;Tamponamento Multiplo;Rettilineo;Una carreggiata a doppio senso;Asciutto;Asfaltata;Verticale ed orizzontale;Nuvoloso;Normale;Buona;Ore Diurne;0;0;0;5;12.50623;41.96277;-1;1;Autovettura privata;In marcia / fermata / arresto;Conducente;F;Illeso;0;;;
3039767;4;03/11/2016 16:15;Statale;VIA SALARIA;in prossimità;;della chilometrica;16.2;;Tamponamento Multiplo;Rettilineo;Una carreggiata a doppio senso;Asciutto;Asfaltata;Verticale ed orizzontale;Nuvoloso;Normale;Buona;Ore Diurne;0;0;0;5;12.50623;41.96277;-1;2;Autovettura privata;In marcia / fermata / arresto;Conducente;M;Illeso;0;;;
3039767;4;03/11/2016 16:15;Statale;VIA SALARIA;in prossimità;;della chilometrica;16.2;;Tamponamento Multiplo;Rettilineo;Una carreggiata a doppio senso;Asciutto;Asfaltata;Verticale ed orizzontale;Nuvoloso;Normale;Buona;Ore Diurne;0;0;0;5;12.50623;41.96277;-1;3;Autocarro inferiore 35 q.;In marcia / fermata / arresto;Conducente;M;Illeso;0;;;
3039767;4;03/11/2016 16:15;Statale;VIA SALARIA;in prossimità;;della chilometrica;16.2;;Tamponamento Multiplo;Rettilineo;Una carreggiata a doppio senso;Asciutto;Asfaltata;Verticale ed orizzontale;Nuvoloso;Normale;Buona;Ore Diurne;0;0;0;5;12.50623;41.96277;-1;4;Autovettura privata;In marcia / fermata / arresto;Conducente;F;Illeso;0;;;