Protocollo;Gruppo;DataOraIncidente;Localizzazione1;STRADA1;Localizzazione2;STRADA2;Strada02;Chilometrica;DaSpecificare;NaturaIncidente;particolaritastrade;TipoStrada;FondoStradale;Pavimentazione;Segnaletica;CondizioneAtmosferica;Traffico;Visibilita;Illuminazione;NUM_FERITI;NUM_RISERVATA;NUM_MORTI;NUM_ILLESI;Longitudine;Latitudine;Confermato;Progressivo;TipoVeicolo;StatoVeicolo;TipoPersona;Sesso;Tipolesione;Deceduto;DecedutoDopo;CinturaCascoUtilizzato;Airbag
3043223;5;06/11/2016 17:30;Strada Urbana;VIA GIUSEPPE ANTONIO ANDRIULLI;da specificare;;;;altezza A24 direzione Prenestina;Veicolo in marcia contro ostacolo accidentale;Rettilineo;Due carreggiate;Bagnato (pioggia);Asfaltata;Orizzontale;Vento forte;Normale;Sufficiente;Sufficiente;0;0;0;1;12.55695;41.90297;-1;1;Autovettura privata;In marcia / fermata / arresto;Conducente;M;Illeso;0;;Non accertato;Inesploso
3043231;5;06/11/2016 21:30;Strada Urbana;VIA AVOLA;in prossimità;;del civico n.;31;;Fuoriuscita dalla sede stradale;Rettilineo;Una carreggiata a doppio senso;Bagnato (pioggia);Asfaltata;Orizzontale;Nuvoloso;Scarso;Sufficiente;Sufficiente;0;0;1;0;12.65813;41.88957;-1;1;Motociclo a solo;In marcia / fermata / arresto;Conducente;M;Deceduto durante trasporto;-1;;Non accertato;
3043234;18;04/11/2016 16:45;Strada Urbana;VIA AURELIA;in corrispondenza;;del civico n.;472;;Scontro laterale fra veicoli in marcia;Rettilineo;Una carreggiata a doppio senso;Asciutto;Asfaltata;Verticale ed orizzontale;Nuvoloso;Normale;Buona;Ore Diurne;1;0;0;1;12.42468;41.8985;-1;1;Autovettura privata;In marcia / fermata / arresto;Conducente;M;Illeso;0;;Non accertato;Inesploso
3043234;18;04/11/2016 16:45;Strada Urbana;VIA AURELIA;in corrispondenza;;del civico n.;472;;Scontro laterale fra veicoli in marcia;Rettilineo;Una carreggiata a doppio senso;Asciutto;Asfaltata;Verticale ed orizzontale;Nuvoloso;Normale;Buona;Ore Diurne;1;0;0;1;12.42468;41.8985;-1;2;Motociclo a solo;In marcia / fermata / arresto;Conducente;M;Rifiuta cure immediate;0;NON DECEDUTO;Non accertato;
3043235;18;05/11/2016 16:30;Strada Urbana;VIA AUGUSTO PERSICHETTI;da specificare;;;;in prossimità di Via Aurelia;Scontro laterale fra veicoli in marcia;Rettilineo;Una carreggiata a doppio senso;Asciutto;Asfaltata;Verticale ed orizzontale;Nuvoloso;Scarso;Buona;Ore Diurne;0;0;0;2;12.34126;41.88609;-1;1;Autovettura privata;In marcia / fermata / arresto;Conducente;M;Illeso;0;;Non accertato;Inesploso
3043235;18;05/11/2016 16:30;Strada Urbana;VIA AUGUSTO PERSICHETTI;da specificare;;;;in prossimità di Via Aurelia;Scontro laterale fra veicoli in marcia;Rettilineo;Una carreggiata a doppio senso;Asciutto;Asfaltata;Verticale ed orizzontale;Nuvoloso;Scarso;Buona;Ore Diurne;0;0;0;2;12.34126;41.88609;-1;2;Autovettura privata;In marcia / fermata / arresto;Conducente;F;Illeso;0;;Non accertato;Inesploso
3043246;18;04/11/2016 18:00;Strada Urbana;VIA PIO IX;all'intersezione con;VIA DEL FORTE BOCCEA;VIA DEL FORTE BOCCEA;;;Scontro frontale/laterale DX fra veicoli in marcia;Incrocio;Una carreggiata a senso unico di marcia;Asciutto;Asfaltata;Verticale ed orizzontale;Nuvoloso;Normale;Buona;Sufficiente;0;0;0;3;12.42374;41.90745;-1;1;Autovettura privata;In marcia / fermata / arresto;Conducente;M;Illeso;0;;Non accertato;Inesploso
3043246;18;04/11/2016 18:00;Strada Urbana;VIA PIO IX;all'intersezione con;VIA DEL FORTE BOCCEA;VIA DEL FORTE BOCCEA;;;Scontro frontale/laterale DX fra veicoli in marcia;Incrocio;Una carreggiata a senso unico di marcia;Asciutto;Asfaltata;Verticale ed orizzontale;Nuvoloso;Normale;Buona;Sufficiente;0;0;0;3;12.42374;41.90745;-1;1;Autovettura privata;In marcia / fermata / arresto;Passeggero;F;Illeso;0;;Non accertato;Inesploso
3043246;18;04/11/2016 18:00;Strada Urbana;VIA PIO IX;all'intersezione con;VIA DEL FORTE BOCCEA;VIA DEL FORTE BOCCEA;;;Scontro frontale/laterale DX fra veicoli in marcia;Incrocio;Una carreggiata a senso unico di marcia;Asciutto;Asfaltata;Verticale ed orizzontale;Nuvoloso;Normale;Buona;Sufficiente;0;0;0;3;12.42374;41.90745;-1;2;Autovettura privata;In marcia / fermata / arresto;Conducente;M;Illeso;0;;Non accertato;Inesploso
3043249;11;05/11/2016 13:50;Strada Urbana;VIA LAURENTINA;in corrispondenza;;del civico n.;400;;Veicolo in marcia contro veicoli in arresto;Rettilineo;Due carreggiate;Asciutto;Asfaltata;Verticale ed orizzontale;Nuvoloso;Normale;Buona;Ore Diurne;0;0;0;3;12.48096;41.83449;-1;1;Autovettura privata;In marcia / fermata / arresto;Conducente;F;Illeso;0;;Non accertato;
3043249;11;05/11/2016 13:50;Strada Urbana;VIA LAURENTINA;in corrispondenza;;del civico n.;400;;Veicolo in marcia contro veicoli in arresto;Rettilineo;Due carreggiate;Asciutto;Asfaltata;Verticale ed orizzontale;Nuvoloso;Normale;Buona;Ore Diurne;0;0;0;3;12.48096;41.83449;-1;2;Autovettura privata;In marcia / fermata / arresto;Conducente;M;Illeso;0;;Non accertato;
3043249;11;05/11/2016 13:50;Strada Urbana;VIA LAURENTINA;in corrispondenza;;del civico n.;400;;Veicolo in marcia contro veicoli in arresto;Rettilineo;Due carreggiate;Asciutto;Asfaltata;Verticale ed orizzontale;Nuvoloso;Normale;Buona;Ore Diurne;0;0;0;3;12.48096;41.83449;-1;3;Autovettura privata;In marcia / fermata / arresto;Conducente;M;Illeso;0;;;
3043257;11;05/11/2016 16:20;Strada Urbana;VIA DI S. PETRONILLA;all'intersezione con;VIA FLAVIA TIZIANA;VIA FLAVIA TIZIANA;;;Scontro frontale/laterale DX fra veicoli in marcia;Intersezione non regolata/non segnalata;Una carreggiata a doppio senso;Asciutto;Asfaltata;Verticale ed orizzontale;Nuvoloso;Normale;Buona;Ore Diurne;0;0;0;3;12.49983;41.85774;-1;1;Autovettura privata;In marcia / fermata / arresto;Conducente;M;Illeso;0;;Non accertato;Inesploso
3043257;11;05/11/2016 16:20;Strada Urbana;VIA DI S. PETRONILLA;all'intersezione con;VIA FLAVIA TIZIANA;VIA FLAVIA TIZIANA;;;Scontro frontale/laterale DX fra veicoli in marcia;Intersezione non regolata/non segnalata;Una carreggiata a doppio senso;Asciutto;Asfaltata;Verticale ed orizzontale;Nuvoloso;Normale;Buona;Ore Diurne;0;0;0;3;12.49983;41.85774;-1;1;Autovettura privata;In marcia / fermata / arresto;Passeggero;M;Illeso;0;;;Inesploso
3043257;11;05/11/2016 16:20;Strada Urbana;VIA DI S. PETRONILLA;all'intersezione con;VIA FLAVIA TIZIANA;VIA FLAVIA TIZIANA;;;Scontro frontale/laterale DX fra veicoli in marcia;Intersezione non regolata/non segnalata;Una carreggiata a doppio senso;Asciutto;Asfaltata;Verticale ed orizzontale;Nuvoloso;Normale;Buona;Ore Diurne;0;0;0;3;12.49983;41.85774;-1;2;Autovettura privata;In marcia / fermata / arresto;Conducente;M;Illeso;0;;Non accertato;Inesploso
3043260;5;05/11/2016 18:30;Strada Urbana;VIA FILIPPO MEDA;in prossimità;;del civico n.;11;;Veicolo in marcia contro ostacolo accidentale;Rettilineo;Una carreggiata a doppio senso;Asciutto;Asfaltata;Verticale ed orizzontale;Vento forte;Normale;Buona;Sufficiente;0;0;0;1;12.54042;41.9128;-1;1;Autovettura privata;In marcia / fermata / arresto;Conducente;M;Illeso;0;;Non accertato;Inesploso
3043267;5;06/11/2016 13:00;Strada Urbana;NUOVA CIRCONVALLAZIONE INTERNA;da specificare;;;;svincolo di Portonaccio;Veicolo in marcia contro ostacolo fisso;Curva senza visuale libera;Due carreggiate;Bagnato (pioggia);Asfaltata;Verticale ed orizzontale;Pioggia in atto;Normale;Buona;Ore Diurne;0;0;0;1;12.5339;41.90803;-1;1;Autovettura privata;In marcia / fermata / arresto;Conducente;M;Illeso;0;;Non accertato;Inesploso
3043271;18;04/11/2016 17:50;Strada Urbana;VIA AURELIA;in corrispondenza;;del civico n.;523;;Scontro laterale fra veicoli in marcia;Rettilineo;Una carreggiata a doppio senso;Asciutto;Asfaltata;Verticale ed orizzontale;Sereno;Intenso;Buona;Sufficiente;0;0;0;5;12.42222;41.89749;-1;1;Autobus turistico;In marcia / fermata / arresto;Conducente;M;Illeso;0;;;
3043271;18;04/11/2016 17:50;Strada Urbana;VIA AURELIA;in corrispondenza;;del civico n.;523;;Scontro laterale fra veicoli in marcia;Rettilineo;Una carreggiata a doppio senso;Asciutto;Asfaltata;Verticale ed orizzontale;Sereno;Intenso;Buona;Sufficiente;0;0;0;5;12.42222;41.89749;-1;2;Autovettura privata;In marcia / fermata / arresto;Conducente;M;Illeso;0;;;
3043271;18;04/11/2016 17:50;Strada Urbana;VIA AURELIA;in corrispondenza;;del civico n.;523;;Scontro laterale fra veicoli in marcia;Rettilineo;Una carreggiata a doppio senso;Asciutto;Asfaltata;Verticale ed orizzontale;Sereno;Intenso;Buona;Sufficiente;0;0;0;5;12.42222;41.89749;-1;2;Autovettura privata;In marcia / fermata / arresto;Passeggero;F;Illeso;0;;;
3043271;18;04/11/2016 17:50;Strada Urbana;VIA AURELIA;in corrispondenza;;del civico n.;523;;Scontro laterale fra veicoli in marcia;Rettilineo;Una carreggiata a doppio senso;Asciutto;Asfaltata;Verticale ed orizzontale;Sereno;Intenso;Buona;Sufficiente;0;0;0;5;12.42222;41.89749;-1;2;Autovettura privata;In marcia / fermata / arresto;Passeggero;F;Illeso;0;;;
3043271;18;04/11/2016 17:50;Strada Urbana;VIA AURELIA;in corrispondenza;;del civico n.;523;;Scontro laterale fra veicoli in marcia;Rettilineo;Una carreggiata a doppio senso;Asciutto;Asfaltata;Verticale ed orizzontale;Sereno;Intenso;Buona;Sufficiente;0;0;0;5;12.42222;41.89749;-1;2;Autovettura privata;In marcia / fermata / arresto;Passeggero;F;Illeso;0;;;
3043274;5;06/11/2016 15:15;Strada Urbana;VIALE KANT;da specificare;;;;alt. curva mercato Casal de Pazzi;Veicolo in marcia contro ostacolo fisso;Curva senza visuale libera;Due carreggiate;Bagnato (pioggia);Asfaltata;Orizzontale;Pioggia in atto;Normale;Buona;Ore Diurne;0;0;0;1;12.55337;41.93673;-1;1;Autovettura privata;In marcia / fermata / arresto;Conducente;M;Illeso;0;;Non accertato;Inesploso
3043282;5;06/11/2016 17:50;Strada Urbana;VIALE KANT;da specificare;;;;alt.rotatoria fronte via Comte dir.Casal de Pazzi;Veicolo in marcia contro ostacolo accidentale;Rettilineo;Una carreggiata a senso unico di marcia;Bagnato (pioggia);Asfaltata;Orizzontale;Pioggia in atto;Normale;Sufficiente;Sufficiente;0;0;0;3;12.55566;41.9328;-1;1;Autovettura privata;In marcia / fermata / arresto;Conducente;M;Illeso;0;;Non accertato;Inesploso
3043282;5;06/11/2016 17:50;Strada Urbana;VIALE KANT;da specificare;;;;alt.rotatoria fronte via Comte dir.Casal de Pazzi;Veicolo in marcia contro ostacolo accidentale;Rettilineo;Una carreggiata a senso unico di marcia;Bagnato (pioggia);Asfaltata;Orizzontale;Pioggia in atto;Normale;Sufficiente;Sufficiente;0;0;0;3;12.55566;41.9328;-1;1;Autovettura privata;In marcia / fermata / arresto;Passeggero;M;Illeso;0;;Non accertato;Inesploso
3043282;5;06/11/2016 17:50;Strada Urbana;VIALE KANT;da specificare;;;;alt.rotatoria fronte via Comte dir.Casal de Pazzi;Veicolo in marcia contro ostacolo accidentale;Rettilineo;Una carreggiata a senso unico di marcia;Bagnato (pioggia);Asfaltata;Orizzontale;Pioggia in atto;Normale;Sufficiente;Sufficiente;0;0;0;3;12.55566;41.9328;-1;1;Autovettura privata;In marcia / fermata / arresto;Passeggero;M;Illeso;0;;Non accertato;Inesploso
3043315;7;05/11/2016 00:30;Strada Urbana;VIA PRENESTINA;all'intersezione con;VIA MANFREDONIA;VIA MANFREDONIA;;;Scontro laterale fra veicoli in marcia;Incrocio;Una carreggiata a doppio senso;Asciutto;Asfaltata;Orizzontale;Sereno;Normale;Insufficiente;Inesistente;0;0;0;3;12.57689;41.8944;-1;1;Autovettura privata;In marcia / fermata / arresto;Conducente;M;Illeso;0;;Non accertato;Esploso
3043315;7;05/11/2016 00:30;Strada Urbana;VIA PRENESTINA;all'intersezione con;VIA MANFREDONIA;VIA MANFREDONIA;;;Scontro laterale fra veicoli in marcia;Incrocio;Una carreggiata a doppio senso;Asciutto;Asfaltata;Orizzontale;Sereno;Normale;Insufficiente;Inesistente;0;0;0;3;12.57689;41.8944;-1;2;Autovettura privata;In marcia / fermata / arresto;Conducente;M;Illeso;0;;Non accertato;Inesploso
3043315;7;05/11/2016 00:30;Strada Urbana;VIA PRENESTINA;all'intersezione con;VIA MANFREDONIA;VIA MANFREDONIA;;;Scontro laterale fra veicoli in marcia;Incrocio;Una carreggiata a doppio senso;Asciutto;Asfaltata;Orizzontale;Sereno;Normale;Insufficiente;Inesistente;0;0;0;3;12.57689;41.8944;-1;2;Autovettura privata;In marcia / fermata / arresto;Passeggero;M;Illeso;0;;Non accertato;Inesploso
3043320;8;05/11/2016 12:30;Strada Urbana;VIA ARAGONA;in corrispondenza;;del civico n.;4;;Veicolo in marcia contro ostacolo accidentale;Rettilineo;Una carreggiata a senso unico di marcia;Asciutto;Con buche;Verticale;Nuvoloso;Scarso;Buona;Ore Diurne;0;0;0;1;12.65167;41.86615;-1;1;Motociclo a solo;In marcia / fermata / arresto;Conducente;M;Illeso;0;;;
3043321;7;05/11/2016 15:10;Strada Urbana;VIA DEI FRASSINI;all'intersezione con;VIA DEI FAGGI;VIA DEI FAGGI;;;Scontro frontale/laterale SX fra veicoli in marcia;Incrocio;Una carreggiata a doppio senso;Asciutto;Asfaltata;Verticale ed orizzontale;Sereno;Normale;Buona;Ore Diurne;0;0;0;2;12.56811;41.88171;-1;1;Autovettura privata;In marcia / fermata / arresto;Conducente;F;Illeso;0;;;
3043321;7;05/11/2016 15:10;Strada Urbana;VIA DEI FRASSINI;all'intersezione con;VIA DEI FAGGI;VIA DEI FAGGI;;;Scontro frontale/laterale SX fra veicoli in marcia;Incrocio;Una carreggiata a doppio senso;Asciutto;Asfaltata;Verticale ed orizzontale;Sereno;Normale;Buona;Ore Diurne;0;0;0;2;12.56811;41.88171;-1;2;Vettura tranviaria;In marcia / fermata / arresto;Conducente;M;Illeso;0;;Esente;
3043322;11;05/11/2016 16:45;Strada Urbana;VIA FRANCESCO ACRI;in prossimità;;del civico n.;48;;Scontro frontale/laterale SX fra veicoli in marcia;Rettilineo;Due carreggiate;Asciutto;Asfaltata;Assente;Nuvoloso;Normale;Sufficiente;Ore Diurne;0;0;0;2;12.48357;41.84437;-1;1;Autovettura privata;In marcia / fermata / arresto;Conducente;F;Illeso;0;;Non accertato;Inesploso
3043322;11;05/11/2016 16:45;Strada Urbana;VIA FRANCESCO ACRI;in prossimità;;del civico n.;48;;Scontro frontale/laterale SX fra veicoli in marcia;Rettilineo;Due carreggiate;Asciutto;Asfaltata;Assente;Nuvoloso;Normale;Sufficiente;Ore Diurne;0;0;0;2;12.48357;41.84437;-1;2;Autovettura privata;In marcia / fermata / arresto;Conducente;M;Illeso;0;;Non accertato;Inesploso
3043324;8;05/11/2016 06:00;Strada Urbana;VIA CASILINA;all'intersezione con;VIA MUSSOMELI;VIA MUSSOMELI;;;Scontro frontale/laterale DX fra veicoli in marcia;Incrocio;Una carreggiata a doppio senso;Asciutto;Asfaltata;Verticale ed orizzontale;Sereno;Normale;Buona;Sufficiente;0;0;0;3;12.60933;41.86405;-1;1;Autovettura privata;In marcia / fermata / arresto;Conducente;M;Illeso;0;;Non accertato;Inesploso
3043324;8;05/11/2016 06:00;Strada Urbana;VIA CASILINA;all'intersezione con;VIA MUSSOMELI;VIA MUSSOMELI;;;Scontro frontale/laterale DX fra veicoli in marcia;Incrocio;Una carreggiata a doppio senso;Asciutto;Asfaltata;Verticale ed orizzontale;Sereno;Normale;Buona;Sufficiente;0;0;0;3;12.60933;41.86405;-1;1;Autovettura privata;In marcia / fermata / arresto;Passeggero;M;Illeso;0;;Non accertato;Inesploso
3043324;8;05/11/2016 06:00;Strada Urbana;VIA CASILINA;all'intersezione con;VIA MUSSOMELI;VIA MUSSOMELI;;;Scontro frontale/laterale DX fra veicoli in marcia;Incrocio;Una carreggiata a doppio senso;Asciutto;Asfaltata;Verticale ed orizzontale;Sereno;Normale;Buona;Sufficiente;0;0;0;3;12.60933;41.86405;-1;2;Autovettura privata;In marcia / fermata / arresto;Conducente;M;Illeso;0;;Non accertato;Inesploso
3043327;10;05/11/2016 02:50;Strada Urbana;VIA TUSCOLANA;da specificare;;;;in prossimità del civico n 1245-svolta via Gasperi;Scontro frontale/laterale DX fra veicoli in marcia;Rettilineo;Più di due carreggiate;Asciutto;Asfaltata;Verticale ed orizzontale;Sereno;Scarso;Buona;Insufficiente;1;0;0;1;12.6021;41.8363;-1;1;Autovettura privata;In marcia / fermata / arresto;Conducente;M;Illeso;0;;Non accertato;Inesploso
3043327;10;05/11/2016 02:50;Strada Urbana;VIA TUSCOLANA;da specificare;;;;in prossimità del civico n 1245-svolta via Gasperi;Scontro frontale/laterale DX fra veicoli in marcia;Rettilineo;Più di due carreggiate;Asciutto;Asfaltata;Verticale ed orizzontale;Sereno;Scarso;Buona;Insufficiente;1;0;0;1;12.6021;41.8363;-1;2;Autovettura privata;In marcia / fermata / arresto;Conducente;M;Rimandato;0;NON DECEDUTO;Non accertato;Esploso
3043332;8;06/11/2016 08:30;Strada Urbana;VIA DI LUNGHEZZINA;da specificare;;;;200 mt prima autostrada;Fuoriuscita dalla sede stradale;Rettilineo;Una carreggiata a doppio senso;Viscido da liquidi oleosi;Asfaltata;Orizzontale;Pioggia in atto;Scarso;Buona;Ore Diurne;1;0;0;0;12.67819;41.92641;-1;1;Autovettura privata;In marcia / fermata / arresto;Conducente;F;Rimandato;0;NON DECEDUTO;Non accertato;Inesploso
3043335;18;05/11/2016 09:15;Strada Urbana;VIA ENRICO BONDI;in corrispondenza;;del civico n.;33;;Veicolo in marcia contro veicolo in sosta;Rettilineo;Una carreggiata a doppio senso;Asciutto;Asfaltata;Verticale;Nuvoloso;Normale;Buona;Ore Diurne;0;0;0;1;12.38978;41.90427;-1;1;Autovettura privata;In marcia / fermata / arresto;Conducente;F;Illeso;0;;;
3043337;8;06/11/2016 09:05;Strada Urbana;VIA DI TOR BELLA MONACA;da specificare;;;;fronte uscita via Calimera;Tamponamento;Rettilineo;Due carreggiate;Asciutto;Strada pavimentata dissestata;Verticale ed orizzontale;Sereno;Normale;Buona;Ore Diurne;0;0;0;2;12.62389;41.87842;-1;1;Autovettura privata;In marcia / fermata / arresto;Conducente;M;Illeso;0;;Non accertato;Inesploso
3043337;8;06/11/2016 09:05;Strada Urbana;VIA DI TOR BELLA MONACA;da specificare;;;;fronte uscita via Calimera;Tamponamento;Rettilineo;Due carreggiate;Asciutto;Strada pavimentata dissestata;Verticale ed orizzontale;Sereno;Normale;Buona;Ore Diurne;0;0;0;2;12.62389;41.87842;-1;2;Autovettura privata;In marcia / fermata / arresto;Conducente;F;Illeso;0;;Non accertato;Inesploso
3043346;8;06/11/2016 13:00;Strada Urbana;VIA PRENESTINA;in prossimità;;del civico n.;1108;;Scontro frontale/laterale DX fra veicoli in marcia;Rettilineo;Una carreggiata a doppio senso;Bagnato (pioggia);Asfaltata;Verticale ed orizzontale;Pioggia in atto;Scarso;Buona;Ore Diurne;1;0;0;1;12.62061;41.89318;-1;1;Motociclo a solo;In marcia / fermata / arresto;Conducente;M;Rimandato;0;NON DECEDUTO;Non accertato;
3043346;8;06/11/2016 13:00;Strada Urbana;VIA PRENESTINA;in prossimità;;del civico n.;1108;;Scontro frontale/laterale DX fra veicoli in marcia;Rettilineo;Una carreggiata a doppio senso;Bagnato (pioggia);Asfaltata;Verticale ed orizzontale;Pioggia in atto;Scarso;Buona;Ore Diurne;1;0;0;1;12.62061;41.89318;-1;2;Autovettura privata;In marcia / fermata / arresto;Conducente;M;Illeso;0;;Non accertato;Inesploso
3043349;8;06/11/2016 17:00;Strada Urbana;VIA GIACOMO DE LARDEREL;in corrispondenza;;del civico n.;23;;Veicolo in marcia contro veicolo in sosta;Rettilineo;Una carreggiata a senso unico di marcia;Bagnato (pioggia);Asfaltata;Assente;Nuvoloso;Scarso;Buona;Sufficiente;0;0;0;1;12.63994;41.86642;-1;2;Autovettura privata;In marcia / fermata / arresto;Conducente;M;Illeso;0;;Non accertato;Inesploso
3043353;8;06/11/2016 19:10;Strada Urbana;VIA CASILINA;all'intersezione con;VIA DEL TORRACCIO DI TORRENOVA;VIA DEL TORRACCIO DI TORRENOVA;;;Investimento di pedone;Intersezione semaforizzata;Una carreggiata a doppio senso;Bagnato (pioggia);Asfaltata;Verticale ed orizzontale;Pioggia in atto;Normale;Sufficiente;Sufficiente;1;0;0;1;12.63243;41.86312;-1;;;;Pedone;M;Rimandato;0;NON DECEDUTO;;
3043353;8;06/11/2016 19:10;Strada Urbana;VIA CASILINA;all'intersezione con;VIA DEL TORRACCIO DI TORRENOVA;VIA DEL TORRACCIO DI TORRENOVA;;;Investimento di pedone;Intersezione semaforizzata;Una carreggiata a doppio senso;Bagnato (pioggia);Asfaltata;Verticale ed orizzontale;Pioggia in atto;Normale;Sufficiente;Sufficiente;1;0;0;1;12.63243;41.86312;-1;1;Autovettura privata;In marcia / fermata / arresto;Conducente;M;Illeso;0;;Non accertato;Inesploso
3043355;5;05/11/2016 12:00;Strada Urbana;VIA COLLI SUL VELINO;da specificare;;;;prossimità rotatoria Tiburtina;Scontro laterale fra veicoli in marcia;Rettilineo;Una carreggiata a doppio senso;Asciutto;Asfaltata;Verticale ed orizzontale;Sereno;Normale;Buona;Ore Diurne;0;0;0;5;12.62426;41.93755;-1;1;Autovettura privata;In marcia / fermata / arresto;Conducente;F;Illeso;0;;Non accertato;Inesploso
3043355;5;05/11/2016 12:00;Strada Urbana;VIA COLLI SUL VELINO;da specificare;;;;prossimità rotatoria Tiburtina;Scontro laterale fra veicoli in marcia;Rettilineo;Una carreggiata a doppio senso;Asciutto;Asfaltata;Verticale ed orizzontale;Sereno;Normale;Buona;Ore Diurne;0;0;0;5;12.62426;41.93755;-1;1;Autovettura privata;In marcia / fermata / arresto;Passeggero;F;Illeso;0;;Non accertato;Inesploso
3043355;5;05/11/2016 12:00;Strada Urbana;VIA COLLI SUL VELINO;da specificare;;;;prossimità rotatoria Tiburtina;Scontro laterale fra veicoli in marcia;Rettilineo;Una carreggiata a doppio senso;Asciutto;Asfaltata;Verticale ed orizzontale;Sereno;Normale;Buona;Ore Diurne;0;0;0;5;12.62426;41.93755;-1;1;Autovettura privata;In marcia / fermata / arresto;Passeggero;F;Illeso;0;;Non accertato;Inesploso
3043355;5;05/11/2016 12:00;Strada Urbana;VIA COLLI SUL VELINO;da specificare;;;;prossimità rotatoria Tiburtina;Scontro laterale fra veicoli in marcia;Rettilineo;Una carreggiata a doppio senso;Asciutto;Asfaltata;Verticale ed orizzontale;Sereno;Normale;Buona;Ore Diurne;0;0;0;5;12.62426;41.93755;-1;2;Autovettura privata;In marcia / fermata / arresto;Conducente;F;Illeso;0;;Non accertato;Inesploso
3043355;5;05/11/2016 12:00;Strada Urbana;VIA COLLI SUL VELINO;da specificare;;;;prossimità rotatoria Tiburtina;Scontro laterale fra veicoli in marcia;Rettilineo;Una carreggiata a doppio senso;Asciutto;Asfaltata;Verticale ed orizzontale;Sereno;Normale;Buona;Ore Diurne;0;0;0;5;12.62426;41.93755;-1;2;Autovettura privata;In marcia / fermata / arresto;Passeggero;M;Illeso;0;;Non accertato;Inesploso
3043356;20;05/11/2016 20:20;Strada Urbana;VIA DEL FORO ITALICO;da specificare;;;;dir Stadio 400 mt prima svincolo Tor di Quinto;Veicolo in marcia contro ostacolo accidentale;Rettilineo;Due carreggiate;Asciutto;Asfaltata;Orizzontale;Sereno;Normale;Sufficiente;Sufficiente;0;0;0;2;12.47938;41.94003;-1;1;Autovettura privata;In marcia / fermata / arresto;Conducente;F;Illeso;0;;Non accertato;
3043356;20;05/11/2016 20:20;Strada Urbana;VIA DEL FORO ITALICO;da specificare;;;;dir Stadio 400 mt prima svincolo Tor di Quinto;Veicolo in marcia contro ostacolo accidentale;Rettilineo;Due carreggiate;Asciutto;Asfaltata;Orizzontale;Sereno;Normale;Sufficiente;Sufficiente;0;0;0;2;12.47938;41.94003;-1;1;Autovettura privata;In marcia / fermata / arresto;Passeggero;M;Illeso;0;;Non accertato;
3043357;7;06/11/2016 11:15;Strada Urbana;VIA ARISTIDE STADERINI;all'intersezione con;VIA PIETRO FUMAROLI;VIA PIETRO FUMAROLI;;;Scontro frontale/laterale SX fra veicoli in marcia;Incrocio;Una carreggiata a doppio senso;Bagnato (pioggia);Asfaltata;Verticale;Nuvoloso;Scarso;Buona;Ore Diurne;2;0;0;1;12.5872;41.89207;-1;1;Autovettura privata;In marcia / fermata / arresto;Conducente;F;Illeso;0;;;
3043357;7;06/11/2016 11:15;Strada Urbana;VIA ARISTIDE STADERINI;all'intersezione con;VIA PIETRO FUMAROLI;VIA PIETRO FUMAROLI;;;Scontro frontale/laterale SX fra veicoli in marcia;Incrocio;Una carreggiata a doppio senso;Bagnato (pioggia);Asfaltata;Verticale;Nuvoloso;Scarso;Buona;Ore Diurne;2;0;0;1;12.5872;41.89207;-1;2;Autovettura privata;In marcia / fermata / arresto;Conducente;F;Rimandato;0;NON DECEDUTO;;
3043357;7;06/11/2016 11:15;Strada Urbana;VIA ARISTIDE STADERINI;all'intersezione con;VIA PIETRO FUMAROLI;VIA PIETRO FUMAROLI;;;Scontro frontale/laterale SX fra veicoli in marcia;Incrocio;Una carreggiata a doppio senso;Bagnato (pioggia);Asfaltata;Verticale;Nuvoloso;Scarso;Buona;Ore Diurne;2;0;0;1;12.5872;41.89207;-1;2;Autovettura privata;In marcia / fermata / arresto;Passeggero;M;Rimandato;0;NON DECEDUTO;;
3043364;7;05/11/2016 11:30;Strada Urbana;VIA FEDERICO DELPINO;in prossimità;;del civico n.;94;;Veicolo in marcia contro veicolo in sosta;Rettilineo;Una carreggiata a senso unico di marcia;Asciutto;Asfaltata;Assente;Sereno;Normale;Buona;Ore Diurne;0;0;0;2;12.56384;41.89125;-1;1;Autocarro inferiore 35 q.;In marcia / fermata / arresto;Conducente;M;Illeso;0;;Non accertato;Inesistente
3043364;7;05/11/2016 11:30;Strada Urbana;VIA FEDERICO DELPINO;in prossimità;;del civico n.;94;;Veicolo in marcia contro veicolo in sosta;Rettilineo;Una carreggiata a senso unico di marcia;Asciutto;Asfaltata;Assente;Sereno;Normale;Buona;Ore Diurne;0;0;0;2;12.56384;41.89125;-1;1;Autocarro inferiore 35 q.;In marcia / fermata / arresto;Passeggero;M;Illeso;0;;Non accertato;Inesistente