Protocollo;Gruppo;DataOraIncidente;Localizzazione1;STRADA1;Localizzazione2;STRADA2;Strada02;Chilometrica;DaSpecificare;NaturaIncidente;particolaritastrade;TipoStrada;FondoStradale;Pavimentazione;Segnaletica;CondizioneAtmosferica;Traffico;Visibilita;Illuminazione;NUM_FERITI;NUM_RISERVATA;NUM_MORTI;NUM_ILLESI;Longitudine;Latitudine;Confermato;Progressivo;TipoVeicolo;StatoVeicolo;TipoPersona;Sesso;Tipolesione;Deceduto;DecedutoDopo;CinturaCascoUtilizzato;Airbag
3043532;18;05/11/2016 18:00;Strada Urbana;VIA DI CASAL SELCE;da specificare;;;;altezza palo ACEA 134;Veicolo in marcia contro ostacolo accidentale;Rettilineo;Una carreggiata a doppio senso;Asciutto;Asfaltata;Orizzontale;Sereno;Scarso;Sufficiente;Sufficiente;0;0;0;5;12.35191;41.91402;-1;1;Autovettura privata;In marcia / fermata / arresto;Conducente;M;Illeso;0;;;
3043532;18;05/11/2016 18:00;Strada Urbana;VIA DI CASAL SELCE;da specificare;;;;altezza palo ACEA 134;Veicolo in marcia contro ostacolo accidentale;Rettilineo;Una carreggiata a doppio senso;Asciutto;Asfaltata;Orizzontale;Sereno;Scarso;Sufficiente;Sufficiente;0;0;0;5;12.35191;41.91402;-1;1;Autovettura privata;In marcia / fermata / arresto;Passeggero;F;Illeso;0;;;
3043532;18;05/11/2016 18:00;Strada Urbana;VIA DI CASAL SELCE;da specificare;;;;altezza palo ACEA 134;Veicolo in marcia contro ostacolo accidentale;Rettilineo;Una carreggiata a doppio senso;Asciutto;Asfaltata;Orizzontale;Sereno;Scarso;Sufficiente;Sufficiente;0;0;0;5;12.35191;41.91402;-1;1;Autovettura privata;In marcia / fermata / arresto;Passeggero;M;Illeso;0;;;
3043532;18;05/11/2016 18:00;Strada Urbana;VIA DI CASAL SELCE;da specificare;;;;altezza palo ACEA 134;Veicolo in marcia contro ostacolo accidentale;Rettilineo;Una carreggiata a doppio senso;Asciutto;Asfaltata;Orizzontale;Sereno;Scarso;Sufficiente;Sufficiente;0;0;0;5;12.35191;41.91402;-1;1;Autovettura privata;In marcia / fermata / arresto;Passeggero;F;Illeso;0;;;
3043532;18;05/11/2016 18:00;Strada Urbana;VIA DI CASAL SELCE;da specificare;;;;altezza palo ACEA 134;Veicolo in marcia contro ostacolo accidentale;Rettilineo;Una carreggiata a doppio senso;Asciutto;Asfaltata;Orizzontale;Sereno;Scarso;Sufficiente;Sufficiente;0;0;0;5;12.35191;41.91402;-1;1;Autovettura privata;In marcia / fermata / arresto;Passeggero;M;Illeso;0;;;
3043540;10;04/11/2016 10:50;Strada Urbana;VIA MONTAURO;in prossimità;;del civico n.;23;;Veicolo in marcia contro veicolo in sosta;Rettilineo;Una carreggiata a doppio senso;Asciutto;Asfaltata;Verticale ed orizzontale;Sereno;Normale;Buona;Ore Diurne;0;0;0;1;12.61656;41.81528;-1;1;Autovettura privata;In marcia / fermata / arresto;Conducente;F;Illeso;0;;;
3043544;11;06/11/2016 11:45;Strada Urbana;PIAZZALE 12 OTTOBRE 1492;in corrispondenza;;del civico n.;36;;Veicolo in marcia contro veicoli in arresto;Curva senza visuale libera;Una carreggiata a senso unico di marcia;Bagnato (pioggia);Asfaltata;Verticale ed orizzontale;Nuvoloso;Normale;Buona;Ore Diurne;0;0;0;4;12.48885;41.86933;-1;1;Autovettura privata;In marcia / fermata / arresto;Passeggero;F;Illeso;0;;Non accertato;
3043544;11;06/11/2016 11:45;Strada Urbana;PIAZZALE 12 OTTOBRE 1492;in corrispondenza;;del civico n.;36;;Veicolo in marcia contro veicoli in arresto;Curva senza visuale libera;Una carreggiata a senso unico di marcia;Bagnato (pioggia);Asfaltata;Verticale ed orizzontale;Nuvoloso;Normale;Buona;Ore Diurne;0;0;0;4;12.48885;41.86933;-1;1;Autovettura privata;In marcia / fermata / arresto;Conducente;F;Illeso;0;;Non accertato;
3043544;11;06/11/2016 11:45;Strada Urbana;PIAZZALE 12 OTTOBRE 1492;in corrispondenza;;del civico n.;36;;Veicolo in marcia contro veicoli in arresto;Curva senza visuale libera;Una carreggiata a senso unico di marcia;Bagnato (pioggia);Asfaltata;Verticale ed orizzontale;Nuvoloso;Normale;Buona;Ore Diurne;0;0;0;4;12.48885;41.86933;-1;2;Autovettura privata;In marcia / fermata / arresto;Conducente;M;Illeso;0;;Non accertato;
3043544;11;06/11/2016 11:45;Strada Urbana;PIAZZALE 12 OTTOBRE 1492;in corrispondenza;;del civico n.;36;;Veicolo in marcia contro veicoli in arresto;Curva senza visuale libera;Una carreggiata a senso unico di marcia;Bagnato (pioggia);Asfaltata;Verticale ed orizzontale;Nuvoloso;Normale;Buona;Ore Diurne;0;0;0;4;12.48885;41.86933;-1;2;Autovettura privata;In marcia / fermata / arresto;Passeggero;F;Illeso;0;;Non accertato;
3043557;18;06/11/2016 16:30;Strada Urbana;VIA MARTINO V;all'intersezione con;VIA PIO IX;VIA PIO IX;;;Scontro frontale/laterale SX fra veicoli in marcia;Incrocio;Una carreggiata a senso unico di marcia;Bagnato (pioggia);Asfaltata;Verticale ed orizzontale;Nuvoloso;Scarso;Buona;Ore Diurne;0;0;0;3;12.42265;41.90497;-1;1;Autovettura privata;In marcia / fermata / arresto;Conducente;M;Illeso;0;;Non accertato;Esploso
3043557;18;06/11/2016 16:30;Strada Urbana;VIA MARTINO V;all'intersezione con;VIA PIO IX;VIA PIO IX;;;Scontro frontale/laterale SX fra veicoli in marcia;Incrocio;Una carreggiata a senso unico di marcia;Bagnato (pioggia);Asfaltata;Verticale ed orizzontale;Nuvoloso;Scarso;Buona;Ore Diurne;0;0;0;3;12.42265;41.90497;-1;2;Autovettura privata;In marcia / fermata / arresto;Conducente;M;Illeso;0;;Non accertato;Esploso
3043557;18;06/11/2016 16:30;Strada Urbana;VIA MARTINO V;all'intersezione con;VIA PIO IX;VIA PIO IX;;;Scontro frontale/laterale SX fra veicoli in marcia;Incrocio;Una carreggiata a senso unico di marcia;Bagnato (pioggia);Asfaltata;Verticale ed orizzontale;Nuvoloso;Scarso;Buona;Ore Diurne;0;0;0;3;12.42265;41.90497;-1;2;Autovettura privata;In marcia / fermata / arresto;Passeggero;F;Illeso;0;;Non accertato;Esploso
3043568;16;04/11/2016 21:15;Strada Urbana;VIALE GIUSEPPE SIRTORI;all'intersezione con;VIA PIETRO MARONCELLI;VIA PIETRO MARONCELLI;;;Scontro frontale/laterale DX fra veicoli in marcia;Intersezione non regolata/non segnalata;Due carreggiate;Asciutto;Asfaltata;Orizzontale;Nuvoloso;Scarso;Insufficiente;Sufficiente;0;0;0;5;12.44855;41.85558;-1;1;Autovettura privata;In marcia / fermata / arresto;Conducente;F;Illeso;0;;Non accertato;
3043568;16;04/11/2016 21:15;Strada Urbana;VIALE GIUSEPPE SIRTORI;all'intersezione con;VIA PIETRO MARONCELLI;VIA PIETRO MARONCELLI;;;Scontro frontale/laterale DX fra veicoli in marcia;Intersezione non regolata/non segnalata;Due carreggiate;Asciutto;Asfaltata;Orizzontale;Nuvoloso;Scarso;Insufficiente;Sufficiente;0;0;0;5;12.44855;41.85558;-1;1;Autovettura privata;In marcia / fermata / arresto;Passeggero;F;Illeso;0;;Non accertato;
3043568;16;04/11/2016 21:15;Strada Urbana;VIALE GIUSEPPE SIRTORI;all'intersezione con;VIA PIETRO MARONCELLI;VIA PIETRO MARONCELLI;;;Scontro frontale/laterale DX fra veicoli in marcia;Intersezione non regolata/non segnalata;Due carreggiate;Asciutto;Asfaltata;Orizzontale;Nuvoloso;Scarso;Insufficiente;Sufficiente;0;0;0;5;12.44855;41.85558;-1;1;Autovettura privata;In marcia / fermata / arresto;Passeggero;F;Illeso;0;;Non accertato;
3043568;16;04/11/2016 21:15;Strada Urbana;VIALE GIUSEPPE SIRTORI;all'intersezione con;VIA PIETRO MARONCELLI;VIA PIETRO MARONCELLI;;;Scontro frontale/laterale DX fra veicoli in marcia;Intersezione non regolata/non segnalata;Due carreggiate;Asciutto;Asfaltata;Orizzontale;Nuvoloso;Scarso;Insufficiente;Sufficiente;0;0;0;5;12.44855;41.85558;-1;1;Autovettura privata;In marcia / fermata / arresto;Passeggero;F;Illeso;0;;Non accertato;
3043568;16;04/11/2016 21:15;Strada Urbana;VIALE GIUSEPPE SIRTORI;all'intersezione con;VIA PIETRO MARONCELLI;VIA PIETRO MARONCELLI;;;Scontro frontale/laterale DX fra veicoli in marcia;Intersezione non regolata/non segnalata;Due carreggiate;Asciutto;Asfaltata;Orizzontale;Nuvoloso;Scarso;Insufficiente;Sufficiente;0;0;0;5;12.44855;41.85558;-1;2;Ciclomotore;In marcia / fermata / arresto;Conducente;M;Illeso;0;;Non accertato;
3043574;18;06/11/2016 15:45;Strada Urbana;VIA CORNELIA;in corrispondenza;;del civico n.;315;;Veicolo in marcia contro veicolo in sosta;Rettilineo;Una carreggiata a doppio senso;Bagnato (pioggia);Asfaltata;Verticale;Nuvoloso;Normale;Buona;Ore Diurne;0;0;0;1;12.38792;41.89624;-1;1;Quadriciclo leggero;In marcia / fermata / arresto;Conducente;M;Illeso;0;;;
3043584;10;04/11/2016 15:05;Strada Urbana;VIA WALTER PROCACCINI;da specificare;;;;rotatoria centrale rispetto alle altre 2 presenti ;Scontro laterale fra veicoli in marcia;Rotatoria;Due carreggiate;Asciutto;Asfaltata;Verticale ed orizzontale;Sereno;Scarso;Buona;Ore Diurne;0;0;0;2;12.58319;41.84868;-1;1;Autocarro inferiore 35 q.;In marcia / fermata / arresto;Conducente;M;Illeso;0;;;
3043584;10;04/11/2016 15:05;Strada Urbana;VIA WALTER PROCACCINI;da specificare;;;;rotatoria centrale rispetto alle altre 2 presenti ;Scontro laterale fra veicoli in marcia;Rotatoria;Due carreggiate;Asciutto;Asfaltata;Verticale ed orizzontale;Sereno;Scarso;Buona;Ore Diurne;0;0;0;2;12.58319;41.84868;-1;2;Autovettura privata;In marcia / fermata / arresto;Conducente;M;Illeso;0;;;
3043612;7;04/11/2016 16:00;Strada Urbana;VIA PRENESTINA;in prossimità;;del civico n.;1012;;Scontro laterale fra veicoli in marcia;Rettilineo;Una carreggiata a senso unico alternato;Asciutto;Asfaltata;Orizzontale;Sereno;Normale;Buona;Ore Diurne;0;0;0;2;12.60711;41.89375;-1;1;Autocarro inferiore 35 q.;In marcia / fermata / arresto;Conducente;M;Illeso;0;;Non accertato;Inesistente
3043612;7;04/11/2016 16:00;Strada Urbana;VIA PRENESTINA;in prossimità;;del civico n.;1012;;Scontro laterale fra veicoli in marcia;Rettilineo;Una carreggiata a senso unico alternato;Asciutto;Asfaltata;Orizzontale;Sereno;Normale;Buona;Ore Diurne;0;0;0;2;12.60711;41.89375;-1;2;Autovettura privata;In marcia / fermata / arresto;Conducente;F;Illeso;0;;Non accertato;Inesploso
3043613;7;07/11/2016 09:15;Strada Urbana;VIALE PALMIRO TOGLIATTI;all'intersezione semaforizzata con;PIAZZALE PINO PASCALI;PIAZZALE PINO PASCALI;;;Scontro frontale/laterale DX fra veicoli in marcia;Intersezione semaforizzata;Due carreggiate;Bagnato (pioggia);Asfaltata;Verticale ed orizzontale;Pioggia in atto;Intenso;Buona;Ore Diurne;0;0;0;2;12.57341;41.88769;-1;1;Autovettura privata;In marcia / fermata / arresto;Conducente;M;Illeso;0;;Non accertato;Inesploso
3043613;7;07/11/2016 09:15;Strada Urbana;VIALE PALMIRO TOGLIATTI;all'intersezione semaforizzata con;PIAZZALE PINO PASCALI;PIAZZALE PINO PASCALI;;;Scontro frontale/laterale DX fra veicoli in marcia;Intersezione semaforizzata;Due carreggiate;Bagnato (pioggia);Asfaltata;Verticale ed orizzontale;Pioggia in atto;Intenso;Buona;Ore Diurne;0;0;0;2;12.57341;41.88769;-1;2;Autovettura privata;In marcia / fermata / arresto;Conducente;F;Illeso;0;;Non accertato;Inesploso
3043615;20;04/11/2016 14:00;Strada Urbana;VIALE DI TOR DI QUINTO;in prossimità;;del civico n.;35;;Investimento di pedone;Rettilineo;Una carreggiata a doppio senso;Asciutto;Asfaltata;Verticale ed orizzontale;Sereno;Normale;Buona;Ore Diurne;0;0;0;2;12.47061;41.93724;-1;;;;Pedone;M;Illeso;0;;;
3043615;20;04/11/2016 14:00;Strada Urbana;VIALE DI TOR DI QUINTO;in prossimità;;del civico n.;35;;Investimento di pedone;Rettilineo;Una carreggiata a doppio senso;Asciutto;Asfaltata;Verticale ed orizzontale;Sereno;Normale;Buona;Ore Diurne;0;0;0;2;12.47061;41.93724;-1;1;Autovettura pubblica;In marcia / fermata / arresto;Conducente;M;Illeso;0;;Non accertato;
3043623;4;04/11/2016 11:15;Strada Urbana;VIA RENATO FUCINI;all'intersezione con;VIA BERNARDO DAVANZATI;VIA BERNARDO DAVANZATI;;;Scontro frontale/laterale DX fra veicoli in marcia;Incrocio;Due carreggiate;Asciutto;Asfaltata;Verticale;Nuvoloso;Normale;Buona;Ore Diurne;1;0;0;2;12.55182;41.94607;-1;1;Autovettura privata;In marcia / fermata / arresto;Conducente;M;Illeso;0;;Non accertato;
3043623;4;04/11/2016 11:15;Strada Urbana;VIA RENATO FUCINI;all'intersezione con;VIA BERNARDO DAVANZATI;VIA BERNARDO DAVANZATI;;;Scontro frontale/laterale DX fra veicoli in marcia;Incrocio;Due carreggiate;Asciutto;Asfaltata;Verticale;Nuvoloso;Normale;Buona;Ore Diurne;1;0;0;2;12.55182;41.94607;-1;1;Autovettura privata;In marcia / fermata / arresto;Passeggero;F;Illeso;0;;Non accertato;
3043623;4;04/11/2016 11:15;Strada Urbana;VIA RENATO FUCINI;all'intersezione con;VIA BERNARDO DAVANZATI;VIA BERNARDO DAVANZATI;;;Scontro frontale/laterale DX fra veicoli in marcia;Incrocio;Due carreggiate;Asciutto;Asfaltata;Verticale;Nuvoloso;Normale;Buona;Ore Diurne;1;0;0;2;12.55182;41.94607;-1;2;Motociclo a solo;In marcia / fermata / arresto;Conducente;M;Rimandato;0;NON DECEDUTO;;
3043629;4;06/11/2016 13:20;Strada Urbana;VIA DI SETTEBAGNI;in prossimità;;del civico n.;298;;Veicolo in marcia contro ostacolo accidentale;Rettilineo;Una carreggiata a doppio senso;Bagnato (umidità in atto);Asfaltata;Verticale;Nuvoloso;Normale;Buona;Ore Diurne;0;0;0;1;12.54773;41.96649;-1;1;Autovettura privata;In marcia / fermata / arresto;Conducente;M;Illeso;0;;Non accertato;
3043633;20;05/11/2016 18:15;Strada Urbana;VIA DI VILLA SEVERINI;in prossimità;;del civico n.;24;;Scontro laterale fra veicoli in marcia;Rettilineo;Due carreggiate;Asciutto;Asfaltata;Verticale ed orizzontale;Nuvoloso;Intenso;Buona;Sufficiente;0;0;0;2;12.47019;41.94723;-1;1;Autovettura privata;In marcia / fermata / arresto;Conducente;M;Illeso;0;;;
3043633;20;05/11/2016 18:15;Strada Urbana;VIA DI VILLA SEVERINI;in prossimità;;del civico n.;24;;Scontro laterale fra veicoli in marcia;Rettilineo;Due carreggiate;Asciutto;Asfaltata;Verticale ed orizzontale;Nuvoloso;Intenso;Buona;Sufficiente;0;0;0;2;12.47019;41.94723;-1;2;Autovettura privata;In marcia / fermata / arresto;Conducente;F;Illeso;0;;;
3043637;12;04/11/2016 12:20;Strada Urbana;VIALE EGEO;in prossimità;;del civico n.;25;;Veicolo in marcia contro ostacolo fisso;Curva senza visuale libera;Due carreggiate;Bagnato (pioggia);Asfaltata;Verticale ed orizzontale;Sereno;Normale;Buona;Ore Diurne;0;0;0;1;12.45897;41.83513;-1;1;Autovettura privata;In marcia / fermata / arresto;Conducente;M;Illeso;0;;Utilizzato;Inesploso
3043651;17;05/11/2016 12:00;Strada Urbana;BORGO S. ANGELO;all'intersezione con;VICOLO DEL CAMPANILE;VICOLO DEL CAMPANILE;;;Ribaltamento senza urto contro ostacolo fisso;Incrocio;Una carreggiata a doppio senso;Viscido da liquidi oleosi;In cubetti di porfido;Verticale ed orizzontale;Nuvoloso;Normale;Buona;Ore Diurne;0;0;0;1;12.46199;41.90328;-1;1;Motociclo a solo;In marcia / fermata / arresto;Conducente;M;Illeso;0;;Non accertato;
3043660;19;05/11/2016 16:15;Strada Urbana;VIA MATTIA BATTISTINI;in prossimità;;del civico n.;227;;Tamponamento Multiplo;Rettilineo;Una carreggiata a doppio senso;Asciutto;Asfaltata;Orizzontale;Nuvoloso;Normale;Buona;Ore Diurne;0;0;0;5;12.4184;41.91529;-1;1;Autovettura privata;In marcia / fermata / arresto;Conducente;M;Illeso;0;;Non accertato;Inesploso
3043660;19;05/11/2016 16:15;Strada Urbana;VIA MATTIA BATTISTINI;in prossimità;;del civico n.;227;;Tamponamento Multiplo;Rettilineo;Una carreggiata a doppio senso;Asciutto;Asfaltata;Orizzontale;Nuvoloso;Normale;Buona;Ore Diurne;0;0;0;5;12.4184;41.91529;-1;2;Autovettura privata;In marcia / fermata / arresto;Conducente;M;Illeso;0;;Non accertato;Inesploso
3043660;19;05/11/2016 16:15;Strada Urbana;VIA MATTIA BATTISTINI;in prossimità;;del civico n.;227;;Tamponamento Multiplo;Rettilineo;Una carreggiata a doppio senso;Asciutto;Asfaltata;Orizzontale;Nuvoloso;Normale;Buona;Ore Diurne;0;0;0;5;12.4184;41.91529;-1;2;Autovettura privata;In marcia / fermata / arresto;Passeggero;F;Illeso;0;;Non accertato;Inesploso
3043660;19;05/11/2016 16:15;Strada Urbana;VIA MATTIA BATTISTINI;in prossimità;;del civico n.;227;;Tamponamento Multiplo;Rettilineo;Una carreggiata a doppio senso;Asciutto;Asfaltata;Orizzontale;Nuvoloso;Normale;Buona;Ore Diurne;0;0;0;5;12.4184;41.91529;-1;3;Autovettura privata;In marcia / fermata / arresto;Conducente;M;Illeso;0;;Non accertato;Inesploso
3043660;19;05/11/2016 16:15;Strada Urbana;VIA MATTIA BATTISTINI;in prossimità;;del civico n.;227;;Tamponamento Multiplo;Rettilineo;Una carreggiata a doppio senso;Asciutto;Asfaltata;Orizzontale;Nuvoloso;Normale;Buona;Ore Diurne;0;0;0;5;12.4184;41.91529;-1;4;Autovettura privata;In marcia / fermata / arresto;Conducente;M;Illeso;0;;Non accertato;Inesploso
3043663;4;06/11/2016 18:40;Provinciale entro l'abitato;VIA NOMENTANA;in prossimità;;del civico n.;715;;Veicolo in marcia contro ostacolo accidentale;Rettilineo;Una carreggiata a doppio senso;Bagnato (pioggia);Asfaltata;Orizzontale;Pioggia in atto;Normale;Buona;Sufficiente;1;0;0;0;12.5418;41.93789;-1;1;Autovettura privata;In marcia / fermata / arresto;Conducente;F;Rifiuta cure immediate;0;NON DECEDUTO;Non accertato;
3043668;10;05/11/2016 11:15;Strada Urbana;VIA LUCIO PAPIRIO;in prossimità;;del civico n.;132;;Veicolo in marcia contro veicolo arresto;Rettilineo;Una carreggiata a senso unico di marcia;Asciutto;Asfaltata;Verticale ed orizzontale;Nuvoloso;Normale;Buona;Ore Diurne;0;0;0;3;12.56011;41.85316;-1;1;Autovettura privata;In marcia / fermata / arresto;Conducente;M;Illeso;0;;Non accertato;Inesploso
3043668;10;05/11/2016 11:15;Strada Urbana;VIA LUCIO PAPIRIO;in prossimità;;del civico n.;132;;Veicolo in marcia contro veicolo arresto;Rettilineo;Una carreggiata a senso unico di marcia;Asciutto;Asfaltata;Verticale ed orizzontale;Nuvoloso;Normale;Buona;Ore Diurne;0;0;0;3;12.56011;41.85316;-1;1;Autovettura privata;In marcia / fermata / arresto;Passeggero;F;Illeso;0;;Non accertato;Inesploso
3043668;10;05/11/2016 11:15;Strada Urbana;VIA LUCIO PAPIRIO;in prossimità;;del civico n.;132;;Veicolo in marcia contro veicolo arresto;Rettilineo;Una carreggiata a senso unico di marcia;Asciutto;Asfaltata;Verticale ed orizzontale;Nuvoloso;Normale;Buona;Ore Diurne;0;0;0;3;12.56011;41.85316;-1;2;Autovettura privata;In marcia / fermata / arresto;Conducente;M;Illeso;0;;Non accertato;Inesploso
3043672;17;05/11/2016 12:05;Strada Urbana;BORGO S. ANGELO;all'intersezione con;VICOLO DELL'INFERRIATA;VICOLO DELL'INFERRIATA;;;Ribaltamento senza urto contro ostacolo fisso;Incrocio;Una carreggiata a doppio senso;Viscido da liquidi oleosi;In cubetti di porfido;Verticale;Nuvoloso;Normale;Buona;Ore Diurne;0;0;0;1;12.46181;41.90327;-1;1;Motociclo a solo;In marcia / fermata / arresto;Conducente;M;Illeso;0;;Non accertato;
3043683;16;05/11/2016 03:20;Strada Urbana;VIA MAR DELLA CINA;da specificare;;;;prossimita' civico 230;Veicolo in marcia contro veicoli in sosta;Pendenza;Una carreggiata a doppio senso;Asciutto;Asfaltata;Orizzontale;Nuvoloso;Scarso;Sufficiente;Sufficiente;0;0;0;3;12.43574;41.8112;-1;1;Autovettura privata;In marcia / fermata / arresto;Conducente;M;Illeso;0;;Non accertato;
3043683;16;05/11/2016 03:20;Strada Urbana;VIA MAR DELLA CINA;da specificare;;;;prossimita' civico 230;Veicolo in marcia contro veicoli in sosta;Pendenza;Una carreggiata a doppio senso;Asciutto;Asfaltata;Orizzontale;Nuvoloso;Scarso;Sufficiente;Sufficiente;0;0;0;3;12.43574;41.8112;-1;1;Autovettura privata;In marcia / fermata / arresto;Passeggero;M;Illeso;0;;Non accertato;
3043683;16;05/11/2016 03:20;Strada Urbana;VIA MAR DELLA CINA;da specificare;;;;prossimita' civico 230;Veicolo in marcia contro veicoli in sosta;Pendenza;Una carreggiata a doppio senso;Asciutto;Asfaltata;Orizzontale;Nuvoloso;Scarso;Sufficiente;Sufficiente;0;0;0;3;12.43574;41.8112;-1;1;Autovettura privata;In marcia / fermata / arresto;Passeggero;F;Illeso;0;;Non accertato;
3043691;17;05/11/2016 12:30;Strada Urbana;VIALE DELLE MILIZIE;all'intersezione con;VIA OTRANTO;VIA OTRANTO;;;Scontro frontale/laterale SX fra veicoli in marcia;Intersezione stradale segnalata;Più di due carreggiate;Asciutto;Asfaltata;Verticale ed orizzontale;Nuvoloso;Normale;Buona;Ore Diurne;1;0;0;3;12.4569;41.91067;-1;1;Autovettura privata;In marcia / fermata / arresto;Conducente;M;Illeso;0;;;
3043691;17;05/11/2016 12:30;Strada Urbana;VIALE DELLE MILIZIE;all'intersezione con;VIA OTRANTO;VIA OTRANTO;;;Scontro frontale/laterale SX fra veicoli in marcia;Intersezione stradale segnalata;Più di due carreggiate;Asciutto;Asfaltata;Verticale ed orizzontale;Nuvoloso;Normale;Buona;Ore Diurne;1;0;0;3;12.4569;41.91067;-1;1;Autovettura privata;In marcia / fermata / arresto;Passeggero;F;Illeso;0;;;
3043691;17;05/11/2016 12:30;Strada Urbana;VIALE DELLE MILIZIE;all'intersezione con;VIA OTRANTO;VIA OTRANTO;;;Scontro frontale/laterale SX fra veicoli in marcia;Intersezione stradale segnalata;Più di due carreggiate;Asciutto;Asfaltata;Verticale ed orizzontale;Nuvoloso;Normale;Buona;Ore Diurne;1;0;0;3;12.4569;41.91067;-1;2;Motociclo con passeggero;In marcia / fermata / arresto;Conducente;M;Rimandato;0;NON DECEDUTO;;
3043691;17;05/11/2016 12:30;Strada Urbana;VIALE DELLE MILIZIE;all'intersezione con;VIA OTRANTO;VIA OTRANTO;;;Scontro frontale/laterale SX fra veicoli in marcia;Intersezione stradale segnalata;Più di due carreggiate;Asciutto;Asfaltata;Verticale ed orizzontale;Nuvoloso;Normale;Buona;Ore Diurne;1;0;0;3;12.4569;41.91067;-1;2;Motociclo con passeggero;In marcia / fermata / arresto;Passeggero;F;Illeso;0;;;
3043693;4;06/11/2016 10:12;Provinciale entro l'abitato;VIA NOMENTANA NUOVA;all'intersezione semaforizzata con;VIALE TIRRENO;VIALE TIRRENO;;;Veicolo in marcia contro ostacolo fisso;Intersezione semaforizzata;Una carreggiata a doppio senso;Bagnato (umidità in atto);Asfaltata;Verticale ed orizzontale;Nuvoloso;Normale;Buona;Ore Diurne;0;0;0;1;12.53363;41.93516;-1;1;Autovettura privata;In marcia / fermata / arresto;Conducente;M;Illeso;0;;Non accertato;
3043695;7;06/11/2016 18:30;Strada Urbana;VIALE PALMIRO TOGLIATTI;all'intersezione con;VIA CASILINA;VIA CASILINA;;;Tamponamento;Intersezione semaforizzata;Due carreggiate;Bagnato (pioggia);Asfaltata;Verticale ed orizzontale;Pioggia in atto;Normale;Buona;Sufficiente;0;0;0;1;12.56985;41.87376;-1;1;Autovettura privata;In marcia / fermata / arresto;Conducente;F;Illeso;0;;Non accertato;Inesploso
3043702;17;06/11/2016 16:30;Strada Urbana;VIALE VATICANO;in prossimità;;del civico n.;43;;Scontro frontale fra veicoli in marcia;Curva a visuale libera;Una carreggiata a doppio senso;Bagnato (pioggia);Asfaltata;Verticale ed orizzontale;Pioggia in atto;Normale;Sufficiente;Ore Diurne;0;0;0;4;12.4456;41.90201;-1;1;Autovettura privata;In marcia / fermata / arresto;Conducente;M;Illeso;0;;Non accertato;Inesploso
3043702;17;06/11/2016 16:30;Strada Urbana;VIALE VATICANO;in prossimità;;del civico n.;43;;Scontro frontale fra veicoli in marcia;Curva a visuale libera;Una carreggiata a doppio senso;Bagnato (pioggia);Asfaltata;Verticale ed orizzontale;Pioggia in atto;Normale;Sufficiente;Ore Diurne;0;0;0;4;12.4456;41.90201;-1;1;Autovettura privata;In marcia / fermata / arresto;Passeggero;F;Illeso;0;;Non accertato;Inesploso
3043702;17;06/11/2016 16:30;Strada Urbana;VIALE VATICANO;in prossimità;;del civico n.;43;;Scontro frontale fra veicoli in marcia;Curva a visuale libera;Una carreggiata a doppio senso;Bagnato (pioggia);Asfaltata;Verticale ed orizzontale;Pioggia in atto;Normale;Sufficiente;Ore Diurne;0;0;0;4;12.4456;41.90201;-1;1;Autovettura privata;In marcia / fermata / arresto;Passeggero;F;Illeso;0;;Non accertato;Inesploso
3043702;17;06/11/2016 16:30;Strada Urbana;VIALE VATICANO;in prossimità;;del civico n.;43;;Scontro frontale fra veicoli in marcia;Curva a visuale libera;Una carreggiata a doppio senso;Bagnato (pioggia);Asfaltata;Verticale ed orizzontale;Pioggia in atto;Normale;Sufficiente;Ore Diurne;0;0;0;4;12.4456;41.90201;-1;2;Autovettura privata;In marcia / fermata / arresto;Conducente;M;Illeso;0;;Non accertato;Inesploso
3043706;7;04/11/2016 18:15;Strada Urbana;VIALE ALESSANDRINO;in corrispondenza;;del civico n.;644;;Scontro frontale/laterale SX fra veicoli in marcia;Rettilineo;Una carreggiata a doppio senso;Asciutto;Asfaltata;Verticale ed orizzontale;Sereno;Normale;Buona;Ore Diurne;1;0;0;1;12.57703;41.88361;-1;1;Motociclo a solo;In marcia / fermata / arresto;Conducente;M;Rimandato;0;NON DECEDUTO;Utilizzato;
3043706;7;04/11/2016 18:15;Strada Urbana;VIALE ALESSANDRINO;in corrispondenza;;del civico n.;644;;Scontro frontale/laterale SX fra veicoli in marcia;Rettilineo;Una carreggiata a doppio senso;Asciutto;Asfaltata;Verticale ed orizzontale;Sereno;Normale;Buona;Ore Diurne;1;0;0;1;12.57703;41.88361;-1;2;Autovettura privata;In marcia / fermata / arresto;Conducente;M;Illeso;0;;Non accertato;Inesploso
3043721;3;06/11/2016 14:30;Strada Urbana;tangenziale / est dir. salaria;da specificare;;;;tratto sovrastante v. dello scalo San Lorenzo;Veicolo in marcia contro ostacolo fisso;Curva senza visuale libera;Una carreggiata a senso unico di marcia;Bagnato (pioggia);Asfaltata;Verticale ed orizzontale;Pioggia in atto;Scarso;Buona;Ore Diurne;0;0;0;1;12.51792;41.8952;-1;1;Autovettura privata;In marcia / fermata / arresto;Conducente;F;Illeso;0;;Non accertato;Inesploso