Protocollo;Gruppo;DataOraIncidente;Localizzazione1;STRADA1;Localizzazione2;STRADA2;Strada02;Chilometrica;DaSpecificare;NaturaIncidente;particolaritastrade;TipoStrada;FondoStradale;Pavimentazione;Segnaletica;CondizioneAtmosferica;Traffico;Visibilita;Illuminazione;NUM_FERITI;NUM_RISERVATA;NUM_MORTI;NUM_ILLESI;Longitudine;Latitudine;Confermato;Progressivo;TipoVeicolo;StatoVeicolo;TipoPersona;Sesso;Tipolesione;Deceduto;DecedutoDopo;CinturaCascoUtilizzato;Airbag
3044435;13;07/11/2016 08:15;Strada Urbana;VIA DEL FOSSO DI DRAGONCELLO;all'intersezione con;VIA DEI PESCATORI;VIA DEI PESCATORI;;;Scontro frontale/laterale SX fra veicoli in marcia;Incrocio;Una carreggiata a doppio senso;Bagnato (pioggia);Asfaltata;Verticale ed orizzontale;Pioggia in atto;Intenso;Buona;Ore Diurne;1;0;0;3;12.33027;41.75179;-1;1;Autovettura privata;In marcia / fermata / arresto;Passeggero;M;Illeso;0;;Non accertato;Inesploso
3044435;13;07/11/2016 08:15;Strada Urbana;VIA DEL FOSSO DI DRAGONCELLO;all'intersezione con;VIA DEI PESCATORI;VIA DEI PESCATORI;;;Scontro frontale/laterale SX fra veicoli in marcia;Incrocio;Una carreggiata a doppio senso;Bagnato (pioggia);Asfaltata;Verticale ed orizzontale;Pioggia in atto;Intenso;Buona;Ore Diurne;1;0;0;3;12.33027;41.75179;-1;1;Autovettura privata;In marcia / fermata / arresto;Passeggero;F;Illeso;0;;Non accertato;Inesploso
3044435;13;07/11/2016 08:15;Strada Urbana;VIA DEL FOSSO DI DRAGONCELLO;all'intersezione con;VIA DEI PESCATORI;VIA DEI PESCATORI;;;Scontro frontale/laterale SX fra veicoli in marcia;Incrocio;Una carreggiata a doppio senso;Bagnato (pioggia);Asfaltata;Verticale ed orizzontale;Pioggia in atto;Intenso;Buona;Ore Diurne;1;0;0;3;12.33027;41.75179;-1;2;Autovettura privata;In marcia / fermata / arresto;Conducente;F;Illeso;0;;Non accertato;Inesploso
3044460;9;07/11/2016 17:00;Strada Urbana;PIAZZA GALERIA;in corrispondenza;;del civico n.;2;;Scontro laterale fra veicoli in marcia;Rettilineo;Due carreggiate;Asciutto;Asfaltata;Verticale ed orizzontale;Nuvoloso;Normale;Buona;Sufficiente;0;0;0;3;12.50675;41.87446;-1;1;Autovettura privata;In marcia / fermata / arresto;Conducente;M;Illeso;0;;Non accertato;Inesistente
3044460;9;07/11/2016 17:00;Strada Urbana;PIAZZA GALERIA;in corrispondenza;;del civico n.;2;;Scontro laterale fra veicoli in marcia;Rettilineo;Due carreggiate;Asciutto;Asfaltata;Verticale ed orizzontale;Nuvoloso;Normale;Buona;Sufficiente;0;0;0;3;12.50675;41.87446;-1;2;Motociclo a solo;In marcia / fermata / arresto;Conducente;M;Illeso;0;;Non accertato;
3044460;9;07/11/2016 17:00;Strada Urbana;PIAZZA GALERIA;in corrispondenza;;del civico n.;2;;Scontro laterale fra veicoli in marcia;Rettilineo;Due carreggiate;Asciutto;Asfaltata;Verticale ed orizzontale;Nuvoloso;Normale;Buona;Sufficiente;0;0;0;3;12.50675;41.87446;-1;2;Motociclo a solo;In marcia / fermata / arresto;Passeggero;M;Illeso;0;;Non accertato;
3044462;13;06/11/2016 14:40;Strada Urbana;VIALE VEGA;all'intersezione con;VIA DELLE RANDE;VIA DELLE RANDE;;;Scontro frontale/laterale SX fra veicoli in marcia;Incrocio;Due carreggiate;Bagnato (pioggia);Asfaltata;Orizzontale;Nuvoloso;Normale;Buona;Ore Diurne;2;0;0;0;12.29604;41.72482;-1;1;Autovettura privata;In marcia / fermata / arresto;Conducente;M;Rimandato;0;NON DECEDUTO;Non accertato;Inesploso
3044462;13;06/11/2016 14:40;Strada Urbana;VIALE VEGA;all'intersezione con;VIA DELLE RANDE;VIA DELLE RANDE;;;Scontro frontale/laterale SX fra veicoli in marcia;Incrocio;Due carreggiate;Bagnato (pioggia);Asfaltata;Orizzontale;Nuvoloso;Normale;Buona;Ore Diurne;2;0;0;0;12.29604;41.72482;-1;2;Autovettura privata;In marcia / fermata / arresto;Conducente;M;Rimandato;0;NON DECEDUTO;Non accertato;Inesploso
3044488;19;07/11/2016 15:00;Strada Urbana;VIALE CORTINA D'AMPEZZO;in prossimità;;del civico n.;290;;Infortunio per caduta del veicolo;Curva a visuale libera;Una carreggiata a doppio senso;Bagnato (pioggia);Asfaltata;Orizzontale;Pioggia in atto;Normale;Buona;Ore Diurne;1;0;0;1;12.43574;41.94225;-1;1;Quadriciclo leggero;In marcia / fermata / arresto;Conducente;M;Illeso;0;;Non accertato;Inesistente
3044488;19;07/11/2016 15:00;Strada Urbana;VIALE CORTINA D'AMPEZZO;in prossimità;;del civico n.;290;;Infortunio per caduta del veicolo;Curva a visuale libera;Una carreggiata a doppio senso;Bagnato (pioggia);Asfaltata;Orizzontale;Pioggia in atto;Normale;Buona;Ore Diurne;1;0;0;1;12.43574;41.94225;-1;2;Motociclo a solo;In marcia / fermata / arresto;Conducente;M;Rifiuta cure immediate;0;NON DECEDUTO;Non accertato;
3044511;18;07/11/2016 11:20;Strada Urbana;VIA GREGORIO VII;in prossimità;;del civico n.;44;;Ribaltamento senza urto contro ostacolo fisso;Rettilineo;Più di due carreggiate;Bagnato (pioggia);Asfaltata;Verticale ed orizzontale;Pioggia in atto;Normale;Buona;Ore Diurne;1;0;0;0;12.44994;41.89722;-1;1;Motociclo a solo;In marcia / fermata / arresto;Conducente;M;Rifiuta cure immediate;0;NON DECEDUTO;Non accertato;
3044522;15;07/11/2016 18:10;Strada Urbana;VIADOTTO DELLA MAGLIANA;da specificare;;;;prox rampa immissione Magliana dir. EUR;Tamponamento;Rettilineo;Due carreggiate;Bagnato (pioggia);Asfaltata;Orizzontale;Nuvoloso;Intenso;Sufficiente;Sufficiente;2;0;0;1;12.46325;41.84187;-1;1;Autovettura privata;In marcia / fermata / arresto;Conducente;M;Rifiuta cure immediate;0;NON DECEDUTO;Non accertato;Inesploso
3044522;15;07/11/2016 18:10;Strada Urbana;VIADOTTO DELLA MAGLIANA;da specificare;;;;prox rampa immissione Magliana dir. EUR;Tamponamento;Rettilineo;Due carreggiate;Bagnato (pioggia);Asfaltata;Orizzontale;Nuvoloso;Intenso;Sufficiente;Sufficiente;2;0;0;1;12.46325;41.84187;-1;1;Autovettura privata;In marcia / fermata / arresto;Passeggero;F;Rimandato;0;NON DECEDUTO;Non accertato;Inesploso
3044522;15;07/11/2016 18:10;Strada Urbana;VIADOTTO DELLA MAGLIANA;da specificare;;;;prox rampa immissione Magliana dir. EUR;Tamponamento;Rettilineo;Due carreggiate;Bagnato (pioggia);Asfaltata;Orizzontale;Nuvoloso;Intenso;Sufficiente;Sufficiente;2;0;0;1;12.46325;41.84187;-1;2;Autovettura privata;In marcia / fermata / arresto;Conducente;M;Illeso;0;;Non accertato;Inesploso
3044555;2;07/11/2016 16:35;Strada Urbana;VIALE MARESCIALLO PILSUDSKI;in prossimità;;del civico n.;fr. 90;;Tamponamento;Rettilineo;Una carreggiata a doppio senso;Asciutto;Asfaltata;Verticale ed orizzontale;Nuvoloso;Normale;Buona;Ore Diurne;0;0;0;4;12.4777;41.92861;-1;1;Autovettura privata;In marcia / fermata / arresto;Conducente;F;Illeso;0;;Non accertato;Inesploso
3044555;2;07/11/2016 16:35;Strada Urbana;VIALE MARESCIALLO PILSUDSKI;in prossimità;;del civico n.;fr. 90;;Tamponamento;Rettilineo;Una carreggiata a doppio senso;Asciutto;Asfaltata;Verticale ed orizzontale;Nuvoloso;Normale;Buona;Ore Diurne;0;0;0;4;12.4777;41.92861;-1;1;Autovettura privata;In marcia / fermata / arresto;Passeggero;F;Illeso;0;;Non accertato;Inesploso
3044555;2;07/11/2016 16:35;Strada Urbana;VIALE MARESCIALLO PILSUDSKI;in prossimità;;del civico n.;fr. 90;;Tamponamento;Rettilineo;Una carreggiata a doppio senso;Asciutto;Asfaltata;Verticale ed orizzontale;Nuvoloso;Normale;Buona;Ore Diurne;0;0;0;4;12.4777;41.92861;-1;2;Autovettura privata;In marcia / fermata / arresto;Conducente;M;Illeso;0;;Non accertato;Inesploso
3044555;2;07/11/2016 16:35;Strada Urbana;VIALE MARESCIALLO PILSUDSKI;in prossimità;;del civico n.;fr. 90;;Tamponamento;Rettilineo;Una carreggiata a doppio senso;Asciutto;Asfaltata;Verticale ed orizzontale;Nuvoloso;Normale;Buona;Ore Diurne;0;0;0;4;12.4777;41.92861;-1;2;Autovettura privata;In marcia / fermata / arresto;Passeggero;F;Illeso;0;;Non accertato;Inesploso
3044560;13;06/11/2016 13:00;Strada Urbana;LUNGOMARE AMERIGO VESPUCCI;in corrispondenza;;del civico n.;98;;Veicolo in marcia contro ostacolo accidentale;Rettilineo;Una carreggiata a doppio senso;Asciutto;Asfaltata;Orizzontale;Nuvoloso;Normale;Buona;Ore Diurne;0;0;0;4;12.33457;41.70684;-1;1;Autovettura privata;In marcia / fermata / arresto;Conducente;M;Illeso;0;;Non accertato;Inesploso
3044560;13;06/11/2016 13:00;Strada Urbana;LUNGOMARE AMERIGO VESPUCCI;in corrispondenza;;del civico n.;98;;Veicolo in marcia contro ostacolo accidentale;Rettilineo;Una carreggiata a doppio senso;Asciutto;Asfaltata;Orizzontale;Nuvoloso;Normale;Buona;Ore Diurne;0;0;0;4;12.33457;41.70684;-1;1;Autovettura privata;In marcia / fermata / arresto;Passeggero;M;Illeso;0;;Non accertato;Inesploso
3044560;13;06/11/2016 13:00;Strada Urbana;LUNGOMARE AMERIGO VESPUCCI;in corrispondenza;;del civico n.;98;;Veicolo in marcia contro ostacolo accidentale;Rettilineo;Una carreggiata a doppio senso;Asciutto;Asfaltata;Orizzontale;Nuvoloso;Normale;Buona;Ore Diurne;0;0;0;4;12.33457;41.70684;-1;1;Autovettura privata;In marcia / fermata / arresto;Passeggero;F;Illeso;0;;Non accertato;Inesploso
3044560;13;06/11/2016 13:00;Strada Urbana;LUNGOMARE AMERIGO VESPUCCI;in corrispondenza;;del civico n.;98;;Veicolo in marcia contro ostacolo accidentale;Rettilineo;Una carreggiata a doppio senso;Asciutto;Asfaltata;Orizzontale;Nuvoloso;Normale;Buona;Ore Diurne;0;0;0;4;12.33457;41.70684;-1;1;Autovettura privata;In marcia / fermata / arresto;Passeggero;M;Illeso;0;;Non accertato;Inesploso
3044572;2;07/11/2016 17:35;Strada Urbana;VIALE MARESCIALLO PILSUDSKI;da specificare;;;;fronte civico 92;Scontro laterale fra veicoli in marcia;Rettilineo;Una carreggiata a doppio senso;Asciutto;Asfaltata;Verticale ed orizzontale;Sereno;Intenso;Sufficiente;Sufficiente;0;0;0;2;12.47773;41.92861;-1;1;Autovettura privata;In marcia / fermata / arresto;Conducente;F;Illeso;0;;;
3044572;2;07/11/2016 17:35;Strada Urbana;VIALE MARESCIALLO PILSUDSKI;da specificare;;;;fronte civico 92;Scontro laterale fra veicoli in marcia;Rettilineo;Una carreggiata a doppio senso;Asciutto;Asfaltata;Verticale ed orizzontale;Sereno;Intenso;Sufficiente;Sufficiente;0;0;0;2;12.47773;41.92861;-1;2;Autovettura privata;In marcia / fermata / arresto;Conducente;F;Illeso;0;;;
3044576;13;06/11/2016 18:00;Strada Urbana;VIA DI SAPONARA;in corrispondenza;;del civico n.;82;;Veicolo in marcia contro ostacolo accidentale;Rettilineo;Una carreggiata a doppio senso;Bagnato (pioggia);Con buche;Assente;Pioggia in atto;Normale;Buona;Sufficiente;0;0;0;2;12.36158;41.78008;-1;1;Autovettura privata;In marcia / fermata / arresto;Conducente;M;Illeso;0;;Non accertato;Inesploso
3044576;13;06/11/2016 18:00;Strada Urbana;VIA DI SAPONARA;in corrispondenza;;del civico n.;82;;Veicolo in marcia contro ostacolo accidentale;Rettilineo;Una carreggiata a doppio senso;Bagnato (pioggia);Con buche;Assente;Pioggia in atto;Normale;Buona;Sufficiente;0;0;0;2;12.36158;41.78008;-1;1;Autovettura privata;In marcia / fermata / arresto;Passeggero;F;Illeso;0;;Non accertato;Inesploso
3044581;7;07/11/2016 18:35;Strada Urbana;VIA DELL'EDERA;all'intersezione con;VIA DELL'ALLORO;VIA DELL'ALLORO;;;Investimento di pedone;Incrocio;Due carreggiate;Asciutto;Asfaltata;Assente;Nuvoloso;Normale;Buona;Sufficiente;1;0;0;1;12.57088;41.87456;-1;;;;Pedone;M;Rimandato;0;NON DECEDUTO;;
3044581;7;07/11/2016 18:35;Strada Urbana;VIA DELL'EDERA;all'intersezione con;VIA DELL'ALLORO;VIA DELL'ALLORO;;;Investimento di pedone;Incrocio;Due carreggiate;Asciutto;Asfaltata;Assente;Nuvoloso;Normale;Buona;Sufficiente;1;0;0;1;12.57088;41.87456;-1;1;Autovettura privata;In marcia / fermata / arresto;Conducente;M;Illeso;0;;Non accertato;Inesploso
3044585;13;06/11/2016 17:15;Strada Urbana;VIA PINDARO;da specificare;;;;interno area parcheggio;Veicolo in marcia contro veicolo in sosta;Rettilineo;Una carreggiata a senso unico di marcia;Bagnato (pioggia);Asfaltata;Assente;Pioggia in atto;Normale;Sufficiente;Ore Diurne;0;0;0;2;12.36737;41.75661;-1;1;Autovettura privata;In marcia / fermata / arresto;Conducente;M;Illeso;0;;Non accertato;Inesploso
3044585;13;06/11/2016 17:15;Strada Urbana;VIA PINDARO;da specificare;;;;interno area parcheggio;Veicolo in marcia contro veicolo in sosta;Rettilineo;Una carreggiata a senso unico di marcia;Bagnato (pioggia);Asfaltata;Assente;Pioggia in atto;Normale;Sufficiente;Ore Diurne;0;0;0;2;12.36737;41.75661;-1;1;Autovettura privata;In marcia / fermata / arresto;Passeggero;M;Illeso;0;;Non accertato;Inesploso
3044587;13;06/11/2016 12:20;Strada Urbana;PIAZZA S. LEONARDO DA PORTO MAURIZIO;all'intersezione con;VIA DI ACILIA;VIA DI ACILIA;;;Scontro laterale fra veicoli in marcia;Incrocio;Due carreggiate;Bagnato (pioggia);Asfaltata;Verticale ed orizzontale;Pioggia in atto;Normale;Buona;Ore Diurne;0;0;0;7;12.36551;41.78322;-1;1;Autovettura privata;In marcia / fermata / arresto;Conducente;M;Illeso;0;;;
3044587;13;06/11/2016 12:20;Strada Urbana;PIAZZA S. LEONARDO DA PORTO MAURIZIO;all'intersezione con;VIA DI ACILIA;VIA DI ACILIA;;;Scontro laterale fra veicoli in marcia;Incrocio;Due carreggiate;Bagnato (pioggia);Asfaltata;Verticale ed orizzontale;Pioggia in atto;Normale;Buona;Ore Diurne;0;0;0;7;12.36551;41.78322;-1;1;Autovettura privata;In marcia / fermata / arresto;Passeggero;F;Illeso;0;;Non accertato;Inesploso
3044587;13;06/11/2016 12:20;Strada Urbana;PIAZZA S. LEONARDO DA PORTO MAURIZIO;all'intersezione con;VIA DI ACILIA;VIA DI ACILIA;;;Scontro laterale fra veicoli in marcia;Incrocio;Due carreggiate;Bagnato (pioggia);Asfaltata;Verticale ed orizzontale;Pioggia in atto;Normale;Buona;Ore Diurne;0;0;0;7;12.36551;41.78322;-1;1;Autovettura privata;In marcia / fermata / arresto;Passeggero;F;Illeso;0;;Non accertato;Inesploso
3044587;13;06/11/2016 12:20;Strada Urbana;PIAZZA S. LEONARDO DA PORTO MAURIZIO;all'intersezione con;VIA DI ACILIA;VIA DI ACILIA;;;Scontro laterale fra veicoli in marcia;Incrocio;Due carreggiate;Bagnato (pioggia);Asfaltata;Verticale ed orizzontale;Pioggia in atto;Normale;Buona;Ore Diurne;0;0;0;7;12.36551;41.78322;-1;2;Autovettura privata;In marcia / fermata / arresto;Conducente;M;Illeso;0;;;
3044587;13;06/11/2016 12:20;Strada Urbana;PIAZZA S. LEONARDO DA PORTO MAURIZIO;all'intersezione con;VIA DI ACILIA;VIA DI ACILIA;;;Scontro laterale fra veicoli in marcia;Incrocio;Due carreggiate;Bagnato (pioggia);Asfaltata;Verticale ed orizzontale;Pioggia in atto;Normale;Buona;Ore Diurne;0;0;0;7;12.36551;41.78322;-1;2;Autovettura privata;In marcia / fermata / arresto;Passeggero;F;Illeso;0;;Non accertato;Inesploso
3044587;13;06/11/2016 12:20;Strada Urbana;PIAZZA S. LEONARDO DA PORTO MAURIZIO;all'intersezione con;VIA DI ACILIA;VIA DI ACILIA;;;Scontro laterale fra veicoli in marcia;Incrocio;Due carreggiate;Bagnato (pioggia);Asfaltata;Verticale ed orizzontale;Pioggia in atto;Normale;Buona;Ore Diurne;0;0;0;7;12.36551;41.78322;-1;2;Autovettura privata;In marcia / fermata / arresto;Passeggero;F;Illeso;0;;Non accertato;Inesploso
3044587;13;06/11/2016 12:20;Strada Urbana;PIAZZA S. LEONARDO DA PORTO MAURIZIO;all'intersezione con;VIA DI ACILIA;VIA DI ACILIA;;;Scontro laterale fra veicoli in marcia;Incrocio;Due carreggiate;Bagnato (pioggia);Asfaltata;Verticale ed orizzontale;Pioggia in atto;Normale;Buona;Ore Diurne;0;0;0;7;12.36551;41.78322;-1;2;Autovettura privata;In marcia / fermata / arresto;Passeggero;M;Illeso;0;;Non accertato;Inesploso
3044595;10;07/11/2016 18:20;Statale entro l'abitato;VIA APPIA NUOVA;da specificare;;;;Fronte via della sergetta;Infortunio per caduta del veicolo;Rettilineo;Più di due carreggiate;Bagnato (umidità in atto);Asfaltata;Verticale ed orizzontale;Nuvoloso;Normale;Sufficiente;Sufficiente;1;0;0;1;12.56663;41.82074;-1;1;Motociclo a solo;In marcia / fermata / arresto;Conducente;M;Rimandato;0;NON DECEDUTO;Non accertato;
3044595;10;07/11/2016 18:20;Statale entro l'abitato;VIA APPIA NUOVA;da specificare;;;;Fronte via della sergetta;Infortunio per caduta del veicolo;Rettilineo;Più di due carreggiate;Bagnato (umidità in atto);Asfaltata;Verticale ed orizzontale;Nuvoloso;Normale;Sufficiente;Sufficiente;1;0;0;1;12.56663;41.82074;-1;2;Autocarro inferiore 35 q.;Allontanatosi;Conducente;M;Illeso;0;;Non accertato;Inesploso
3044796;9;07/11/2016 21:00;Strada Urbana;VIA ACQUI;da specificare;;;;Piazza Camillo Re al centro del ponte;Investimento di pedone;Rettilineo;Una carreggiata a doppio senso;Bagnato (pioggia);Asfaltata;Verticale ed orizzontale;Pioggia in atto;Normale;Sufficiente;Sufficiente;1;0;0;1;12.51625;41.8774;-1;;;;Pedone;F;Rimandato;0;NON DECEDUTO;;
3044796;9;07/11/2016 21:00;Strada Urbana;VIA ACQUI;da specificare;;;;Piazza Camillo Re al centro del ponte;Investimento di pedone;Rettilineo;Una carreggiata a doppio senso;Bagnato (pioggia);Asfaltata;Verticale ed orizzontale;Pioggia in atto;Normale;Sufficiente;Sufficiente;1;0;0;1;12.51625;41.8774;-1;1;Motociclo a solo;In marcia / fermata / arresto;Conducente;M;Illeso;0;;Non accertato;
3044797;9;08/11/2016 01:30;Strada Urbana;VIALE S. GIOVANNI BOSCO;all'intersezione semaforizzata con;VIA CALPURNIO FIAMMA;VIA CALPURNIO FIAMMA;;;Scontro frontale/laterale DX fra veicoli in marcia;Intersezione semaforizzata;Due carreggiate;Bagnato (pioggia);Asfaltata;Verticale ed orizzontale;Pioggia in atto;Scarso;Sufficiente;Sufficiente;0;0;0;2;12.56089;41.86059;-1;1;Autovettura privata;In marcia / fermata / arresto;Conducente;F;Illeso;0;;Non accertato;Inesploso
3044797;9;08/11/2016 01:30;Strada Urbana;VIALE S. GIOVANNI BOSCO;all'intersezione semaforizzata con;VIA CALPURNIO FIAMMA;VIA CALPURNIO FIAMMA;;;Scontro frontale/laterale DX fra veicoli in marcia;Intersezione semaforizzata;Due carreggiate;Bagnato (pioggia);Asfaltata;Verticale ed orizzontale;Pioggia in atto;Scarso;Sufficiente;Sufficiente;0;0;0;2;12.56089;41.86059;-1;2;Autocarro inferiore 35 q.;In marcia / fermata / arresto;Conducente;M;Illeso;0;;Non accertato;Inesploso
3044879;13;07/11/2016 18:00;Strada Urbana;VIA MAR DEI CORALLI;in corrispondenza;;del palo luce n.;20;;Veicolo in marcia contro ostacolo accidentale;Rettilineo;Una carreggiata a doppio senso;Asciutto;Asfaltata;Assente;Sereno;Normale;Buona;Sufficiente;0;0;0;1;12.30154;41.72973;-1;1;Autovettura privata;In marcia / fermata / arresto;Conducente;M;Illeso;0;;;
3044880;15;07/11/2016 12:30;Strada Urbana;VIA FRANCESCO CRISPIGNI;da specificare;;;;prossimità fronte civ. 25;Veicolo in marcia contro veicolo fermo;Rettilineo;Una carreggiata a doppio senso;Bagnato (pioggia);Asfaltata;Verticale;Nuvoloso;Normale;Buona;Ore Diurne;0;0;0;4;12.45517;41.86091;-1;1;Autovettura privata;In marcia / fermata / arresto;Conducente;F;Illeso;0;;Utilizzato;
3044880;15;07/11/2016 12:30;Strada Urbana;VIA FRANCESCO CRISPIGNI;da specificare;;;;prossimità fronte civ. 25;Veicolo in marcia contro veicolo fermo;Rettilineo;Una carreggiata a doppio senso;Bagnato (pioggia);Asfaltata;Verticale;Nuvoloso;Normale;Buona;Ore Diurne;0;0;0;4;12.45517;41.86091;-1;2;Autovettura privata;In marcia / fermata / arresto;Conducente;M;Illeso;0;;Utilizzato;Inesploso
3044880;15;07/11/2016 12:30;Strada Urbana;VIA FRANCESCO CRISPIGNI;da specificare;;;;prossimità fronte civ. 25;Veicolo in marcia contro veicolo fermo;Rettilineo;Una carreggiata a doppio senso;Bagnato (pioggia);Asfaltata;Verticale;Nuvoloso;Normale;Buona;Ore Diurne;0;0;0;4;12.45517;41.86091;-1;2;Autovettura privata;In marcia / fermata / arresto;Passeggero;F;Illeso;0;;Non accertato;Inesploso
3044880;15;07/11/2016 12:30;Strada Urbana;VIA FRANCESCO CRISPIGNI;da specificare;;;;prossimità fronte civ. 25;Veicolo in marcia contro veicolo fermo;Rettilineo;Una carreggiata a doppio senso;Bagnato (pioggia);Asfaltata;Verticale;Nuvoloso;Normale;Buona;Ore Diurne;0;0;0;4;12.45517;41.86091;-1;2;Autovettura privata;In marcia / fermata / arresto;Passeggero;M;Illeso;0;;Non accertato;Inesploso
3044884;13;07/11/2016 19:10;Strada Urbana;VIA OSTIENSE;in corrispondenza;;del civico n.;2213;;Veicolo in marcia contro ostacolo accidentale;Rettilineo;Una carreggiata a doppio senso;Bagnato (pioggia);Asfaltata;Verticale ed orizzontale;Nuvoloso;Normale;Buona;Sufficiente;0;0;0;1;12.31817;41.76693;-1;1;Autovettura privata;In marcia / fermata / arresto;Conducente;M;Illeso;0;;Non accertato;Inesploso
3044887;15;07/11/2016 10:30;Strada Urbana;VIA DEL PONTE PISANO;all'intersezione con;VIA PORTUENSE;VIA PORTUENSE;;;Scontro frontale/laterale DX fra veicoli in marcia;Intersezione stradale segnalata;Una carreggiata a doppio senso;Bagnato (pioggia);Asfaltata;Verticale ed orizzontale;Nuvoloso;Normale;Buona;Ore Diurne;0;0;0;2;12.40217;41.85008;-1;1;Autocarro inferiore 35 q.;In marcia / fermata / arresto;Conducente;M;Illeso;0;;Non accertato;Inesploso
3044887;15;07/11/2016 10:30;Strada Urbana;VIA DEL PONTE PISANO;all'intersezione con;VIA PORTUENSE;VIA PORTUENSE;;;Scontro frontale/laterale DX fra veicoli in marcia;Intersezione stradale segnalata;Una carreggiata a doppio senso;Bagnato (pioggia);Asfaltata;Verticale ed orizzontale;Nuvoloso;Normale;Buona;Ore Diurne;0;0;0;2;12.40217;41.85008;-1;2;Autovettura privata;In marcia / fermata / arresto;Conducente;M;Illeso;0;;Non accertato;Inesploso
3044888;13;07/11/2016 21:40;Strada Urbana;VIA OSTIENSE;in corrispondenza;;del civico n.;2213;;Veicolo in marcia contro ostacolo accidentale;Rettilineo;Una carreggiata a doppio senso;Bagnato (pioggia);Asfaltata;Verticale ed orizzontale;Pioggia in atto;Normale;Buona;Sufficiente;0;0;0;1;12.31817;41.76693;-1;1;Autovettura privata;In marcia / fermata / arresto;Conducente;M;Illeso;0;;Non accertato;Inesploso
3044891;13;07/11/2016 06:30;Strada Urbana;VIALE DEI ROMAGNOLI;in corrispondenza;;del civico n.;743;;Veicolo in marcia contro ostacolo accidentale;Rettilineo;Una carreggiata a doppio senso;Bagnato (umidità in atto);Asfaltata;Assente;Nuvoloso;Scarso;Sufficiente;Sufficiente;0;0;0;1;12.30123;41.76023;-1;1;Autovettura privata;In marcia / fermata / arresto;Conducente;M;Illeso;0;;;
3044894;13;08/11/2016 01:10;Strada Urbana;VIALE DEI ROMAGNOLI;in corrispondenza;;del civico n.;2113;;Veicolo in marcia contro ostacolo accidentale;Rettilineo;Una carreggiata a senso unico di marcia;Bagnato (pioggia);Asfaltata;Assente;Pioggia in atto;Scarso;Buona;Ore Diurne;0;0;0;1;12.3628;41.78507;-1;1;Autovettura privata;In marcia / fermata / arresto;Conducente;M;Illeso;0;;;
3044897;15;07/11/2016 18:50;Strada Urbana;VIA DEL TRULLO;da specificare;;;;in prossimità di Via Lamporecchio;Veicolo in marcia contro ostacolo accidentale;Rettilineo;Due carreggiate;Bagnato (umidità in atto);Asfaltata;Orizzontale;Nuvoloso;Normale;Buona;Sufficiente;0;0;0;1;12.43613;41.84299;-1;1;Autovettura privata;In marcia / fermata / arresto;Conducente;M;Illeso;0;;Utilizzato;
3044898;13;08/11/2016 02:30;Strada Urbana;VIALE DEI ROMAGNOLI;in corrispondenza;;del civico n.;2113;;Veicolo in marcia contro ostacolo accidentale;Rettilineo;Una carreggiata a senso unico di marcia;Bagnato (pioggia);Asfaltata;Verticale;Pioggia in atto;Scarso;Buona;Sufficiente;0;0;0;2;12.3628;41.78507;-1;1;Autovettura privata;In marcia / fermata / arresto;Conducente;M;Illeso;0;;;
3044898;13;08/11/2016 02:30;Strada Urbana;VIALE DEI ROMAGNOLI;in corrispondenza;;del civico n.;2113;;Veicolo in marcia contro ostacolo accidentale;Rettilineo;Una carreggiata a senso unico di marcia;Bagnato (pioggia);Asfaltata;Verticale;Pioggia in atto;Scarso;Buona;Sufficiente;0;0;0;2;12.3628;41.78507;-1;1;Autovettura privata;In marcia / fermata / arresto;Passeggero;M;Illeso;0;;;
3044900;15;07/11/2016 09:50;Strada Urbana;VIA PORTUENSE;da specificare;;;;fronte via Oroboni dir. Trullo;Infortunio per sola frenata improvvisa;Rettilineo;Due carreggiate;Bagnato (pioggia);Asfaltata;Orizzontale;Nuvoloso;Normale;Buona;Ore Diurne;1;0;0;0;12.41584;41.84761;-1;1;Motociclo a solo;In marcia / fermata / arresto;Conducente;M;Rimandato;0;NON DECEDUTO;Non accertato;
3044902;15;07/11/2016 06:30;Strada Urbana;VIA DELLA MAGLIANA;all'intersezione con;VIA LUIGI DASTI;VIA LUIGI DASTI;;;Scontro frontale/laterale SX fra veicoli in marcia;Intersezione stradale segnalata;Una carreggiata a doppio senso;Bagnato (pioggia);Asfaltata;Verticale;Pioggia in atto;Scarso;Sufficiente;Ore Diurne;0;0;0;3;12.41611;41.8278;-1;1;Autocarro inferiore 35 q.;In marcia / fermata / arresto;Conducente;M;Illeso;0;;Utilizzato;
3044902;15;07/11/2016 06:30;Strada Urbana;VIA DELLA MAGLIANA;all'intersezione con;VIA LUIGI DASTI;VIA LUIGI DASTI;;;Scontro frontale/laterale SX fra veicoli in marcia;Intersezione stradale segnalata;Una carreggiata a doppio senso;Bagnato (pioggia);Asfaltata;Verticale;Pioggia in atto;Scarso;Sufficiente;Ore Diurne;0;0;0;3;12.41611;41.8278;-1;1;Autocarro inferiore 35 q.;In marcia / fermata / arresto;Passeggero;M;Illeso;0;;Utilizzato;
3044902;15;07/11/2016 06:30;Strada Urbana;VIA DELLA MAGLIANA;all'intersezione con;VIA LUIGI DASTI;VIA LUIGI DASTI;;;Scontro frontale/laterale SX fra veicoli in marcia;Intersezione stradale segnalata;Una carreggiata a doppio senso;Bagnato (pioggia);Asfaltata;Verticale;Pioggia in atto;Scarso;Sufficiente;Ore Diurne;0;0;0;3;12.41611;41.8278;-1;2;Autocarro inferiore 35 q.;In marcia / fermata / arresto;Conducente;M;Illeso;0;;Utilizzato;