Protocollo;Gruppo;DataOraIncidente;Localizzazione1;STRADA1;Localizzazione2;STRADA2;Strada02;Chilometrica;DaSpecificare;NaturaIncidente;particolaritastrade;TipoStrada;FondoStradale;Pavimentazione;Segnaletica;CondizioneAtmosferica;Traffico;Visibilita;Illuminazione;NUM_FERITI;NUM_RISERVATA;NUM_MORTI;NUM_ILLESI;Longitudine;Latitudine;Confermato;Progressivo;TipoVeicolo;StatoVeicolo;TipoPersona;Sesso;Tipolesione;Deceduto;DecedutoDopo;CinturaCascoUtilizzato;Airbag
3054046;10;13/11/2016 13:20;Strada Urbana;VIA LUCREZIA ROMANA;all'intersezione con;VIA JOAN MIRO';VIA JOAN MIRO';;;Scontro frontale/laterale SX fra veicoli in marcia;Incrocio;Una carreggiata a doppio senso;Asciutto;Asfaltata;Verticale ed orizzontale;Sereno;Scarso;Buona;Ore Diurne;1;0;0;1;12.57875;41.83189;-1;2;Autovettura privata;In marcia / fermata / arresto;Conducente;M;Illeso;0;;Non accertato;Esploso
3054047;7;11/11/2016 18:45;Strada Urbana;VIA VIRGILIO GUIDI;all'intersezione con;VIA RAFFAELE COSTI;VIA RAFFAELE COSTI;;;Tamponamento Multiplo;Incrocio;Una carreggiata a doppio senso;Bagnato (pioggia);Asfaltata;Verticale ed orizzontale;Pioggia in atto;Normale;Sufficiente;Sufficiente;2;0;0;5;12.59731;41.91052;-1;1;Autovettura privata;In marcia / fermata / arresto;Conducente;M;Illeso;0;;Non accertato;Inesploso
3054047;7;11/11/2016 18:45;Strada Urbana;VIA VIRGILIO GUIDI;all'intersezione con;VIA RAFFAELE COSTI;VIA RAFFAELE COSTI;;;Tamponamento Multiplo;Incrocio;Una carreggiata a doppio senso;Bagnato (pioggia);Asfaltata;Verticale ed orizzontale;Pioggia in atto;Normale;Sufficiente;Sufficiente;2;0;0;5;12.59731;41.91052;-1;1;Autovettura privata;In marcia / fermata / arresto;Passeggero;M;Illeso;0;;Non accertato;Inesploso
3054047;7;11/11/2016 18:45;Strada Urbana;VIA VIRGILIO GUIDI;all'intersezione con;VIA RAFFAELE COSTI;VIA RAFFAELE COSTI;;;Tamponamento Multiplo;Incrocio;Una carreggiata a doppio senso;Bagnato (pioggia);Asfaltata;Verticale ed orizzontale;Pioggia in atto;Normale;Sufficiente;Sufficiente;2;0;0;5;12.59731;41.91052;-1;2;Autovettura privata;In marcia / fermata / arresto;Conducente;F;Rimandato;0;NON DECEDUTO;Non accertato;Inesploso
3054047;7;11/11/2016 18:45;Strada Urbana;VIA VIRGILIO GUIDI;all'intersezione con;VIA RAFFAELE COSTI;VIA RAFFAELE COSTI;;;Tamponamento Multiplo;Incrocio;Una carreggiata a doppio senso;Bagnato (pioggia);Asfaltata;Verticale ed orizzontale;Pioggia in atto;Normale;Sufficiente;Sufficiente;2;0;0;5;12.59731;41.91052;-1;2;Autovettura privata;In marcia / fermata / arresto;Passeggero;F;Rimandato;0;NON DECEDUTO;Non accertato;Inesploso
3054047;7;11/11/2016 18:45;Strada Urbana;VIA VIRGILIO GUIDI;all'intersezione con;VIA RAFFAELE COSTI;VIA RAFFAELE COSTI;;;Tamponamento Multiplo;Incrocio;Una carreggiata a doppio senso;Bagnato (pioggia);Asfaltata;Verticale ed orizzontale;Pioggia in atto;Normale;Sufficiente;Sufficiente;2;0;0;5;12.59731;41.91052;-1;3;Autovettura privata;In marcia / fermata / arresto;Conducente;F;Illeso;0;;Non accertato;Inesploso
3054047;7;11/11/2016 18:45;Strada Urbana;VIA VIRGILIO GUIDI;all'intersezione con;VIA RAFFAELE COSTI;VIA RAFFAELE COSTI;;;Tamponamento Multiplo;Incrocio;Una carreggiata a doppio senso;Bagnato (pioggia);Asfaltata;Verticale ed orizzontale;Pioggia in atto;Normale;Sufficiente;Sufficiente;2;0;0;5;12.59731;41.91052;-1;3;Autovettura privata;In marcia / fermata / arresto;Passeggero;F;Illeso;0;;Non accertato;Inesploso
3054047;7;11/11/2016 18:45;Strada Urbana;VIA VIRGILIO GUIDI;all'intersezione con;VIA RAFFAELE COSTI;VIA RAFFAELE COSTI;;;Tamponamento Multiplo;Incrocio;Una carreggiata a doppio senso;Bagnato (pioggia);Asfaltata;Verticale ed orizzontale;Pioggia in atto;Normale;Sufficiente;Sufficiente;2;0;0;5;12.59731;41.91052;-1;3;Autovettura privata;In marcia / fermata / arresto;Passeggero;F;Illeso;0;;Non accertato;Inesploso
3054050;4;13/11/2016 06:00;Statale entro l'abitato;VIA SALARIA;da specificare;;;;prossimità GRA  palo Acea 322 dir. Monterotondo;Veicolo in marcia contro ostacolo fisso;Rettilineo;Due carreggiate;Asciutto;Asfaltata;Verticale ed orizzontale;Sereno;Scarso;Sufficiente;Sufficiente;0;0;0;1;12.50623;41.96277;-1;1;Autovettura privata;In marcia / fermata / arresto;Conducente;F;Illeso;0;;Non accertato;Inesistente
3054064;6;13/11/2016 03:00;Strada Urbana;VIA DI TOR PIGNATTARA;all'intersezione con;VIA DEGLI ANGELI;VIA DEGLI ANGELI;;;Scontro frontale/laterale SX fra veicoli in marcia;Incrocio;Due carreggiate;Asciutto;Asfaltata;Verticale ed orizzontale;Sereno;Scarso;Buona;Sufficiente;0;0;0;5;12.54118;41.87425;-1;1;Autovettura privata;In marcia / fermata / arresto;Conducente;M;Illeso;0;;;
3054064;6;13/11/2016 03:00;Strada Urbana;VIA DI TOR PIGNATTARA;all'intersezione con;VIA DEGLI ANGELI;VIA DEGLI ANGELI;;;Scontro frontale/laterale SX fra veicoli in marcia;Incrocio;Due carreggiate;Asciutto;Asfaltata;Verticale ed orizzontale;Sereno;Scarso;Buona;Sufficiente;0;0;0;5;12.54118;41.87425;-1;1;Autovettura privata;In marcia / fermata / arresto;Passeggero;F;Illeso;0;;;
3054064;6;13/11/2016 03:00;Strada Urbana;VIA DI TOR PIGNATTARA;all'intersezione con;VIA DEGLI ANGELI;VIA DEGLI ANGELI;;;Scontro frontale/laterale SX fra veicoli in marcia;Incrocio;Due carreggiate;Asciutto;Asfaltata;Verticale ed orizzontale;Sereno;Scarso;Buona;Sufficiente;0;0;0;5;12.54118;41.87425;-1;2;Autovettura privata;In marcia / fermata / arresto;Conducente;M;Illeso;0;;;
3054064;6;13/11/2016 03:00;Strada Urbana;VIA DI TOR PIGNATTARA;all'intersezione con;VIA DEGLI ANGELI;VIA DEGLI ANGELI;;;Scontro frontale/laterale SX fra veicoli in marcia;Incrocio;Due carreggiate;Asciutto;Asfaltata;Verticale ed orizzontale;Sereno;Scarso;Buona;Sufficiente;0;0;0;5;12.54118;41.87425;-1;2;Autovettura privata;In marcia / fermata / arresto;Passeggero;F;Illeso;0;;;
3054064;6;13/11/2016 03:00;Strada Urbana;VIA DI TOR PIGNATTARA;all'intersezione con;VIA DEGLI ANGELI;VIA DEGLI ANGELI;;;Scontro frontale/laterale SX fra veicoli in marcia;Incrocio;Due carreggiate;Asciutto;Asfaltata;Verticale ed orizzontale;Sereno;Scarso;Buona;Sufficiente;0;0;0;5;12.54118;41.87425;-1;2;Autovettura privata;In marcia / fermata / arresto;Passeggero;F;Illeso;0;;;
3054067;4;13/11/2016 05:00;Strada Urbana;VIA SALARIA;da specificare;;;;cavalcavia MCTC;Veicolo in marcia contro ostacolo fisso;Cavalcavia;Una carreggiata a senso unico di marcia;Asciutto;Asfaltata;Assente;Sereno;Scarso;Buona;Ore Diurne;1;0;0;0;12.50623;41.96277;-1;1;Autovettura privata;In marcia / fermata / arresto;Conducente;M;Rifiuta cure immediate;0;NON DECEDUTO;;
3054070;8;13/11/2016 18:30;Strada Urbana;VIA COLLATINA;da specificare;;;;30 mt dopo il G.R.A. DIR. ;Veicolo in marcia contro ostacolo accidentale;Curva a visuale libera;Una carreggiata a doppio senso;Asciutto;Con buche;Verticale ed orizzontale;Sereno;Normale;Buona;Inesistente;0;0;0;2;12.66611;41.92234;-1;1;Autovettura privata;In marcia / fermata / arresto;Conducente;M;Illeso;0;;Non accertato;Inesploso
3054070;8;13/11/2016 18:30;Strada Urbana;VIA COLLATINA;da specificare;;;;30 mt dopo il G.R.A. DIR. ;Veicolo in marcia contro ostacolo accidentale;Curva a visuale libera;Una carreggiata a doppio senso;Asciutto;Con buche;Verticale ed orizzontale;Sereno;Normale;Buona;Inesistente;0;0;0;2;12.66611;41.92234;-1;1;Autovettura privata;In marcia / fermata / arresto;Passeggero;F;Illeso;0;;Non accertato;Inesploso
3054082;4;13/11/2016 10:10;Statale entro l'abitato;VIA SALARIA;da specificare;;;;rampa d'immissione da GRA direzione Roma centro;Veicolo in marcia contro ostacolo accidentale;Curva senza visuale libera;Due carreggiate;Asciutto;Asfaltata;Verticale ed orizzontale;Sereno;Normale;Sufficiente;Ore Diurne;0;0;0;3;12.50623;41.96277;-1;1;Autovettura privata;In marcia / fermata / arresto;Conducente;M;Illeso;0;;Non accertato;Inesploso
3054082;4;13/11/2016 10:10;Statale entro l'abitato;VIA SALARIA;da specificare;;;;rampa d'immissione da GRA direzione Roma centro;Veicolo in marcia contro ostacolo accidentale;Curva senza visuale libera;Due carreggiate;Asciutto;Asfaltata;Verticale ed orizzontale;Sereno;Normale;Sufficiente;Ore Diurne;0;0;0;3;12.50623;41.96277;-1;1;Autovettura privata;In marcia / fermata / arresto;Passeggero;M;Illeso;0;;Non accertato;Inesploso
3054082;4;13/11/2016 10:10;Statale entro l'abitato;VIA SALARIA;da specificare;;;;rampa d'immissione da GRA direzione Roma centro;Veicolo in marcia contro ostacolo accidentale;Curva senza visuale libera;Due carreggiate;Asciutto;Asfaltata;Verticale ed orizzontale;Sereno;Normale;Sufficiente;Ore Diurne;0;0;0;3;12.50623;41.96277;-1;1;Autovettura privata;In marcia / fermata / arresto;Passeggero;F;Illeso;0;;Non accertato;Inesploso
3054083;8;12/11/2016 08:45;Provinciale;VIA COLLATINA;da specificare;;;;a circa 200 metri prima incrocio dir Acqua Vergine;Veicolo in marcia contro ostacolo accidentale;Rettilineo;Una carreggiata a doppio senso;Asciutto;Con buche;Verticale ed orizzontale;Nuvoloso;Normale;Buona;Ore Diurne;0;0;0;1;12.66611;41.92234;-1;1;Autovettura privata;In marcia / fermata / arresto;Conducente;M;Illeso;0;;Non accertato;Inesploso
3054085;10;13/11/2016 13:10;Strada Urbana;VIA ANAGNINA;da specificare;;;;PROSSIMITA' VIA BELLICO CALPURNIO;Veicolo in marcia contro ostacolo fisso;Rettilineo;Due carreggiate;Asciutto;Con buche;Verticale ed orizzontale;Sereno;Normale;Buona;Ore Diurne;0;0;0;1;12.61103;41.82024;-1;1;Autovettura privata;In marcia / fermata / arresto;Conducente;M;Illeso;0;;Non accertato;Inesploso
3054088;4;13/11/2016 12:00;Strada Urbana;VIA SALARIA;in prossimità;;del civico n.;755;;Veicolo in marcia contro ostacolo accidentale;Rettilineo;Due carreggiate;Asciutto;Asfaltata;Verticale ed orizzontale;Sereno;Normale;Buona;Ore Diurne;0;0;0;2;12.50669;41.94725;-1;1;Autovettura privata;In marcia / fermata / arresto;Conducente;M;Illeso;0;;Non accertato;Inesploso
3054088;4;13/11/2016 12:00;Strada Urbana;VIA SALARIA;in prossimità;;del civico n.;755;;Veicolo in marcia contro ostacolo accidentale;Rettilineo;Due carreggiate;Asciutto;Asfaltata;Verticale ed orizzontale;Sereno;Normale;Buona;Ore Diurne;0;0;0;2;12.50669;41.94725;-1;1;Autovettura privata;In marcia / fermata / arresto;Passeggero;F;Illeso;0;;Non accertato;Inesploso
3054091;8;12/11/2016 06:40;Provinciale;VIA COLLATINA;da specificare;;;;direz lunghezza 100 metri dopo il GRA;Veicolo in marcia contro ostacolo accidentale;Rettilineo;Una carreggiata a doppio senso;Bagnato (umidità in atto);Con buche;Verticale ed orizzontale;Nebbia;Scarso;Insufficiente;Inesistente;0;0;0;1;12.66611;41.92234;-1;1;Autovettura privata;In marcia / fermata / arresto;Conducente;M;Illeso;0;;Non accertato;Inesploso
3054095;8;12/11/2016 11:00;Provinciale entro l'abitato;VIA COLLATINA;da specificare;;;;dir fuori Roma;Veicolo in marcia contro ostacolo accidentale;Rettilineo;Una carreggiata a doppio senso;Asciutto;Asfaltata;Verticale ed orizzontale;Sereno;Normale;Buona;Ore Diurne;1;0;0;1;12.66611;41.92234;-1;1;Autovettura privata;In marcia / fermata / arresto;Conducente;M;Illeso;0;;Non accertato;
3054095;8;12/11/2016 11:00;Provinciale entro l'abitato;VIA COLLATINA;da specificare;;;;dir fuori Roma;Veicolo in marcia contro ostacolo accidentale;Rettilineo;Una carreggiata a doppio senso;Asciutto;Asfaltata;Verticale ed orizzontale;Sereno;Normale;Buona;Ore Diurne;1;0;0;1;12.66611;41.92234;-1;1;Autovettura privata;In marcia / fermata / arresto;Passeggero;F;Rifiuta cure immediate;0;NON DECEDUTO;Non accertato;Inesploso
3054106;8;12/11/2016 14:45;Strada Urbana;VIA COLLATINA;da specificare;;;;dir fuori Roma;Veicolo in marcia contro ostacolo accidentale;Rettilineo;Una carreggiata a doppio senso;Asciutto;Con buche;Orizzontale;Sereno;Normale;Buona;Ore Diurne;0;0;0;2;12.66599;41.92235;-1;1;Autovettura privata;In marcia / fermata / arresto;Conducente;F;Illeso;0;;Non accertato;Inesploso
3054106;8;12/11/2016 14:45;Strada Urbana;VIA COLLATINA;da specificare;;;;dir fuori Roma;Veicolo in marcia contro ostacolo accidentale;Rettilineo;Una carreggiata a doppio senso;Asciutto;Con buche;Orizzontale;Sereno;Normale;Buona;Ore Diurne;0;0;0;2;12.66599;41.92235;-1;1;Autovettura privata;In marcia / fermata / arresto;Passeggero;F;Illeso;0;;Non accertato;Inesploso
3054108;12;12/11/2016 17:20;Strada Urbana;VIA CRISTOFORO COLOMBO;da specificare;;;;DIREZIONE ROMA ALT. VIALE AFRICA;Tamponamento;Rettilineo;Due carreggiate;Asciutto;Asfaltata;Verticale ed orizzontale;Sereno;Normale;Buona;Ore Diurne;1;0;0;2;12.46907;41.82631;-1;1;Autovettura privata;In marcia / fermata / arresto;Conducente;M;Illeso;0;;Utilizzato;Inesploso
3054108;12;12/11/2016 17:20;Strada Urbana;VIA CRISTOFORO COLOMBO;da specificare;;;;DIREZIONE ROMA ALT. VIALE AFRICA;Tamponamento;Rettilineo;Due carreggiate;Asciutto;Asfaltata;Verticale ed orizzontale;Sereno;Normale;Buona;Ore Diurne;1;0;0;2;12.46907;41.82631;-1;2;Autovettura privata;In marcia / fermata / arresto;Conducente;M;Illeso;0;;Non accertato;Inesploso
3054108;12;12/11/2016 17:20;Strada Urbana;VIA CRISTOFORO COLOMBO;da specificare;;;;DIREZIONE ROMA ALT. VIALE AFRICA;Tamponamento;Rettilineo;Due carreggiate;Asciutto;Asfaltata;Verticale ed orizzontale;Sereno;Normale;Buona;Ore Diurne;1;0;0;2;12.46907;41.82631;-1;2;Autovettura privata;In marcia / fermata / arresto;Passeggero;M;Rimandato;0;NON DECEDUTO;Non accertato;Inesploso
3054113;8;13/11/2016 04:30;Strada Urbana;VIA PRENESTINA;all'intersezione con;VIA TEGGIANO;VIA TEGGIANO;;;Veicolo in marcia contro ostacolo accidentale;Incrocio;Una carreggiata a doppio senso;Asciutto;Asfaltata;Verticale ed orizzontale;Sereno;Scarso;Insufficiente;Insufficiente;0;0;0;2;12.61059;41.89346;-1;1;Autovettura privata;In marcia / fermata / arresto;Passeggero;F;Illeso;0;;Non accertato;Inesploso
3054113;8;13/11/2016 04:30;Strada Urbana;VIA PRENESTINA;all'intersezione con;VIA TEGGIANO;VIA TEGGIANO;;;Veicolo in marcia contro ostacolo accidentale;Incrocio;Una carreggiata a doppio senso;Asciutto;Asfaltata;Verticale ed orizzontale;Sereno;Scarso;Insufficiente;Insufficiente;0;0;0;2;12.61059;41.89346;-1;1;Autovettura privata;In marcia / fermata / arresto;Conducente;F;Illeso;0;;Non accertato;Inesploso
3054117;8;13/11/2016 11:25;Strada Urbana;VIA DON PRIMO MAZZOLARI;in prossimità;;del civico n.;59;;Veicolo in marcia contro ostacolo accidentale;Curva a visuale libera;Una carreggiata a doppio senso;Asciutto;Asfaltata;Orizzontale;Sereno;Normale;Sufficiente;Ore Diurne;0;0;0;1;12.67752;41.89211;-1;1;Autovettura privata;In marcia / fermata / arresto;Conducente;M;Illeso;0;;Non accertato;Inesploso
3054123;4;13/11/2016 11:25;Strada Urbana;VIA RADICOFANI;in prossimità;;del civico n.;75;;Scontro laterale fra veicoli in marcia;Rettilineo;Una carreggiata a doppio senso;Asciutto;Asfaltata;Verticale ed orizzontale;Sereno;Normale;Buona;Ore Diurne;0;0;0;2;12.50791;41.97656;-1;1;Motociclo a solo;In marcia / fermata / arresto;Conducente;M;Illeso;0;;Non accertato;
3054123;4;13/11/2016 11:25;Strada Urbana;VIA RADICOFANI;in prossimità;;del civico n.;75;;Scontro laterale fra veicoli in marcia;Rettilineo;Una carreggiata a doppio senso;Asciutto;Asfaltata;Verticale ed orizzontale;Sereno;Normale;Buona;Ore Diurne;0;0;0;2;12.50791;41.97656;-1;2;Autovettura privata;In marcia / fermata / arresto;Conducente;M;Illeso;0;;Non accertato;Inesploso
3054127;19;12/11/2016 13:00;Strada Urbana;VIA PIEVE DI CADORE;all'intersezione con;VIA DEL FORTE TRIONFALE;VIA DEL FORTE TRIONFALE;;;Scontro laterale fra veicoli in marcia;Incrocio;Una carreggiata a senso unico di marcia;Asciutto;Asfaltata;Verticale ed orizzontale;Sereno;Normale;Buona;Ore Diurne;0;0;0;2;12.43805;41.93967;-1;1;Autovettura privata;In marcia / fermata / arresto;Conducente;M;Illeso;0;;Non accertato;Inesploso
3054127;19;12/11/2016 13:00;Strada Urbana;VIA PIEVE DI CADORE;all'intersezione con;VIA DEL FORTE TRIONFALE;VIA DEL FORTE TRIONFALE;;;Scontro laterale fra veicoli in marcia;Incrocio;Una carreggiata a senso unico di marcia;Asciutto;Asfaltata;Verticale ed orizzontale;Sereno;Normale;Buona;Ore Diurne;0;0;0;2;12.43805;41.93967;-1;2;Autobus urbano;In marcia / fermata / arresto;Conducente;M;Illeso;0;;Non accertato;Inesploso
3054128;8;13/11/2016 04:35;Strada Urbana;VIA PRENESTINA;da specificare;;;;altezza via TEGGIANO;Veicolo in marcia contro ostacolo accidentale;Rettilineo;Una carreggiata a doppio senso;Asciutto;Asfaltata;Verticale ed orizzontale;Nuvoloso;Scarso;Sufficiente;Inesistente;0;0;0;3;12.61059;41.89346;-1;1;Autovettura privata;In marcia / fermata / arresto;Conducente;M;Illeso;0;;Non accertato;Inesploso
3054128;8;13/11/2016 04:35;Strada Urbana;VIA PRENESTINA;da specificare;;;;altezza via TEGGIANO;Veicolo in marcia contro ostacolo accidentale;Rettilineo;Una carreggiata a doppio senso;Asciutto;Asfaltata;Verticale ed orizzontale;Nuvoloso;Scarso;Sufficiente;Inesistente;0;0;0;3;12.61059;41.89346;-1;1;Autovettura privata;In marcia / fermata / arresto;Passeggero;M;Illeso;0;;Non accertato;Inesploso
3054131;8;13/11/2016 04:30;Strada Urbana;VIA PRENESTINA;da specificare;;;;alt. Via Teggiano;Veicolo in marcia contro ostacolo accidentale;Rettilineo;Una carreggiata a doppio senso;Asciutto;Asfaltata;Verticale ed orizzontale;Nuvoloso;Scarso;Insufficiente;Inesistente;0;0;0;2;12.62601;41.89277;-1;1;Autovettura privata;In marcia / fermata / arresto;Conducente;F;Illeso;0;;;
3054131;8;13/11/2016 04:30;Strada Urbana;VIA PRENESTINA;da specificare;;;;alt. Via Teggiano;Veicolo in marcia contro ostacolo accidentale;Rettilineo;Una carreggiata a doppio senso;Asciutto;Asfaltata;Verticale ed orizzontale;Nuvoloso;Scarso;Insufficiente;Inesistente;0;0;0;2;12.62601;41.89277;-1;1;Autovettura privata;In marcia / fermata / arresto;Passeggero;F;Illeso;0;;;
3054132;8;13/11/2016 10:30;Strada Urbana;VIA COLLATINA;da specificare;;;;dir GRA;Veicolo in marcia contro ostacolo accidentale;Rettilineo;Una carreggiata a doppio senso;Bagnato (pioggia);Asfaltata;Orizzontale;Sereno;Normale;Buona;Ore Diurne;0;0;0;1;12.66599;41.92235;-1;1;Autovettura privata;In marcia / fermata / arresto;Conducente;M;Illeso;0;;Non accertato;Inesploso
3054133;7;14/11/2016 07:55;Strada Urbana;VIA DEI CICLAMINI;all'intersezione con;VIA DELLE PALME;VIA DELLE PALME;;;Scontro frontale/laterale SX fra veicoli in marcia;Incrocio;Una carreggiata a doppio senso;Asciutto;Asfaltata;Verticale ed orizzontale;Nuvoloso;Normale;Buona;Ore Diurne;1;0;0;1;12.56686;41.88967;-1;1;Autovettura privata;In marcia / fermata / arresto;Conducente;M;Illeso;0;;Non accertato;Inesploso
3054133;7;14/11/2016 07:55;Strada Urbana;VIA DEI CICLAMINI;all'intersezione con;VIA DELLE PALME;VIA DELLE PALME;;;Scontro frontale/laterale SX fra veicoli in marcia;Incrocio;Una carreggiata a doppio senso;Asciutto;Asfaltata;Verticale ed orizzontale;Nuvoloso;Normale;Buona;Ore Diurne;1;0;0;1;12.56686;41.88967;-1;2;Quadriciclo leggero;In marcia / fermata / arresto;Conducente;F;Rimandato;0;NON DECEDUTO;Non accertato;Inesistente
3054134;4;13/11/2016 11:00;Strada Urbana;VIALE JONIO;da specificare;;;;prossimità VIA MONTE ROCCHETTA;Scontro laterale fra veicoli in marcia;Curva a visuale libera;Una carreggiata a doppio senso;Asciutto;Asfaltata;Verticale ed orizzontale;Sereno;Normale;Buona;Ore Diurne;1;0;0;2;12.53139;41.9458;-1;1;Autovettura privata;In marcia / fermata / arresto;Conducente;M;Ricoverato;0;NON DECEDUTO;Non accertato;Inesploso
3054134;4;13/11/2016 11:00;Strada Urbana;VIALE JONIO;da specificare;;;;prossimità VIA MONTE ROCCHETTA;Scontro laterale fra veicoli in marcia;Curva a visuale libera;Una carreggiata a doppio senso;Asciutto;Asfaltata;Verticale ed orizzontale;Sereno;Normale;Buona;Ore Diurne;1;0;0;2;12.53139;41.9458;-1;2;Autovettura privata;In marcia / fermata / arresto;Conducente;M;Illeso;0;;Non accertato;Inesistente
3054134;4;13/11/2016 11:00;Strada Urbana;VIALE JONIO;da specificare;;;;prossimità VIA MONTE ROCCHETTA;Scontro laterale fra veicoli in marcia;Curva a visuale libera;Una carreggiata a doppio senso;Asciutto;Asfaltata;Verticale ed orizzontale;Sereno;Normale;Buona;Ore Diurne;1;0;0;2;12.53139;41.9458;-1;2;Autovettura privata;In marcia / fermata / arresto;Passeggero;F;Illeso;0;;Non accertato;Inesploso
3054135;8;13/11/2016 16:00;Provinciale;VIA COLLATINA;da specificare;;;;100 METRI DOPO GRA dir. Acqua Vergine;Veicolo in marcia contro ostacolo accidentale;Rettilineo;Una carreggiata a doppio senso;Asciutto;Asfaltata;Verticale;Sereno;Scarso;Buona;Ore Diurne;0;0;0;1;;;0;1;Autovettura privata;In marcia / fermata / arresto;Conducente;M;Illeso;0;;Non accertato;Inesploso
3054140;6;13/11/2016 05:55;Strada Urbana;VIA VOGHERA;all'intersezione con;VIA VOLTERRA;VIA VOLTERRA;;;Scontro frontale/laterale DX fra veicoli in marcia;Incrocio;Una carreggiata a senso unico di marcia;Asciutto;Asfaltata;Verticale ed orizzontale;Sereno;Scarso;Sufficiente;Sufficiente;0;0;0;2;12.52021;41.88602;-1;1;Autovettura privata;In marcia / fermata / arresto;Conducente;M;Illeso;0;;;
3054140;6;13/11/2016 05:55;Strada Urbana;VIA VOGHERA;all'intersezione con;VIA VOLTERRA;VIA VOLTERRA;;;Scontro frontale/laterale DX fra veicoli in marcia;Incrocio;Una carreggiata a senso unico di marcia;Asciutto;Asfaltata;Verticale ed orizzontale;Sereno;Scarso;Sufficiente;Sufficiente;0;0;0;2;12.52021;41.88602;-1;2;Autovettura privata;In marcia / fermata / arresto;Conducente;M;Illeso;0;;;
3054141;8;13/11/2016 17:00;Strada Urbana;VIA COLLATINA;da specificare;;;;300 METRI DOPO IL GRA;Veicolo in marcia contro ostacolo accidentale;Curva a visuale libera;Una carreggiata a doppio senso;Asciutto;Con buche;Verticale ed orizzontale;Nuvoloso;Intenso;Insufficiente;Inesistente;0;0;0;1;12.61666;41.90436;-1;1;Autovettura privata;In marcia / fermata / arresto;Conducente;M;Illeso;0;;Non accertato;Inesploso
3054146;19;12/11/2016 01:45;Strada Urbana;VIA CASSIA;in corrispondenza;;del civico n.;1217;;Fuoriuscita dalla sede stradale;Rettilineo;Una carreggiata a doppio senso;Bagnato (pioggia);Asfaltata;Orizzontale;Pioggia in atto;Scarso;Buona;Sufficiente;0;0;0;1;12.41223;41.98285;-1;1;Quadriciclo leggero;In marcia / fermata / arresto;Conducente;M;Illeso;0;;Non accertato;Inesploso
3054147;12;12/11/2016 20:15;Strada Urbana;PIAZZA GUGLIELMO MARCONI;da specificare;;;;DIREZIONE G.R.A.;Tamponamento Multiplo;Rotatoria;Due carreggiate;Asciutto;Asfaltata;Verticale ed orizzontale;Sereno;Normale;Buona;Sufficiente;0;0;0;5;12.47015;41.8335;-1;1;Quadriciclo leggero;In marcia / fermata / arresto;Conducente;M;Illeso;0;;Non accertato;Inesploso
3054147;12;12/11/2016 20:15;Strada Urbana;PIAZZA GUGLIELMO MARCONI;da specificare;;;;DIREZIONE G.R.A.;Tamponamento Multiplo;Rotatoria;Due carreggiate;Asciutto;Asfaltata;Verticale ed orizzontale;Sereno;Normale;Buona;Sufficiente;0;0;0;5;12.47015;41.8335;-1;2;Autovettura privata;In marcia / fermata / arresto;Conducente;F;Illeso;0;;Utilizzato;Inesploso
3054147;12;12/11/2016 20:15;Strada Urbana;PIAZZA GUGLIELMO MARCONI;da specificare;;;;DIREZIONE G.R.A.;Tamponamento Multiplo;Rotatoria;Due carreggiate;Asciutto;Asfaltata;Verticale ed orizzontale;Sereno;Normale;Buona;Sufficiente;0;0;0;5;12.47015;41.8335;-1;2;Autovettura privata;In marcia / fermata / arresto;Passeggero;F;Illeso;0;;Non accertato;Inesploso
3054147;12;12/11/2016 20:15;Strada Urbana;PIAZZA GUGLIELMO MARCONI;da specificare;;;;DIREZIONE G.R.A.;Tamponamento Multiplo;Rotatoria;Due carreggiate;Asciutto;Asfaltata;Verticale ed orizzontale;Sereno;Normale;Buona;Sufficiente;0;0;0;5;12.47015;41.8335;-1;2;Autovettura privata;In marcia / fermata / arresto;Passeggero;F;Illeso;0;;Utilizzato;Inesistente
3054147;12;12/11/2016 20:15;Strada Urbana;PIAZZA GUGLIELMO MARCONI;da specificare;;;;DIREZIONE G.R.A.;Tamponamento Multiplo;Rotatoria;Due carreggiate;Asciutto;Asfaltata;Verticale ed orizzontale;Sereno;Normale;Buona;Sufficiente;0;0;0;5;12.47015;41.8335;-1;3;Autovettura privata;In marcia / fermata / arresto;Conducente;M;Illeso;0;;Non accertato;Inesploso
3054156;19;13/11/2016 09:45;Strada Urbana;VIA MATTIA BATTISTINI;da specificare;;;;pross. civ.260 (20mt. dopo con dir. Boccea);Scontro frontale/laterale SX fra veicoli in marcia;Rettilineo;Una carreggiata a doppio senso;Asciutto;Asfaltata;Orizzontale;Sereno;Scarso;Buona;Ore Diurne;1;0;0;1;12.41854;41.91742;-1;1;Autovettura privata;In marcia / fermata / arresto;Conducente;M;Illeso;0;;Non accertato;
3054156;19;13/11/2016 09:45;Strada Urbana;VIA MATTIA BATTISTINI;da specificare;;;;pross. civ.260 (20mt. dopo con dir. Boccea);Scontro frontale/laterale SX fra veicoli in marcia;Rettilineo;Una carreggiata a doppio senso;Asciutto;Asfaltata;Orizzontale;Sereno;Scarso;Buona;Ore Diurne;1;0;0;1;12.41854;41.91742;-1;2;Motociclo a solo;In marcia / fermata / arresto;Conducente;F;Rimandato;0;NON DECEDUTO;;