Protocollo;Gruppo;DataOraIncidente;Localizzazione1;STRADA1;Localizzazione2;STRADA2;Strada02;Chilometrica;DaSpecificare;NaturaIncidente;particolaritastrade;TipoStrada;FondoStradale;Pavimentazione;Segnaletica;CondizioneAtmosferica;Traffico;Visibilita;Illuminazione;NUM_FERITI;NUM_RISERVATA;NUM_MORTI;NUM_ILLESI;Longitudine;Latitudine;Confermato;Progressivo;TipoVeicolo;StatoVeicolo;TipoPersona;Sesso;Tipolesione;Deceduto;DecedutoDopo;CinturaCascoUtilizzato;Airbag
3057457;17;15/11/2016 00:30;Strada Urbana;VIA ANDREA DORIA;all'intersezione semaforizzata con;VIA RUGGERO DI LAURIA;VIA RUGGERO DI LAURIA;;;Scontro laterale fra veicoli in marcia;Intersezione semaforizzata;Una carreggiata a doppio senso;Asciutto;Asfaltata;Verticale ed orizzontale;Sereno;Normale;Buona;Sufficiente;0;0;0;4;12.45212;41.90973;-1;2;Autovettura privata;In marcia / fermata / arresto;Passeggero;M;Illeso;0;;Non accertato;Inesploso
3057468;12;15/11/2016 18:15;Strada Urbana;VIA DI PORTA MEDAGLIA;in prossimità;;del palo luce n.;8ps/cx8515;;Scontro frontale fra veicoli in marcia;Rettilineo;Una carreggiata a doppio senso;Asciutto;Asfaltata;Orizzontale;Sereno;Scarso;Insufficiente;Inesistente;1;0;0;1;12.52794;41.75623;-1;1;Autovettura privata;In marcia / fermata / arresto;Conducente;M;Rimandato;0;NON DECEDUTO;Utilizzato;Inesploso
3057468;12;15/11/2016 18:15;Strada Urbana;VIA DI PORTA MEDAGLIA;in prossimità;;del palo luce n.;8ps/cx8515;;Scontro frontale fra veicoli in marcia;Rettilineo;Una carreggiata a doppio senso;Asciutto;Asfaltata;Orizzontale;Sereno;Scarso;Insufficiente;Inesistente;1;0;0;1;12.52794;41.75623;-1;2;Autocarro inferiore 35 q.;In marcia / fermata / arresto;Conducente;M;Illeso;0;;Utilizzato;Inesploso
3057474;15;16/11/2016 08:45;Strada Urbana;VIA PASQUALE BAFFI;in prossimità;;del civico n.;10;;Tamponamento;Rettilineo;Una carreggiata a doppio senso;Asciutto;Asfaltata;Orizzontale;Sereno;Intenso;Buona;Ore Diurne;0;0;0;2;12.4466;41.80707;-1;1;Autovettura privata;In marcia / fermata / arresto;Conducente;M;Illeso;0;;Non accertato;Inesploso
3057474;15;16/11/2016 08:45;Strada Urbana;VIA PASQUALE BAFFI;in prossimità;;del civico n.;10;;Tamponamento;Rettilineo;Una carreggiata a doppio senso;Asciutto;Asfaltata;Orizzontale;Sereno;Intenso;Buona;Ore Diurne;0;0;0;2;12.4466;41.80707;-1;2;Autovettura privata;In marcia / fermata / arresto;Conducente;F;Illeso;0;;Non accertato;Inesploso
3057475;2;15/11/2016 01:30;Strada Urbana;VIALE PARIOLI;in corrispondenza;;del civico n.;19;;Veicolo in marcia contro veicolo in sosta;Rettilineo;Una carreggiata a doppio senso;Asciutto;Asfaltata;Verticale ed orizzontale;Sereno;Scarso;Sufficiente;Sufficiente;0;0;0;1;12.49115;41.92353;-1;1;Autovettura privata;In marcia / fermata / arresto;Conducente;M;Illeso;0;;;
3057487;2;15/11/2016 13:00;Strada Urbana;VIA DEL FORO ITALICO;da specificare;;;;direzione San Giovanni distibutore Q8;Scontro frontale/laterale DX fra veicoli in marcia;Rettilineo;Una carreggiata a senso unico di marcia;Asciutto;Asfaltata;Orizzontale;Sereno;Intenso;Buona;Ore Diurne;2;0;0;1;12.48375;41.93991;-1;1;Autovettura privata;In marcia / fermata / arresto;Conducente;F;Illeso;0;;Non accertato;Inesploso
3057487;2;15/11/2016 13:00;Strada Urbana;VIA DEL FORO ITALICO;da specificare;;;;direzione San Giovanni distibutore Q8;Scontro frontale/laterale DX fra veicoli in marcia;Rettilineo;Una carreggiata a senso unico di marcia;Asciutto;Asfaltata;Orizzontale;Sereno;Intenso;Buona;Ore Diurne;2;0;0;1;12.48375;41.93991;-1;2;Motociclo a solo;In marcia / fermata / arresto;Conducente;M;Rimandato;0;NON DECEDUTO;Non accertato;
3057487;2;15/11/2016 13:00;Strada Urbana;VIA DEL FORO ITALICO;da specificare;;;;direzione San Giovanni distibutore Q8;Scontro frontale/laterale DX fra veicoli in marcia;Rettilineo;Una carreggiata a senso unico di marcia;Asciutto;Asfaltata;Orizzontale;Sereno;Intenso;Buona;Ore Diurne;2;0;0;1;12.48375;41.93991;-1;2;Motociclo a solo;In marcia / fermata / arresto;Passeggero;F;Rifiuta cure immediate;0;NON DECEDUTO;Non accertato;
3057489;1;15/11/2016 12:45;Strada Urbana;PIAZZALE UGO LA MALFA;all'intersezione con;VIA DEL CIRCO MASSIMO;VIA DEL CIRCO MASSIMO;;;Scontro frontale/laterale SX fra veicoli in marcia;Incrocio;Una carreggiata a doppio senso;Asciutto;Asfaltata;Verticale ed orizzontale;Sereno;Intenso;Buona;Ore Diurne;1;0;0;1;12.48499;41.88535;-1;1;Autovettura privata;In marcia / fermata / arresto;Conducente;F;Illeso;0;;Non accertato;Inesploso
3057489;1;15/11/2016 12:45;Strada Urbana;PIAZZALE UGO LA MALFA;all'intersezione con;VIA DEL CIRCO MASSIMO;VIA DEL CIRCO MASSIMO;;;Scontro frontale/laterale SX fra veicoli in marcia;Incrocio;Una carreggiata a doppio senso;Asciutto;Asfaltata;Verticale ed orizzontale;Sereno;Intenso;Buona;Ore Diurne;1;0;0;1;12.48499;41.88535;-1;2;Motociclo a solo;In marcia / fermata / arresto;Conducente;M;Rifiuta cure immediate;0;NON DECEDUTO;Non accertato;
3057491;17;15/11/2016 20:00;Strada Urbana;VIA DEGLI SCIPIONI;all'intersezione con;VIA VESPASIANO;VIA VESPASIANO;;;Scontro frontale/laterale DX fra veicoli in marcia;Incrocio;Una carreggiata a senso unico di marcia;Asciutto;In cubetti di porfido;Verticale ed orizzontale;Sereno;Scarso;Sufficiente;Sufficiente;0;0;0;5;12.45682;41.90822;-1;1;Autovettura privata;In marcia / fermata / arresto;Conducente;F;Illeso;0;;;
3057491;17;15/11/2016 20:00;Strada Urbana;VIA DEGLI SCIPIONI;all'intersezione con;VIA VESPASIANO;VIA VESPASIANO;;;Scontro frontale/laterale DX fra veicoli in marcia;Incrocio;Una carreggiata a senso unico di marcia;Asciutto;In cubetti di porfido;Verticale ed orizzontale;Sereno;Scarso;Sufficiente;Sufficiente;0;0;0;5;12.45682;41.90822;-1;1;Autovettura privata;In marcia / fermata / arresto;Passeggero;F;Illeso;0;;;
3057491;17;15/11/2016 20:00;Strada Urbana;VIA DEGLI SCIPIONI;all'intersezione con;VIA VESPASIANO;VIA VESPASIANO;;;Scontro frontale/laterale DX fra veicoli in marcia;Incrocio;Una carreggiata a senso unico di marcia;Asciutto;In cubetti di porfido;Verticale ed orizzontale;Sereno;Scarso;Sufficiente;Sufficiente;0;0;0;5;12.45682;41.90822;-1;1;Autovettura privata;In marcia / fermata / arresto;Passeggero;M;Illeso;0;;;
3057491;17;15/11/2016 20:00;Strada Urbana;VIA DEGLI SCIPIONI;all'intersezione con;VIA VESPASIANO;VIA VESPASIANO;;;Scontro frontale/laterale DX fra veicoli in marcia;Incrocio;Una carreggiata a senso unico di marcia;Asciutto;In cubetti di porfido;Verticale ed orizzontale;Sereno;Scarso;Sufficiente;Sufficiente;0;0;0;5;12.45682;41.90822;-1;2;Autovettura privata;In marcia / fermata / arresto;Conducente;F;Illeso;0;;;
3057491;17;15/11/2016 20:00;Strada Urbana;VIA DEGLI SCIPIONI;all'intersezione con;VIA VESPASIANO;VIA VESPASIANO;;;Scontro frontale/laterale DX fra veicoli in marcia;Incrocio;Una carreggiata a senso unico di marcia;Asciutto;In cubetti di porfido;Verticale ed orizzontale;Sereno;Scarso;Sufficiente;Sufficiente;0;0;0;5;12.45682;41.90822;-1;2;Autovettura privata;In marcia / fermata / arresto;Passeggero;F;Illeso;0;;;
3057497;2;15/11/2016 13:10;Strada Urbana;VIA NOMENTANA;all'intersezione con;VIA DI S. COSTANZA;VIA DI S. COSTANZA;;;Scontro laterale fra veicoli in marcia;Incrocio;Due carreggiate;Asciutto;Asfaltata;Verticale ed orizzontale;Sereno;Intenso;Buona;Ore Diurne;1;0;0;1;12.5176;41.92129;-1;1;Autovettura privata;In marcia / fermata / arresto;Conducente;M;Rimandato;0;NON DECEDUTO;;
3057497;2;15/11/2016 13:10;Strada Urbana;VIA NOMENTANA;all'intersezione con;VIA DI S. COSTANZA;VIA DI S. COSTANZA;;;Scontro laterale fra veicoli in marcia;Incrocio;Due carreggiate;Asciutto;Asfaltata;Verticale ed orizzontale;Sereno;Intenso;Buona;Ore Diurne;1;0;0;1;12.5176;41.92129;-1;2;Autocarro superiore 35 q.;In marcia / fermata / arresto;Conducente;M;Illeso;0;;;
3057505;2;15/11/2016 15:45;Strada Urbana;VIA DEL FORO ITALICO;da specificare;;;;palo ACEA 291 dir stadio;Tamponamento;Rettilineo;Una carreggiata a senso unico di marcia;Asciutto;Asfaltata;Orizzontale;Sereno;Intenso;Buona;Ore Diurne;0;0;0;3;12.49311;41.93984;-1;1;Autovettura privata;In marcia / fermata / arresto;Conducente;F;Illeso;0;;;
3057505;2;15/11/2016 15:45;Strada Urbana;VIA DEL FORO ITALICO;da specificare;;;;palo ACEA 291 dir stadio;Tamponamento;Rettilineo;Una carreggiata a senso unico di marcia;Asciutto;Asfaltata;Orizzontale;Sereno;Intenso;Buona;Ore Diurne;0;0;0;3;12.49311;41.93984;-1;1;Autovettura privata;In marcia / fermata / arresto;Passeggero;F;Illeso;0;;;
3057505;2;15/11/2016 15:45;Strada Urbana;VIA DEL FORO ITALICO;da specificare;;;;palo ACEA 291 dir stadio;Tamponamento;Rettilineo;Una carreggiata a senso unico di marcia;Asciutto;Asfaltata;Orizzontale;Sereno;Intenso;Buona;Ore Diurne;0;0;0;3;12.49311;41.93984;-1;2;Motociclo a solo;In marcia / fermata / arresto;Conducente;M;Illeso;0;;;
3057514;2;15/11/2016 19:00;Strada Urbana;VIALE PARIOLI;in corrispondenza;;del civico n.;73;;Veicolo in marcia contro veicolo fermo;Rettilineo;Una carreggiata a doppio senso;Asciutto;Asfaltata;Verticale ed orizzontale;Sereno;Normale;Sufficiente;Sufficiente;0;0;0;3;12.48624;41.92623;-1;1;Autovettura privata;In marcia / fermata / arresto;Conducente;M;Illeso;0;;;
3057514;2;15/11/2016 19:00;Strada Urbana;VIALE PARIOLI;in corrispondenza;;del civico n.;73;;Veicolo in marcia contro veicolo fermo;Rettilineo;Una carreggiata a doppio senso;Asciutto;Asfaltata;Verticale ed orizzontale;Sereno;Normale;Sufficiente;Sufficiente;0;0;0;3;12.48624;41.92623;-1;1;Autovettura privata;In marcia / fermata / arresto;Passeggero;M;Illeso;0;;;
3057514;2;15/11/2016 19:00;Strada Urbana;VIALE PARIOLI;in corrispondenza;;del civico n.;73;;Veicolo in marcia contro veicolo fermo;Rettilineo;Una carreggiata a doppio senso;Asciutto;Asfaltata;Verticale ed orizzontale;Sereno;Normale;Sufficiente;Sufficiente;0;0;0;3;12.48624;41.92623;-1;2;Autovettura privata;In marcia / fermata / arresto;Conducente;F;Illeso;0;;;
3057516;2;15/11/2016 19:00;Strada Urbana;VIALE PARIOLI;all'intersezione con;PIAZZA SANTIAGO DEL CILE;PIAZZA SANTIAGO DEL CILE;;;Tamponamento;Incrocio;Una carreggiata a doppio senso;Asciutto;Asfaltata;Verticale ed orizzontale;Sereno;Normale;Buona;Sufficiente;2;0;0;3;12.4873;41.92579;-1;;;;Pedone;F;Rifiuta cure immediate;0;NON DECEDUTO;;
3057516;2;15/11/2016 19:00;Strada Urbana;VIALE PARIOLI;all'intersezione con;PIAZZA SANTIAGO DEL CILE;PIAZZA SANTIAGO DEL CILE;;;Tamponamento;Incrocio;Una carreggiata a doppio senso;Asciutto;Asfaltata;Verticale ed orizzontale;Sereno;Normale;Buona;Sufficiente;2;0;0;3;12.4873;41.92579;-1;;;;Pedone;M;Ricoverato;0;NON DECEDUTO;;
3057516;2;15/11/2016 19:00;Strada Urbana;VIALE PARIOLI;all'intersezione con;PIAZZA SANTIAGO DEL CILE;PIAZZA SANTIAGO DEL CILE;;;Tamponamento;Incrocio;Una carreggiata a doppio senso;Asciutto;Asfaltata;Verticale ed orizzontale;Sereno;Normale;Buona;Sufficiente;2;0;0;3;12.4873;41.92579;-1;1;Autovettura privata;In marcia / fermata / arresto;Conducente;F;Illeso;0;;Non accertato;Inesploso
3057516;2;15/11/2016 19:00;Strada Urbana;VIALE PARIOLI;all'intersezione con;PIAZZA SANTIAGO DEL CILE;PIAZZA SANTIAGO DEL CILE;;;Tamponamento;Incrocio;Una carreggiata a doppio senso;Asciutto;Asfaltata;Verticale ed orizzontale;Sereno;Normale;Buona;Sufficiente;2;0;0;3;12.4873;41.92579;-1;2;Autovettura privata;In marcia / fermata / arresto;Conducente;M;Illeso;0;;Non accertato;Inesploso
3057516;2;15/11/2016 19:00;Strada Urbana;VIALE PARIOLI;all'intersezione con;PIAZZA SANTIAGO DEL CILE;PIAZZA SANTIAGO DEL CILE;;;Tamponamento;Incrocio;Una carreggiata a doppio senso;Asciutto;Asfaltata;Verticale ed orizzontale;Sereno;Normale;Buona;Sufficiente;2;0;0;3;12.4873;41.92579;-1;2;Autovettura privata;In marcia / fermata / arresto;Passeggero;M;Illeso;0;;Non accertato;Inesploso
3057529;10;15/11/2016 13:30;Strada Urbana;VIA DI TOR VERGATA;in prossimità;;del civico n.;273;;Investimento di pedone;Rettilineo;Due carreggiate;Asciutto;Asfaltata;Verticale ed orizzontale;Sereno;Normale;Buona;Ore Diurne;2;0;0;1;12.62298;41.8409;-1;;;;Pedone;F;Rimandato;0;NON DECEDUTO;;
3057529;10;15/11/2016 13:30;Strada Urbana;VIA DI TOR VERGATA;in prossimità;;del civico n.;273;;Investimento di pedone;Rettilineo;Due carreggiate;Asciutto;Asfaltata;Verticale ed orizzontale;Sereno;Normale;Buona;Ore Diurne;2;0;0;1;12.62298;41.8409;-1;;;;Pedone;F;Rimandato;0;NON DECEDUTO;;
3057529;10;15/11/2016 13:30;Strada Urbana;VIA DI TOR VERGATA;in prossimità;;del civico n.;273;;Investimento di pedone;Rettilineo;Due carreggiate;Asciutto;Asfaltata;Verticale ed orizzontale;Sereno;Normale;Buona;Ore Diurne;2;0;0;1;12.62298;41.8409;-1;1;Autovettura privata;In marcia / fermata / arresto;Conducente;M;Illeso;0;;Non accertato;Inesploso
3057536;1;15/11/2016 11:40;Strada Urbana;VIA DI S. GIOVANNI IN LATERANO;in prossimità;;del civico n.;77;;Scontro laterale fra veicoli in marcia;Rettilineo;Una carreggiata a senso unico di marcia;Asciutto;Acciotolata;Verticale ed orizzontale;Sereno;Normale;Buona;Ore Diurne;0;0;0;2;12.49712;41.88925;-1;1;Autovettura privata;In marcia / fermata / arresto;Conducente;F;Illeso;0;;;
3057536;1;15/11/2016 11:40;Strada Urbana;VIA DI S. GIOVANNI IN LATERANO;in prossimità;;del civico n.;77;;Scontro laterale fra veicoli in marcia;Rettilineo;Una carreggiata a senso unico di marcia;Asciutto;Acciotolata;Verticale ed orizzontale;Sereno;Normale;Buona;Ore Diurne;0;0;0;2;12.49712;41.88925;-1;2;Motociclo a solo;In marcia / fermata / arresto;Conducente;M;Illeso;0;;;
3057551;17;15/11/2016 14:50;Strada Urbana;VIA MARCANTONIO BRAGADIN;in prossimità;;del civico n.;124;;Tamponamento;Rettilineo;Una carreggiata a doppio senso;Asciutto;Asfaltata;Verticale ed orizzontale;Sereno;Scarso;Buona;Ore Diurne;1;0;0;1;12.44439;41.90716;-1;1;Autovettura privata;In marcia / fermata / arresto;Conducente;M;Illeso;0;;;
3057551;17;15/11/2016 14:50;Strada Urbana;VIA MARCANTONIO BRAGADIN;in prossimità;;del civico n.;124;;Tamponamento;Rettilineo;Una carreggiata a doppio senso;Asciutto;Asfaltata;Verticale ed orizzontale;Sereno;Scarso;Buona;Ore Diurne;1;0;0;1;12.44439;41.90716;-1;2;Motociclo a solo;In marcia / fermata / arresto;Conducente;M;Rimandato;0;NON DECEDUTO;;
3057552;7;15/11/2016 18:00;Strada Urbana;VIA GIACOMO BRESADOLA;all'intersezione con;VIA VINCENZO CESATI;VIA VINCENZO CESATI;;;Scontro frontale/laterale SX fra veicoli in marcia;Incrocio;Una carreggiata a senso unico di marcia;Asciutto;Asfaltata;Verticale ed orizzontale;Sereno;Normale;Buona;Sufficiente;0;0;0;3;12.56129;41.89311;-1;1;Autovettura privata;In marcia / fermata / arresto;Conducente;M;Illeso;0;;Non accertato;Inesploso
3057552;7;15/11/2016 18:00;Strada Urbana;VIA GIACOMO BRESADOLA;all'intersezione con;VIA VINCENZO CESATI;VIA VINCENZO CESATI;;;Scontro frontale/laterale SX fra veicoli in marcia;Incrocio;Una carreggiata a senso unico di marcia;Asciutto;Asfaltata;Verticale ed orizzontale;Sereno;Normale;Buona;Sufficiente;0;0;0;3;12.56129;41.89311;-1;2;Autovettura privata;In marcia / fermata / arresto;Conducente;M;Illeso;0;;Non accertato;Inesploso
3057552;7;15/11/2016 18:00;Strada Urbana;VIA GIACOMO BRESADOLA;all'intersezione con;VIA VINCENZO CESATI;VIA VINCENZO CESATI;;;Scontro frontale/laterale SX fra veicoli in marcia;Incrocio;Una carreggiata a senso unico di marcia;Asciutto;Asfaltata;Verticale ed orizzontale;Sereno;Normale;Buona;Sufficiente;0;0;0;3;12.56129;41.89311;-1;2;Autovettura privata;In marcia / fermata / arresto;Passeggero;F;Illeso;0;;Non accertato;Inesploso
3057560;16;15/11/2016 12:05;Strada Urbana;VIA AURELIA;all'intersezione con;VIA GIUSEPPE VANNI;VIA GIUSEPPE VANNI;;;Scontro frontale/laterale DX fra veicoli in marcia;Intersezione non regolata/non segnalata;Una carreggiata a doppio senso;Asciutto;Asfaltata;Verticale ed orizzontale;Sereno;Normale;Buona;Ore Diurne;1;0;0;3;12.35916;41.88314;-1;1;Autovettura privata;In marcia / fermata / arresto;Conducente;M;Illeso;0;;Non accertato;Inesploso
3057560;16;15/11/2016 12:05;Strada Urbana;VIA AURELIA;all'intersezione con;VIA GIUSEPPE VANNI;VIA GIUSEPPE VANNI;;;Scontro frontale/laterale DX fra veicoli in marcia;Intersezione non regolata/non segnalata;Una carreggiata a doppio senso;Asciutto;Asfaltata;Verticale ed orizzontale;Sereno;Normale;Buona;Ore Diurne;1;0;0;3;12.35916;41.88314;-1;1;Autovettura privata;In marcia / fermata / arresto;Passeggero;M;Illeso;0;;Non accertato;Inesploso
3057560;16;15/11/2016 12:05;Strada Urbana;VIA AURELIA;all'intersezione con;VIA GIUSEPPE VANNI;VIA GIUSEPPE VANNI;;;Scontro frontale/laterale DX fra veicoli in marcia;Intersezione non regolata/non segnalata;Una carreggiata a doppio senso;Asciutto;Asfaltata;Verticale ed orizzontale;Sereno;Normale;Buona;Ore Diurne;1;0;0;3;12.35916;41.88314;-1;1;Autovettura privata;In marcia / fermata / arresto;Passeggero;F;Illeso;0;;Non accertato;Inesploso
3057560;16;15/11/2016 12:05;Strada Urbana;VIA AURELIA;all'intersezione con;VIA GIUSEPPE VANNI;VIA GIUSEPPE VANNI;;;Scontro frontale/laterale DX fra veicoli in marcia;Intersezione non regolata/non segnalata;Una carreggiata a doppio senso;Asciutto;Asfaltata;Verticale ed orizzontale;Sereno;Normale;Buona;Ore Diurne;1;0;0;3;12.35916;41.88314;-1;2;Motociclo a solo;In marcia / fermata / arresto;Conducente;M;Rifiuta cure immediate;0;NON DECEDUTO;Non accertato;
3057564;10;15/11/2016 21:40;Strada Urbana;VIA CASILINA;all'intersezione semaforizzata con;VIA GALLARATE;VIA GALLARATE;;;Scontro frontale/laterale DX fra veicoli in marcia;Incrocio;Due carreggiate;Asciutto;Asfaltata;Verticale ed orizzontale;Sereno;Scarso;Buona;Sufficiente;1;0;0;1;12.52199;41.88796;-1;1;Autovettura privata;In marcia / fermata / arresto;Conducente;M;Illeso;0;;Non accertato;Inesploso
3057564;10;15/11/2016 21:40;Strada Urbana;VIA CASILINA;all'intersezione semaforizzata con;VIA GALLARATE;VIA GALLARATE;;;Scontro frontale/laterale DX fra veicoli in marcia;Incrocio;Due carreggiate;Asciutto;Asfaltata;Verticale ed orizzontale;Sereno;Scarso;Buona;Sufficiente;1;0;0;1;12.52199;41.88796;-1;2;Motociclo con passeggero;In marcia / fermata / arresto;Conducente;M;Rimandato;0;NON DECEDUTO;Non accertato;
3057590;7;15/11/2016 09:40;Strada Urbana;VIA DI TOR SAPIENZA;in corrispondenza;;del civico n.;82;;Veicolo in marcia contro veicolo fermo;Rettilineo;Una carreggiata a doppio senso;Asciutto;Asfaltata;Verticale ed orizzontale;Sereno;Normale;Sufficiente;Ore Diurne;0;0;0;2;12.59066;41.90026;-1;1;Autovettura privata;In marcia / fermata / arresto;Conducente;M;Illeso;0;;Non accertato;Inesploso
3057590;7;15/11/2016 09:40;Strada Urbana;VIA DI TOR SAPIENZA;in corrispondenza;;del civico n.;82;;Veicolo in marcia contro veicolo fermo;Rettilineo;Una carreggiata a doppio senso;Asciutto;Asfaltata;Verticale ed orizzontale;Sereno;Normale;Sufficiente;Ore Diurne;0;0;0;2;12.59066;41.90026;-1;2;Autovettura privata;In marcia / fermata / arresto;Conducente;M;Illeso;0;;Non accertato;Inesploso
3057592;16;15/11/2016 15:20;Strada Urbana;VIA AURELIA ANTICA;da specificare;;;;RAMPA LEONE XIII direz. V.LE DEI COLLI PORTUENSI;Investimento di pedone;Rettilineo;Una carreggiata a doppio senso;Asciutto;Asfaltata;Verticale;Sereno;Normale;Buona;Ore Diurne;1;0;0;2;12.43491;41.89017;-1;;;;Pedone;F;Rimandato;0;NON DECEDUTO;;
3057592;16;15/11/2016 15:20;Strada Urbana;VIA AURELIA ANTICA;da specificare;;;;RAMPA LEONE XIII direz. V.LE DEI COLLI PORTUENSI;Investimento di pedone;Rettilineo;Una carreggiata a doppio senso;Asciutto;Asfaltata;Verticale;Sereno;Normale;Buona;Ore Diurne;1;0;0;2;12.43491;41.89017;-1;1;Autovettura privata;In marcia / fermata / arresto;Conducente;F;Illeso;0;;Non accertato;
3057592;16;15/11/2016 15:20;Strada Urbana;VIA AURELIA ANTICA;da specificare;;;;RAMPA LEONE XIII direz. V.LE DEI COLLI PORTUENSI;Investimento di pedone;Rettilineo;Una carreggiata a doppio senso;Asciutto;Asfaltata;Verticale;Sereno;Normale;Buona;Ore Diurne;1;0;0;2;12.43491;41.89017;-1;1;Autovettura privata;In marcia / fermata / arresto;Passeggero;F;Illeso;0;;Non accertato;
3057606;10;16/11/2016 09:20;Strada Urbana;VIA TUSCOLANA;in prossimità;;del civico n.;906;;Scontro laterale fra veicoli in marcia;Rettilineo;Due carreggiate;Asciutto;Asfaltata;Verticale ed orizzontale;Sereno;Normale;Sufficiente;Ore Diurne;0;0;0;2;12.55083;41.86278;-1;1;Autovettura privata;In marcia / fermata / arresto;Conducente;F;Illeso;0;;Non accertato;Inesploso
3057606;10;16/11/2016 09:20;Strada Urbana;VIA TUSCOLANA;in prossimità;;del civico n.;906;;Scontro laterale fra veicoli in marcia;Rettilineo;Due carreggiate;Asciutto;Asfaltata;Verticale ed orizzontale;Sereno;Normale;Sufficiente;Ore Diurne;0;0;0;2;12.55083;41.86278;-1;2;Autocarro inferiore 35 q.;In marcia / fermata / arresto;Conducente;M;Illeso;0;;;
3057621;4;15/11/2016 09:50;Strada Urbana;VIA DEI PRATI FISCALI;all'intersezione con;VIA VAL DI SANGRO;VIA VAL DI SANGRO;;;Scontro frontale/laterale DX fra veicoli in marcia;Intersezione stradale segnalata;Due carreggiate;Asciutto;Asfaltata;Verticale ed orizzontale;Sereno;Normale;Buona;Ore Diurne;0;0;0;2;12.52441;41.94612;-1;1;Autovettura privata;In marcia / fermata / arresto;Conducente;M;Illeso;0;;Non accertato;Inesistente
3057621;4;15/11/2016 09:50;Strada Urbana;VIA DEI PRATI FISCALI;all'intersezione con;VIA VAL DI SANGRO;VIA VAL DI SANGRO;;;Scontro frontale/laterale DX fra veicoli in marcia;Intersezione stradale segnalata;Due carreggiate;Asciutto;Asfaltata;Verticale ed orizzontale;Sereno;Normale;Buona;Ore Diurne;0;0;0;2;12.52441;41.94612;-1;2;Autovettura privata;In marcia / fermata / arresto;Conducente;M;Illeso;0;;Non accertato;Inesploso
3057645;4;15/11/2016 10:10;Strada Urbana;VIA DELLE ISOLE CURZOLANE;in corrispondenza;;del civico n.;96;;Investimento di pedone;Rettilineo;Due carreggiate;Asciutto;Asfaltata;Orizzontale;Sereno;Normale;Buona;Ore Diurne;1;0;0;1;12.5323;41.94871;-1;;;;Pedone;F;Rimandato;0;NON DECEDUTO;;
3057645;4;15/11/2016 10:10;Strada Urbana;VIA DELLE ISOLE CURZOLANE;in corrispondenza;;del civico n.;96;;Investimento di pedone;Rettilineo;Due carreggiate;Asciutto;Asfaltata;Orizzontale;Sereno;Normale;Buona;Ore Diurne;1;0;0;1;12.5323;41.94871;-1;1;Motociclo a solo;In marcia / fermata / arresto;Conducente;M;Illeso;0;;Non accertato;
3057664;16;15/11/2016 18:15;Strada Urbana;VIA DELLA CONSOLATA;all'intersezione con;VIA DEGLI ESTENSI;VIA DEGLI ESTENSI;;;Scontro frontale/laterale DX fra veicoli in marcia;Intersezione stradale segnalata;Una carreggiata a doppio senso;Asciutto;Asfaltata;Verticale ed orizzontale;Sereno;Normale;Sufficiente;Sufficiente;0;0;0;2;12.42181;41.87672;-1;1;Autovettura privata;In marcia / fermata / arresto;Conducente;F;Illeso;0;;Non accertato;
3057664;16;15/11/2016 18:15;Strada Urbana;VIA DELLA CONSOLATA;all'intersezione con;VIA DEGLI ESTENSI;VIA DEGLI ESTENSI;;;Scontro frontale/laterale DX fra veicoli in marcia;Intersezione stradale segnalata;Una carreggiata a doppio senso;Asciutto;Asfaltata;Verticale ed orizzontale;Sereno;Normale;Sufficiente;Sufficiente;0;0;0;2;12.42181;41.87672;-1;2;Autovettura privata;In marcia / fermata / arresto;Conducente;M;Illeso;0;;Non accertato;
3057672;4;16/11/2016 01:10;Strada Urbana;VIA PIAN DI SCO;in corrispondenza;;del civico n.;62/B;;Scontro frontale/laterale SX fra veicoli in marcia;Rettilineo;Una carreggiata a doppio senso;Asciutto;Asfaltata;Verticale ed orizzontale;Sereno;Normale;Buona;Sufficiente;0;0;0;2;12.51861;41.96243;-1;1;Autovettura privata;In marcia / fermata / arresto;Conducente;M;Illeso;0;;Non accertato;Inesistente
3057672;4;16/11/2016 01:10;Strada Urbana;VIA PIAN DI SCO;in corrispondenza;;del civico n.;62/B;;Scontro frontale/laterale SX fra veicoli in marcia;Rettilineo;Una carreggiata a doppio senso;Asciutto;Asfaltata;Verticale ed orizzontale;Sereno;Normale;Buona;Sufficiente;0;0;0;2;12.51861;41.96243;-1;2;Autovettura privata;In marcia / fermata / arresto;Conducente;M;Illeso;0;;Non accertato;Inesploso
3057678;4;15/11/2016 18:45;Statale entro l'abitato;VIA SALARIA;in prossimità;;del civico n.;774;;Veicolo in marcia contro ostacolo accidentale;Rettilineo;Due carreggiate;Asciutto;Asfaltata;Verticale ed orizzontale;Sereno;Normale;Insufficiente;Insufficiente;0;0;0;2;12.50623;41.9506;-1;1;Autovettura privata;In marcia / fermata / arresto;Conducente;M;Illeso;0;;Non accertato;Inesploso
3057678;4;15/11/2016 18:45;Statale entro l'abitato;VIA SALARIA;in prossimità;;del civico n.;774;;Veicolo in marcia contro ostacolo accidentale;Rettilineo;Due carreggiate;Asciutto;Asfaltata;Verticale ed orizzontale;Sereno;Normale;Insufficiente;Insufficiente;0;0;0;2;12.50623;41.9506;-1;1;Autovettura privata;In marcia / fermata / arresto;Passeggero;F;Illeso;0;;Non accertato;