Protocollo;Gruppo;DataOraIncidente;Localizzazione1;STRADA1;Localizzazione2;STRADA2;Strada02;Chilometrica;DaSpecificare;NaturaIncidente;particolaritastrade;TipoStrada;FondoStradale;Pavimentazione;Segnaletica;CondizioneAtmosferica;Traffico;Visibilita;Illuminazione;NUM_FERITI;NUM_RISERVATA;NUM_MORTI;NUM_ILLESI;Longitudine;Latitudine;Confermato;Progressivo;TipoVeicolo;StatoVeicolo;TipoPersona;Sesso;Tipolesione;Deceduto;DecedutoDopo;CinturaCascoUtilizzato;Airbag
3062052;13;19/11/2016 05:30;Strada Urbana;VIALE DEI ROMAGNOLI;da specificare;;;;prossimità Via F Donati;Investimento di pedone;Rettilineo;Una carreggiata a doppio senso;Bagnato (pioggia);Asfaltata;Verticale ed orizzontale;Pioggia in atto;Scarso;Sufficiente;Sufficiente;1;0;0;1;12.34298;41.77743;-1;;;;Pedone;M;Rimandato;0;NON DECEDUTO;;
3062052;13;19/11/2016 05:30;Strada Urbana;VIALE DEI ROMAGNOLI;da specificare;;;;prossimità Via F Donati;Investimento di pedone;Rettilineo;Una carreggiata a doppio senso;Bagnato (pioggia);Asfaltata;Verticale ed orizzontale;Pioggia in atto;Scarso;Sufficiente;Sufficiente;1;0;0;1;12.34298;41.77743;-1;1;Autovettura privata;In marcia / fermata / arresto;Conducente;M;Illeso;0;;;
3062070;20;18/11/2016 09:10;Strada Urbana;GALLERIA GIOVANNI XXIII;da specificare;;;;prossimità Uscita Pineta Sacchetti;Veicolo in marcia contro ostacolo fisso;Curva senza visuale libera;Una carreggiata a senso unico di marcia;Asciutto;Asfaltata;Verticale ed orizzontale;Sereno;Normale;Sufficiente;Sufficiente;3;0;0;0;12.44128;41.94052;-1;1;Autovettura privata;In marcia / fermata / arresto;Conducente;F;Rimandato;0;NON DECEDUTO;Non accertato;Inesploso
3062070;20;18/11/2016 09:10;Strada Urbana;GALLERIA GIOVANNI XXIII;da specificare;;;;prossimità Uscita Pineta Sacchetti;Veicolo in marcia contro ostacolo fisso;Curva senza visuale libera;Una carreggiata a senso unico di marcia;Asciutto;Asfaltata;Verticale ed orizzontale;Sereno;Normale;Sufficiente;Sufficiente;3;0;0;0;12.44128;41.94052;-1;1;Autovettura privata;In marcia / fermata / arresto;Passeggero;M;Rimandato;0;NON DECEDUTO;;
3062070;20;18/11/2016 09:10;Strada Urbana;GALLERIA GIOVANNI XXIII;da specificare;;;;prossimità Uscita Pineta Sacchetti;Veicolo in marcia contro ostacolo fisso;Curva senza visuale libera;Una carreggiata a senso unico di marcia;Asciutto;Asfaltata;Verticale ed orizzontale;Sereno;Normale;Sufficiente;Sufficiente;3;0;0;0;12.44128;41.94052;-1;1;Autovettura privata;In marcia / fermata / arresto;Passeggero;F;Rifiuta cure immediate;0;NON DECEDUTO;;
3062092;20;18/11/2016 12:10;Regionale entro l'abitato;VIA FLAMINIA;da specificare;;;;direzione Centro altezza via dei Due Ponti;Tamponamento Multiplo;Rettilineo;Due carreggiate;Asciutto;Asfaltata;Orizzontale;Sereno;Normale;Buona;Ore Diurne;1;0;0;3;12.48445;41.95437;-1;1;Autovettura privata;In marcia / fermata / arresto;Conducente;F;Illeso;0;;Non accertato;Inesploso
3062092;20;18/11/2016 12:10;Regionale entro l'abitato;VIA FLAMINIA;da specificare;;;;direzione Centro altezza via dei Due Ponti;Tamponamento Multiplo;Rettilineo;Due carreggiate;Asciutto;Asfaltata;Orizzontale;Sereno;Normale;Buona;Ore Diurne;1;0;0;3;12.48445;41.95437;-1;1;Autovettura privata;In marcia / fermata / arresto;Passeggero;F;Illeso;0;;Non accertato;Inesploso
3062092;20;18/11/2016 12:10;Regionale entro l'abitato;VIA FLAMINIA;da specificare;;;;direzione Centro altezza via dei Due Ponti;Tamponamento Multiplo;Rettilineo;Due carreggiate;Asciutto;Asfaltata;Orizzontale;Sereno;Normale;Buona;Ore Diurne;1;0;0;3;12.48445;41.95437;-1;2;Autovettura privata;In marcia / fermata / arresto;Conducente;M;Rimandato;0;NON DECEDUTO;Non accertato;
3062092;20;18/11/2016 12:10;Regionale entro l'abitato;VIA FLAMINIA;da specificare;;;;direzione Centro altezza via dei Due Ponti;Tamponamento Multiplo;Rettilineo;Due carreggiate;Asciutto;Asfaltata;Orizzontale;Sereno;Normale;Buona;Ore Diurne;1;0;0;3;12.48445;41.95437;-1;3;Autovettura privata;In marcia / fermata / arresto;Conducente;M;Illeso;0;;;
3062111;2;18/11/2016 10:35;Strada Urbana;LUNGOTEVERE FLAMINIO;da specificare;;;;fronte VIA P. DA CORTONA;Veicolo in marcia contro veicoli in sosta;Rettilineo;Una carreggiata a doppio senso;Asciutto;Asfaltata;Verticale ed orizzontale;Sereno;Normale;Buona;Ore Diurne;0;0;0;3;12.46602;41.92376;-1;1;Altro;In marcia / fermata / arresto;Conducente;M;Illeso;0;;;
3062111;2;18/11/2016 10:35;Strada Urbana;LUNGOTEVERE FLAMINIO;da specificare;;;;fronte VIA P. DA CORTONA;Veicolo in marcia contro veicoli in sosta;Rettilineo;Una carreggiata a doppio senso;Asciutto;Asfaltata;Verticale ed orizzontale;Sereno;Normale;Buona;Ore Diurne;0;0;0;3;12.46602;41.92376;-1;1;Altro;In marcia / fermata / arresto;Passeggero;M;Illeso;0;;;
3062111;2;18/11/2016 10:35;Strada Urbana;LUNGOTEVERE FLAMINIO;da specificare;;;;fronte VIA P. DA CORTONA;Veicolo in marcia contro veicoli in sosta;Rettilineo;Una carreggiata a doppio senso;Asciutto;Asfaltata;Verticale ed orizzontale;Sereno;Normale;Buona;Ore Diurne;0;0;0;3;12.46602;41.92376;-1;2;Autovettura privata;In marcia / fermata / arresto;Conducente;M;Illeso;0;;;
3062116;2;18/11/2016 14:25;Strada Urbana;CIRCONVALLAZIONE SALARIA;da specificare;;;;alt. VIA DELLE VALLI - dir. Stadio;Tamponamento;Rettilineo;Due carreggiate;Asciutto;Asfaltata;Verticale ed orizzontale;Sereno;Intenso;Buona;Ore Diurne;0;0;0;2;12.52086;41.93447;-1;1;Autovettura privata;In marcia / fermata / arresto;Conducente;M;Illeso;0;;Non accertato;Inesploso
3062116;2;18/11/2016 14:25;Strada Urbana;CIRCONVALLAZIONE SALARIA;da specificare;;;;alt. VIA DELLE VALLI - dir. Stadio;Tamponamento;Rettilineo;Due carreggiate;Asciutto;Asfaltata;Verticale ed orizzontale;Sereno;Intenso;Buona;Ore Diurne;0;0;0;2;12.52086;41.93447;-1;2;Autovettura privata;In marcia / fermata / arresto;Conducente;F;Illeso;0;;Non accertato;Inesploso
3062120;2;18/11/2016 14:30;Strada Urbana;VIALE ARRIGO BOITO;all'intersezione con;VIA LUIGI MANCINELLI;VIA LUIGI MANCINELLI;;;Scontro frontale/laterale DX fra veicoli in marcia;Intersezione stradale segnalata;Una carreggiata a senso unico di marcia;Asciutto;Asfaltata;Verticale ed orizzontale;Sereno;Normale;Buona;Ore Diurne;1;0;0;2;12.51441;41.93714;-1;1;Autovettura privata;In marcia / fermata / arresto;Conducente;M;Illeso;0;;;
3062120;2;18/11/2016 14:30;Strada Urbana;VIALE ARRIGO BOITO;all'intersezione con;VIA LUIGI MANCINELLI;VIA LUIGI MANCINELLI;;;Scontro frontale/laterale DX fra veicoli in marcia;Intersezione stradale segnalata;Una carreggiata a senso unico di marcia;Asciutto;Asfaltata;Verticale ed orizzontale;Sereno;Normale;Buona;Ore Diurne;1;0;0;2;12.51441;41.93714;-1;1;Autovettura privata;In marcia / fermata / arresto;Passeggero;M;Illeso;0;;Non accertato;Inesistente
3062120;2;18/11/2016 14:30;Strada Urbana;VIALE ARRIGO BOITO;all'intersezione con;VIA LUIGI MANCINELLI;VIA LUIGI MANCINELLI;;;Scontro frontale/laterale DX fra veicoli in marcia;Intersezione stradale segnalata;Una carreggiata a senso unico di marcia;Asciutto;Asfaltata;Verticale ed orizzontale;Sereno;Normale;Buona;Ore Diurne;1;0;0;2;12.51441;41.93714;-1;2;Motociclo a solo;In marcia / fermata / arresto;Conducente;M;Rimandato;0;NON DECEDUTO;;
3062121;2;18/11/2016 14:50;Strada Urbana;VIA FLAMINIA;all'intersezione semaforizzata con;VIA CESARE FRACASSINI;VIA CESARE FRACASSINI;;;Investimento di pedone;Intersezione semaforizzata;Una carreggiata a senso unico di marcia;Asciutto;Asfaltata;Verticale ed orizzontale;Sereno;Normale;Buona;Ore Diurne;1;0;0;1;12.47183;41.94192;-1;;;;Pedone;M;Rimandato;0;NON DECEDUTO;;
3062121;2;18/11/2016 14:50;Strada Urbana;VIA FLAMINIA;all'intersezione semaforizzata con;VIA CESARE FRACASSINI;VIA CESARE FRACASSINI;;;Investimento di pedone;Intersezione semaforizzata;Una carreggiata a senso unico di marcia;Asciutto;Asfaltata;Verticale ed orizzontale;Sereno;Normale;Buona;Ore Diurne;1;0;0;1;12.47183;41.94192;-1;1;Autovettura privata;In marcia / fermata / arresto;Conducente;M;Illeso;0;;Non accertato;Inesploso
3062124;2;18/11/2016 19:45;Strada Urbana;VIA DI S. ANGELA MERICI;in corrispondenza;;del civico n.;90;;Investimento di pedone;Rettilineo;Una carreggiata a doppio senso;Asciutto;Asfaltata;Verticale ed orizzontale;Sereno;Normale;Sufficiente;Sufficiente;1;0;0;1;12.52555;41.92269;-1;;;;Pedone;M;Rifiuta cure immediate;0;NON DECEDUTO;;
3062124;2;18/11/2016 19:45;Strada Urbana;VIA DI S. ANGELA MERICI;in corrispondenza;;del civico n.;90;;Investimento di pedone;Rettilineo;Una carreggiata a doppio senso;Asciutto;Asfaltata;Verticale ed orizzontale;Sereno;Normale;Sufficiente;Sufficiente;1;0;0;1;12.52555;41.92269;-1;1;Autovettura privata;In marcia / fermata / arresto;Conducente;M;Illeso;0;;;
3062126;2;19/11/2016 01:00;Comunale extraurbana;VIA SALARIA;da specificare;;;;pross. civ. 1051 - rampa di svincolo;Tamponamento;Cavalcavia;Una carreggiata a senso unico di marcia;Asciutto;Asfaltata;Assente;Nuvoloso;Scarso;Insufficiente;Insufficiente;0;0;0;3;12.50466;41.97355;-1;1;Autovettura privata;In marcia / fermata / arresto;Conducente;M;Illeso;0;;;
3062126;2;19/11/2016 01:00;Comunale extraurbana;VIA SALARIA;da specificare;;;;pross. civ. 1051 - rampa di svincolo;Tamponamento;Cavalcavia;Una carreggiata a senso unico di marcia;Asciutto;Asfaltata;Assente;Nuvoloso;Scarso;Insufficiente;Insufficiente;0;0;0;3;12.50466;41.97355;-1;2;Autovettura privata;In marcia / fermata / arresto;Conducente;M;Illeso;0;;;
3062126;2;19/11/2016 01:00;Comunale extraurbana;VIA SALARIA;da specificare;;;;pross. civ. 1051 - rampa di svincolo;Tamponamento;Cavalcavia;Una carreggiata a senso unico di marcia;Asciutto;Asfaltata;Assente;Nuvoloso;Scarso;Insufficiente;Insufficiente;0;0;0;3;12.50466;41.97355;-1;2;Autovettura privata;In marcia / fermata / arresto;Passeggero;M;Illeso;0;;;
3062129;2;19/11/2016 05:30;Strada Urbana;VIALE REGINA MARGHERITA;in prossimità;;del civico n.;181;;Veicolo in marcia contro ostacolo fisso;Rettilineo;Una carreggiata a doppio senso;Bagnato (pioggia);Asfaltata;Verticale ed orizzontale;Nuvoloso;Scarso;Sufficiente;Sufficiente;0;0;0;1;12.50503;41.91431;-1;1;Motociclo a solo;In marcia / fermata / arresto;Conducente;M;Illeso;0;;;
3062196;20;18/11/2016 15:00;Strada Urbana;VIA FLAMINIA;in corrispondenza;;del civico n.;499;;Scontro frontale/laterale SX fra veicoli in marcia;Rettilineo;Una carreggiata a doppio senso;Asciutto;Asfaltata;Verticale;Sereno;Normale;Buona;Ore Diurne;4;0;0;0;12.46977;41.94018;-1;1;Autovettura privata;In marcia / fermata / arresto;Conducente;M;Rifiuta cure immediate;0;NON DECEDUTO;Non accertato;Inesploso
3062196;20;18/11/2016 15:00;Strada Urbana;VIA FLAMINIA;in corrispondenza;;del civico n.;499;;Scontro frontale/laterale SX fra veicoli in marcia;Rettilineo;Una carreggiata a doppio senso;Asciutto;Asfaltata;Verticale;Sereno;Normale;Buona;Ore Diurne;4;0;0;0;12.46977;41.94018;-1;1;Autovettura privata;In marcia / fermata / arresto;Passeggero;M;Rifiuta cure immediate;0;NON DECEDUTO;Non accertato;Inesploso
3062196;20;18/11/2016 15:00;Strada Urbana;VIA FLAMINIA;in corrispondenza;;del civico n.;499;;Scontro frontale/laterale SX fra veicoli in marcia;Rettilineo;Una carreggiata a doppio senso;Asciutto;Asfaltata;Verticale;Sereno;Normale;Buona;Ore Diurne;4;0;0;0;12.46977;41.94018;-1;1;Autovettura privata;In marcia / fermata / arresto;Passeggero;F;Rifiuta cure immediate;0;NON DECEDUTO;Non accertato;Inesploso
3062196;20;18/11/2016 15:00;Strada Urbana;VIA FLAMINIA;in corrispondenza;;del civico n.;499;;Scontro frontale/laterale SX fra veicoli in marcia;Rettilineo;Una carreggiata a doppio senso;Asciutto;Asfaltata;Verticale;Sereno;Normale;Buona;Ore Diurne;4;0;0;0;12.46977;41.94018;-1;2;Motociclo a solo;In marcia / fermata / arresto;Conducente;M;Rimandato;0;NON DECEDUTO;Non accertato;
3062247;1;17/11/2016 18:05;Strada Urbana;PIAZZA DELLA TRINITA' DEI MONTI;da specificare;;;;FRONTE CIVICO 1;Scontro laterale fra veicoli in marcia;Rettilineo;Una carreggiata a senso unico di marcia;Asciutto;In cubetti di porfido;Verticale;Sereno;Normale;Sufficiente;Sufficiente;2;0;0;1;12.48298;41.90685;-1;1;Autovettura di polizia;In marcia / fermata / arresto;Conducente;M;Rifiuta cure immediate;0;NON DECEDUTO;Non accertato;
3062247;1;17/11/2016 18:05;Strada Urbana;PIAZZA DELLA TRINITA' DEI MONTI;da specificare;;;;FRONTE CIVICO 1;Scontro laterale fra veicoli in marcia;Rettilineo;Una carreggiata a senso unico di marcia;Asciutto;In cubetti di porfido;Verticale;Sereno;Normale;Sufficiente;Sufficiente;2;0;0;1;12.48298;41.90685;-1;1;Autovettura di polizia;In marcia / fermata / arresto;Passeggero;M;Rifiuta cure immediate;0;NON DECEDUTO;Non accertato;
3062247;1;17/11/2016 18:05;Strada Urbana;PIAZZA DELLA TRINITA' DEI MONTI;da specificare;;;;FRONTE CIVICO 1;Scontro laterale fra veicoli in marcia;Rettilineo;Una carreggiata a senso unico di marcia;Asciutto;In cubetti di porfido;Verticale;Sereno;Normale;Sufficiente;Sufficiente;2;0;0;1;12.48298;41.90685;-1;2;Autocarro inferiore 35 q.;In marcia / fermata / arresto;Conducente;M;Illeso;0;;Non accertato;
3062291;1;18/11/2016 14:41;Strada Urbana;VIA DRUSO;in prossimità;;del civico n.;2;;Investimento di pedone;Rettilineo;Una carreggiata a doppio senso;Asciutto;Asfaltata;Verticale ed orizzontale;Sereno;Normale;Buona;Ore Diurne;1;0;0;1;12.49623;41.88075;-1;;;;Pedone;M;Rimandato;0;NON DECEDUTO;;
3062291;1;18/11/2016 14:41;Strada Urbana;VIA DRUSO;in prossimità;;del civico n.;2;;Investimento di pedone;Rettilineo;Una carreggiata a doppio senso;Asciutto;Asfaltata;Verticale ed orizzontale;Sereno;Normale;Buona;Ore Diurne;1;0;0;1;12.49623;41.88075;-1;1;Motociclo a solo;In marcia / fermata / arresto;Conducente;M;Illeso;0;;Non accertato;
3062307;4;17/11/2016 13:30;Strada Urbana;VIALE CARMELO BENE;all'intersezione con;VIA MARIO SOLDATI;VIA MARIO SOLDATI;;;Scontro frontale/laterale DX fra veicoli in marcia;Incrocio;Due carreggiate;Asciutto;Asfaltata;Verticale ed orizzontale;Nuvoloso;Normale;Buona;Ore Diurne;0;0;0;3;12.53381;41.97492;-1;1;Motociclo con passeggero;In marcia / fermata / arresto;Conducente;M;Illeso;0;;Non accertato;
3062307;4;17/11/2016 13:30;Strada Urbana;VIALE CARMELO BENE;all'intersezione con;VIA MARIO SOLDATI;VIA MARIO SOLDATI;;;Scontro frontale/laterale DX fra veicoli in marcia;Incrocio;Due carreggiate;Asciutto;Asfaltata;Verticale ed orizzontale;Nuvoloso;Normale;Buona;Ore Diurne;0;0;0;3;12.53381;41.97492;-1;1;Motociclo con passeggero;In marcia / fermata / arresto;Passeggero;F;Illeso;0;;Non accertato;
3062307;4;17/11/2016 13:30;Strada Urbana;VIALE CARMELO BENE;all'intersezione con;VIA MARIO SOLDATI;VIA MARIO SOLDATI;;;Scontro frontale/laterale DX fra veicoli in marcia;Incrocio;Due carreggiate;Asciutto;Asfaltata;Verticale ed orizzontale;Nuvoloso;Normale;Buona;Ore Diurne;0;0;0;3;12.53381;41.97492;-1;2;Autovettura privata;In marcia / fermata / arresto;Conducente;M;Illeso;0;;Non accertato;
3062308;1;17/11/2016 19:45;Strada Urbana;PIAZZALE NUMA POMPILIO;da specificare;;;;IN CORRISPONDENZA TERMA DI CARACALLA;Scontro laterale fra veicoli in marcia;Rettilineo;Una carreggiata a doppio senso;Asciutto;Asfaltata;Verticale ed orizzontale;Sereno;Normale;Sufficiente;Sufficiente;0;0;0;2;12.49567;41.8796;-1;1;Autovettura privata;In marcia / fermata / arresto;Conducente;M;Illeso;0;;Non accertato;
3062308;1;17/11/2016 19:45;Strada Urbana;PIAZZALE NUMA POMPILIO;da specificare;;;;IN CORRISPONDENZA TERMA DI CARACALLA;Scontro laterale fra veicoli in marcia;Rettilineo;Una carreggiata a doppio senso;Asciutto;Asfaltata;Verticale ed orizzontale;Sereno;Normale;Sufficiente;Sufficiente;0;0;0;2;12.49567;41.8796;-1;2;Autobus di linea;In marcia / fermata / arresto;Conducente;M;Illeso;0;;Non accertato;
3062322;1;17/11/2016 17:30;Strada Urbana;VIA MERULANA;in prossimità;;del civico n.;227;;Scontro laterale fra veicoli in marcia;Rettilineo;Una carreggiata a doppio senso;Asciutto;Asfaltata;Verticale ed orizzontale;Sereno;Normale;Sufficiente;Sufficiente;0;0;0;2;12.50135;41.89279;-1;1;Motociclo a solo;In marcia / fermata / arresto;Conducente;M;Illeso;0;;Non accertato;
3062322;1;17/11/2016 17:30;Strada Urbana;VIA MERULANA;in prossimità;;del civico n.;227;;Scontro laterale fra veicoli in marcia;Rettilineo;Una carreggiata a doppio senso;Asciutto;Asfaltata;Verticale ed orizzontale;Sereno;Normale;Sufficiente;Sufficiente;0;0;0;2;12.50135;41.89279;-1;2;Motociclo a solo;In marcia / fermata / arresto;Conducente;F;Illeso;0;;;
3062334;16;19/11/2016 08:45;Strada Urbana;VIA DELLA NOCETTA;all'intersezione con;VIA AURELIA ANTICA;VIA AURELIA ANTICA;;;Scontro frontale/laterale DX fra veicoli in marcia;Incrocio;Una carreggiata a doppio senso;Bagnato (umidità in atto);Asfaltata;Verticale ed orizzontale;Nuvoloso;Scarso;Buona;Ore Diurne;0;0;0;4;12.43156;41.88363;-1;1;Autovettura privata;In marcia / fermata / arresto;Conducente;M;Illeso;0;;Non accertato;Inesploso
3062334;16;19/11/2016 08:45;Strada Urbana;VIA DELLA NOCETTA;all'intersezione con;VIA AURELIA ANTICA;VIA AURELIA ANTICA;;;Scontro frontale/laterale DX fra veicoli in marcia;Incrocio;Una carreggiata a doppio senso;Bagnato (umidità in atto);Asfaltata;Verticale ed orizzontale;Nuvoloso;Scarso;Buona;Ore Diurne;0;0;0;4;12.43156;41.88363;-1;2;Autovettura privata;In marcia / fermata / arresto;Conducente;M;Illeso;0;;Non accertato;Inesploso
3062334;16;19/11/2016 08:45;Strada Urbana;VIA DELLA NOCETTA;all'intersezione con;VIA AURELIA ANTICA;VIA AURELIA ANTICA;;;Scontro frontale/laterale DX fra veicoli in marcia;Incrocio;Una carreggiata a doppio senso;Bagnato (umidità in atto);Asfaltata;Verticale ed orizzontale;Nuvoloso;Scarso;Buona;Ore Diurne;0;0;0;4;12.43156;41.88363;-1;2;Autovettura privata;In marcia / fermata / arresto;Passeggero;F;Illeso;0;;Non accertato;Inesploso
3062334;16;19/11/2016 08:45;Strada Urbana;VIA DELLA NOCETTA;all'intersezione con;VIA AURELIA ANTICA;VIA AURELIA ANTICA;;;Scontro frontale/laterale DX fra veicoli in marcia;Incrocio;Una carreggiata a doppio senso;Bagnato (umidità in atto);Asfaltata;Verticale ed orizzontale;Nuvoloso;Scarso;Buona;Ore Diurne;0;0;0;4;12.43156;41.88363;-1;2;Autovettura privata;In marcia / fermata / arresto;Passeggero;M;Illeso;0;;Non accertato;Inesploso
3062335;1;17/11/2016 14:45;Strada Urbana;PIAZZA DI S. GIOVANNI IN LATERANO;all'intersezione con;VIA MERULANA;VIA MERULANA;;;Scontro laterale fra veicoli in marcia;Incrocio;Due carreggiate;Asciutto;Asfaltata;Verticale ed orizzontale;Sereno;Intenso;Buona;Ore Diurne;0;0;0;2;12.5068;41.88685;-1;1;Motociclo a solo;In marcia / fermata / arresto;Conducente;F;Illeso;0;;Non accertato;
3062335;1;17/11/2016 14:45;Strada Urbana;PIAZZA DI S. GIOVANNI IN LATERANO;all'intersezione con;VIA MERULANA;VIA MERULANA;;;Scontro laterale fra veicoli in marcia;Incrocio;Due carreggiate;Asciutto;Asfaltata;Verticale ed orizzontale;Sereno;Intenso;Buona;Ore Diurne;0;0;0;2;12.5068;41.88685;-1;2;Motociclo a solo;In marcia / fermata / arresto;Conducente;M;Illeso;0;;Non accertato;
3062356;2;19/11/2016 09:50;Strada Urbana;VIA PO;da specificare;;;;prossimità VIA TEVERE;Veicolo in marcia contro ostacolo accidentale;Rettilineo;Una carreggiata a doppio senso;Bagnato (umidità in atto);Asfaltata;Verticale ed orizzontale;Nuvoloso;Scarso;Buona;Ore Diurne;1;0;0;0;12.49578;41.915;-1;1;Ciclomotore;In marcia / fermata / arresto;Conducente;F;Rimandato;0;NON DECEDUTO;Non accertato;
3062359;1;19/11/2016 07:00;Strada Urbana;VIALE DELL'OBELISCO;all'intersezione con;VIALE DEL BELVEDERE;VIALE DEL BELVEDERE;;;Veicolo in marcia contro ostacolo fisso;Incrocio;Una carreggiata a doppio senso;Bagnato (pioggia);Asfaltata;Verticale ed orizzontale;Nuvoloso;Scarso;Buona;Ore Diurne;2;0;0;0;12.48216;41.91029;-1;1;Autovettura privata;In marcia / fermata / arresto;Passeggero;F;Rimandato;0;NON DECEDUTO;Non accertato;Inesploso
3062359;1;19/11/2016 07:00;Strada Urbana;VIALE DELL'OBELISCO;all'intersezione con;VIALE DEL BELVEDERE;VIALE DEL BELVEDERE;;;Veicolo in marcia contro ostacolo fisso;Incrocio;Una carreggiata a doppio senso;Bagnato (pioggia);Asfaltata;Verticale ed orizzontale;Nuvoloso;Scarso;Buona;Ore Diurne;2;0;0;0;12.48216;41.91029;-1;1;Autovettura privata;In marcia / fermata / arresto;Conducente;F;Rimandato;0;NON DECEDUTO;Non accertato;Inesploso
3062384;4;18/11/2016 07:15;Strada Urbana;PIAZZA GIUSEPPE PRIMOLI;all'intersezione con;VIA UGO OJETTI;VIA UGO OJETTI;;;Scontro laterale fra veicoli in marcia;Incrocio;Due carreggiate;Asciutto;Asfaltata;Verticale ed orizzontale;Sereno;Intenso;Buona;Ore Diurne;0;0;0;2;12.55303;41.94531;-1;1;Autovettura privata;In marcia / fermata / arresto;Conducente;F;Illeso;0;;Non accertato;Inesploso
3062384;4;18/11/2016 07:15;Strada Urbana;PIAZZA GIUSEPPE PRIMOLI;all'intersezione con;VIA UGO OJETTI;VIA UGO OJETTI;;;Scontro laterale fra veicoli in marcia;Incrocio;Due carreggiate;Asciutto;Asfaltata;Verticale ed orizzontale;Sereno;Intenso;Buona;Ore Diurne;0;0;0;2;12.55303;41.94531;-1;2;Autovettura privata;In marcia / fermata / arresto;Conducente;M;Illeso;0;;Non accertato;Inesploso
3062390;1;19/11/2016 10:20;Strada Urbana;VIALE DI TRASTEVERE;in corrispondenza;;del palo luce n.;13;;Infortunio per caduta del veicolo;Rettilineo;Una carreggiata a doppio senso;Bagnato (pioggia);Asfaltata;Verticale ed orizzontale;Nuvoloso;Normale;Buona;Ore Diurne;1;0;0;0;12.46777;41.88147;-1;1;Motociclo a solo;In marcia / fermata / arresto;Conducente;M;Rimandato;0;NON DECEDUTO;Non accertato;
3062395;4;18/11/2016 07:45;Strada Urbana;VIA DI VALLE MELAINA;all'intersezione semaforizzata con;VIA DELLE ISOLE CURZOLANE;VIA DELLE ISOLE CURZOLANE;;;Scontro laterale fra veicoli in marcia;Incrocio;Due carreggiate;Bagnato (umidità in atto);Asfaltata;Verticale ed orizzontale;Nuvoloso;Normale;Buona;Ore Diurne;0;0;0;2;12.5267;41.95028;-1;1;Autocarro inferiore 35 q.;In marcia / fermata / arresto;Conducente;M;Illeso;0;;Non accertato;Inesploso
3062395;4;18/11/2016 07:45;Strada Urbana;VIA DI VALLE MELAINA;all'intersezione semaforizzata con;VIA DELLE ISOLE CURZOLANE;VIA DELLE ISOLE CURZOLANE;;;Scontro laterale fra veicoli in marcia;Incrocio;Due carreggiate;Bagnato (umidità in atto);Asfaltata;Verticale ed orizzontale;Nuvoloso;Normale;Buona;Ore Diurne;0;0;0;2;12.5267;41.95028;-1;2;Autocarro inferiore 35 q.;In marcia / fermata / arresto;Conducente;M;Illeso;0;;Non accertato;Inesploso
3062409;4;18/11/2016 14:20;Strada Urbana;VIA VAL DI SANGRO;in prossimità;;del civico n.;12;;Veicolo in marcia contro veicolo arresto;Rettilineo;Una carreggiata a senso unico di marcia;Asciutto;Asfaltata;Orizzontale;Sereno;Scarso;Buona;Ore Diurne;0;0;0;2;12.52053;41.94323;-1;1;Autovettura privata;In marcia / fermata / arresto;Conducente;F;Illeso;0;;Non accertato;Inesploso
3062409;4;18/11/2016 14:20;Strada Urbana;VIA VAL DI SANGRO;in prossimità;;del civico n.;12;;Veicolo in marcia contro veicolo arresto;Rettilineo;Una carreggiata a senso unico di marcia;Asciutto;Asfaltata;Orizzontale;Sereno;Scarso;Buona;Ore Diurne;0;0;0;2;12.52053;41.94323;-1;2;Autovettura privata;In marcia / fermata / arresto;Conducente;M;Illeso;0;;Non accertato;Inesploso
3062482;20;18/11/2016 10:55;Strada Urbana;VIA AL SESTO MIGLIO;in corrispondenza;;del civico n.;40;;Scontro laterale fra veicoli in marcia;Rettilineo;Una carreggiata a doppio senso;Asciutto;Asfaltata;Orizzontale;Sereno;Normale;Buona;Ore Diurne;0;0;0;2;12.44099;41.96796;-1;1;Autovettura privata;In marcia / fermata / arresto;Conducente;M;Illeso;0;;Non accertato;Inesploso
3062482;20;18/11/2016 10:55;Strada Urbana;VIA AL SESTO MIGLIO;in corrispondenza;;del civico n.;40;;Scontro laterale fra veicoli in marcia;Rettilineo;Una carreggiata a doppio senso;Asciutto;Asfaltata;Orizzontale;Sereno;Normale;Buona;Ore Diurne;0;0;0;2;12.44099;41.96796;-1;2;Autovettura privata;In marcia / fermata / arresto;Conducente;M;Illeso;0;;Non accertato;Inesploso
3062595;9;19/11/2016 09:30;Strada Urbana;VIA TUSCOLANA;in prossimità;;del civico n.;421;;Tamponamento Multiplo;Rettilineo;Due carreggiate;Bagnato (pioggia);Asfaltata;Verticale ed orizzontale;Pioggia in atto;Normale;Buona;Ore Diurne;0;0;0;3;12.53076;41.87355;-1;1;Autovettura privata;In marcia / fermata / arresto;Conducente;F;Illeso;0;;Non accertato;Inesploso
3062595;9;19/11/2016 09:30;Strada Urbana;VIA TUSCOLANA;in prossimità;;del civico n.;421;;Tamponamento Multiplo;Rettilineo;Due carreggiate;Bagnato (pioggia);Asfaltata;Verticale ed orizzontale;Pioggia in atto;Normale;Buona;Ore Diurne;0;0;0;3;12.53076;41.87355;-1;2;Autovettura privata;In marcia / fermata / arresto;Conducente;M;Illeso;0;;Non accertato;Inesploso
3062595;9;19/11/2016 09:30;Strada Urbana;VIA TUSCOLANA;in prossimità;;del civico n.;421;;Tamponamento Multiplo;Rettilineo;Due carreggiate;Bagnato (pioggia);Asfaltata;Verticale ed orizzontale;Pioggia in atto;Normale;Buona;Ore Diurne;0;0;0;3;12.53076;41.87355;-1;3;Autocarro inferiore 35 q.;In marcia / fermata / arresto;Conducente;M;Illeso;0;;Non accertato;Inesploso