Protocollo;Gruppo;DataOraIncidente;Localizzazione1;STRADA1;Localizzazione2;STRADA2;Strada02;Chilometrica;DaSpecificare;NaturaIncidente;particolaritastrade;TipoStrada;FondoStradale;Pavimentazione;Segnaletica;CondizioneAtmosferica;Traffico;Visibilita;Illuminazione;NUM_FERITI;NUM_RISERVATA;NUM_MORTI;NUM_ILLESI;Longitudine;Latitudine;Confermato;Progressivo;TipoVeicolo;StatoVeicolo;TipoPersona;Sesso;Tipolesione;Deceduto;DecedutoDopo;CinturaCascoUtilizzato;Airbag
3062607;9;19/11/2016 10:25;Strada Urbana;PIAZZA DI S. MARIA AUSILIATRICE;da specificare;;;;fronte civico 56;Tamponamento Multiplo;Rettilineo;Una carreggiata a senso unico di marcia;Bagnato (pioggia);Asfaltata;Verticale ed orizzontale;Nuvoloso;Normale;Buona;Ore Diurne;0;0;0;3;12.53044;41.87336;-1;1;Autovettura privata;In marcia / fermata / arresto;Conducente;M;Illeso;0;;Non accertato;Inesploso
3062607;9;19/11/2016 10:25;Strada Urbana;PIAZZA DI S. MARIA AUSILIATRICE;da specificare;;;;fronte civico 56;Tamponamento Multiplo;Rettilineo;Una carreggiata a senso unico di marcia;Bagnato (pioggia);Asfaltata;Verticale ed orizzontale;Nuvoloso;Normale;Buona;Ore Diurne;0;0;0;3;12.53044;41.87336;-1;2;Autovettura privata;In marcia / fermata / arresto;Conducente;M;Illeso;0;;Non accertato;Inesploso
3062607;9;19/11/2016 10:25;Strada Urbana;PIAZZA DI S. MARIA AUSILIATRICE;da specificare;;;;fronte civico 56;Tamponamento Multiplo;Rettilineo;Una carreggiata a senso unico di marcia;Bagnato (pioggia);Asfaltata;Verticale ed orizzontale;Nuvoloso;Normale;Buona;Ore Diurne;0;0;0;3;12.53044;41.87336;-1;3;Autovettura privata;In marcia / fermata / arresto;Conducente;M;Illeso;0;;Non accertato;Inesploso
3062675;2;19/11/2016 15:45;Strada Urbana;VIA PINCIANA;da specificare;;;;fronte Via Puccini;Tamponamento Multiplo;Rettilineo;Una carreggiata a doppio senso;Asciutto;Asfaltata;Verticale ed orizzontale;Nuvoloso;Normale;Buona;Ore Diurne;0;0;0;2;12.49235;41.91222;-1;1;Autovettura privata;In marcia / fermata / arresto;Conducente;M;Illeso;0;;Non accertato;Inesploso
3062675;2;19/11/2016 15:45;Strada Urbana;VIA PINCIANA;da specificare;;;;fronte Via Puccini;Tamponamento Multiplo;Rettilineo;Una carreggiata a doppio senso;Asciutto;Asfaltata;Verticale ed orizzontale;Nuvoloso;Normale;Buona;Ore Diurne;0;0;0;2;12.49235;41.91222;-1;2;Autovettura pubblica;In marcia / fermata / arresto;Conducente;M;Illeso;0;;Non accertato;Inesploso
3062753;9;19/11/2016 14:50;Strada Urbana;VIA DELLE CAVE;in corrispondenza;;del civico n.;21;;Tamponamento;Rettilineo;Due carreggiate;Bagnato (umidità in atto);Asfaltata;Orizzontale;Nuvoloso;Normale;Buona;Ore Diurne;0;0;0;3;12.52781;41.87168;-1;1;Autovettura privata;In marcia / fermata / arresto;Conducente;F;Illeso;0;;Non accertato;Inesploso
3062753;9;19/11/2016 14:50;Strada Urbana;VIA DELLE CAVE;in corrispondenza;;del civico n.;21;;Tamponamento;Rettilineo;Due carreggiate;Bagnato (umidità in atto);Asfaltata;Orizzontale;Nuvoloso;Normale;Buona;Ore Diurne;0;0;0;3;12.52781;41.87168;-1;1;Autovettura privata;In marcia / fermata / arresto;Passeggero;M;Illeso;0;;Non accertato;Inesploso
3062753;9;19/11/2016 14:50;Strada Urbana;VIA DELLE CAVE;in corrispondenza;;del civico n.;21;;Tamponamento;Rettilineo;Due carreggiate;Bagnato (umidità in atto);Asfaltata;Orizzontale;Nuvoloso;Normale;Buona;Ore Diurne;0;0;0;3;12.52781;41.87168;-1;2;Autovettura privata;In marcia / fermata / arresto;Conducente;M;Illeso;0;;Non accertato;Inesploso
3062777;9;19/11/2016 14:55;Strada Urbana;VIA DELLE CAVE;in corrispondenza;;del civico n.;19;;Veicolo in marcia contro veicoli in sosta;Rettilineo;Due carreggiate;Bagnato (pioggia);Asfaltata;Orizzontale;Sereno;Normale;Buona;Ore Diurne;0;0;0;1;12.52797;41.87181;-1;1;Autovettura privata;In marcia / fermata / arresto;Conducente;M;Illeso;0;;Non accertato;Inesploso
3062815;9;19/11/2016 17:00;Strada Urbana;VIA APPIA NUOVA;in prossimità;;del civico n.;520;;Scontro frontale/laterale SX fra veicoli in marcia;Rettilineo;Due carreggiate;Bagnato (pioggia);Asfaltata;Verticale ed orizzontale;Nuvoloso;Normale;Sufficiente;Ore Diurne;0;0;0;7;12.52455;41.87323;-1;1;Autovettura privata;In marcia / fermata / arresto;Conducente;M;Illeso;0;;Non accertato;Inesploso
3062815;9;19/11/2016 17:00;Strada Urbana;VIA APPIA NUOVA;in prossimità;;del civico n.;520;;Scontro frontale/laterale SX fra veicoli in marcia;Rettilineo;Due carreggiate;Bagnato (pioggia);Asfaltata;Verticale ed orizzontale;Nuvoloso;Normale;Sufficiente;Ore Diurne;0;0;0;7;12.52455;41.87323;-1;1;Autovettura privata;In marcia / fermata / arresto;Passeggero;F;Illeso;0;;Non accertato;Inesploso
3062815;9;19/11/2016 17:00;Strada Urbana;VIA APPIA NUOVA;in prossimità;;del civico n.;520;;Scontro frontale/laterale SX fra veicoli in marcia;Rettilineo;Due carreggiate;Bagnato (pioggia);Asfaltata;Verticale ed orizzontale;Nuvoloso;Normale;Sufficiente;Ore Diurne;0;0;0;7;12.52455;41.87323;-1;1;Autovettura privata;In marcia / fermata / arresto;Passeggero;F;Illeso;0;;Non accertato;Inesploso
3062815;9;19/11/2016 17:00;Strada Urbana;VIA APPIA NUOVA;in prossimità;;del civico n.;520;;Scontro frontale/laterale SX fra veicoli in marcia;Rettilineo;Due carreggiate;Bagnato (pioggia);Asfaltata;Verticale ed orizzontale;Nuvoloso;Normale;Sufficiente;Ore Diurne;0;0;0;7;12.52455;41.87323;-1;2;Autovettura privata;In marcia / fermata / arresto;Conducente;M;Illeso;0;;Non accertato;Inesploso
3062815;9;19/11/2016 17:00;Strada Urbana;VIA APPIA NUOVA;in prossimità;;del civico n.;520;;Scontro frontale/laterale SX fra veicoli in marcia;Rettilineo;Due carreggiate;Bagnato (pioggia);Asfaltata;Verticale ed orizzontale;Nuvoloso;Normale;Sufficiente;Ore Diurne;0;0;0;7;12.52455;41.87323;-1;2;Autovettura privata;In marcia / fermata / arresto;Passeggero;F;Illeso;0;;Non accertato;Inesploso
3062815;9;19/11/2016 17:00;Strada Urbana;VIA APPIA NUOVA;in prossimità;;del civico n.;520;;Scontro frontale/laterale SX fra veicoli in marcia;Rettilineo;Due carreggiate;Bagnato (pioggia);Asfaltata;Verticale ed orizzontale;Nuvoloso;Normale;Sufficiente;Ore Diurne;0;0;0;7;12.52455;41.87323;-1;2;Autovettura privata;In marcia / fermata / arresto;Passeggero;F;Illeso;0;;Non accertato;Inesploso
3063210;15;19/11/2016 19:30;Strada Urbana;VIALE GUGLIELMO MARCONI;da specificare;;;;fronte civico 202;Scontro frontale/laterale SX fra veicoli in marcia;Rettilineo;Due carreggiate;Bagnato (umidità in atto);Asfaltata;Orizzontale;Nebbia;Normale;Sufficiente;Sufficiente;1;0;0;2;12.47148;41.85669;-1;1;Autovettura privata;In marcia / fermata / arresto;Conducente;M;Illeso;0;;Non accertato;Inesploso
3063210;15;19/11/2016 19:30;Strada Urbana;VIALE GUGLIELMO MARCONI;da specificare;;;;fronte civico 202;Scontro frontale/laterale SX fra veicoli in marcia;Rettilineo;Due carreggiate;Bagnato (umidità in atto);Asfaltata;Orizzontale;Nebbia;Normale;Sufficiente;Sufficiente;1;0;0;2;12.47148;41.85669;-1;1;Autovettura privata;In marcia / fermata / arresto;Passeggero;F;Illeso;0;;;
3063210;15;19/11/2016 19:30;Strada Urbana;VIALE GUGLIELMO MARCONI;da specificare;;;;fronte civico 202;Scontro frontale/laterale SX fra veicoli in marcia;Rettilineo;Due carreggiate;Bagnato (umidità in atto);Asfaltata;Orizzontale;Nebbia;Normale;Sufficiente;Sufficiente;1;0;0;2;12.47148;41.85669;-1;2;Motociclo con passeggero;In marcia / fermata / arresto;Conducente;M;Rimandato;0;NON DECEDUTO;Non accertato;
3063213;15;19/11/2016 16:30;Strada Urbana;VIA DELLA MAGLIANA;da specificare;;;;fronte civico 82;Veicolo in marcia contro veicolo in sosta;Pendenza;Una carreggiata a doppio senso;Asciutto;Asfaltata;Assente;Nuvoloso;Scarso;Buona;Ore Diurne;0;0;0;1;12.42401;41.83394;-1;1;Autocarro inferiore 35 q.;In marcia / fermata / arresto;Conducente;M;Illeso;0;;Utilizzato;
3063217;15;19/11/2016 11:30;Comunale extraurbana;VIA PORTUENSE;da specificare;;;;FRONTE VIA G. R. LORENZINI;Tamponamento;Rettilineo;Una carreggiata a doppio senso;Asciutto;Asfaltata;Orizzontale;Nuvoloso;Scarso;Buona;Ore Diurne;2;0;0;1;12.41574;41.84758;-1;1;Autovettura privata;In marcia / fermata / arresto;Conducente;M;Rimandato;0;NON DECEDUTO;Non accertato;Inesploso
3063217;15;19/11/2016 11:30;Comunale extraurbana;VIA PORTUENSE;da specificare;;;;FRONTE VIA G. R. LORENZINI;Tamponamento;Rettilineo;Una carreggiata a doppio senso;Asciutto;Asfaltata;Orizzontale;Nuvoloso;Scarso;Buona;Ore Diurne;2;0;0;1;12.41574;41.84758;-1;1;Autovettura privata;In marcia / fermata / arresto;Passeggero;F;Illeso;0;;Non accertato;Inesploso
3063217;15;19/11/2016 11:30;Comunale extraurbana;VIA PORTUENSE;da specificare;;;;FRONTE VIA G. R. LORENZINI;Tamponamento;Rettilineo;Una carreggiata a doppio senso;Asciutto;Asfaltata;Orizzontale;Nuvoloso;Scarso;Buona;Ore Diurne;2;0;0;1;12.41574;41.84758;-1;2;Autovettura privata;In marcia / fermata / arresto;Conducente;M;Rimandato;0;NON DECEDUTO;Non accertato;Esploso
3063219;15;18/11/2016 17:50;Strada Urbana;VIALE ISACCO NEWTON;da specificare;;;;circa 80 metri dopo svincolo Roma /Fiumicino;Tamponamento Multiplo;Rettilineo;Due carreggiate;Asciutto;Asfaltata;Orizzontale;Sereno;Intenso;Buona;Sufficiente;0;0;0;5;12.5087;41.89079;-1;1;Autovettura privata;In marcia / fermata / arresto;Conducente;M;Illeso;0;;Utilizzato;
3063219;15;18/11/2016 17:50;Strada Urbana;VIALE ISACCO NEWTON;da specificare;;;;circa 80 metri dopo svincolo Roma /Fiumicino;Tamponamento Multiplo;Rettilineo;Due carreggiate;Asciutto;Asfaltata;Orizzontale;Sereno;Intenso;Buona;Sufficiente;0;0;0;5;12.5087;41.89079;-1;2;Autovettura privata;In marcia / fermata / arresto;Conducente;F;Illeso;0;;Utilizzato;
3063219;15;18/11/2016 17:50;Strada Urbana;VIALE ISACCO NEWTON;da specificare;;;;circa 80 metri dopo svincolo Roma /Fiumicino;Tamponamento Multiplo;Rettilineo;Due carreggiate;Asciutto;Asfaltata;Orizzontale;Sereno;Intenso;Buona;Sufficiente;0;0;0;5;12.5087;41.89079;-1;3;Autovettura privata;In marcia / fermata / arresto;Conducente;M;Illeso;0;;;
3063219;15;18/11/2016 17:50;Strada Urbana;VIALE ISACCO NEWTON;da specificare;;;;circa 80 metri dopo svincolo Roma /Fiumicino;Tamponamento Multiplo;Rettilineo;Due carreggiate;Asciutto;Asfaltata;Orizzontale;Sereno;Intenso;Buona;Sufficiente;0;0;0;5;12.5087;41.89079;-1;4;Autovettura privata;In marcia / fermata / arresto;Passeggero;F;Illeso;0;;Utilizzato;
3063219;15;18/11/2016 17:50;Strada Urbana;VIALE ISACCO NEWTON;da specificare;;;;circa 80 metri dopo svincolo Roma /Fiumicino;Tamponamento Multiplo;Rettilineo;Due carreggiate;Asciutto;Asfaltata;Orizzontale;Sereno;Intenso;Buona;Sufficiente;0;0;0;5;12.5087;41.89079;-1;4;Autovettura privata;In marcia / fermata / arresto;Conducente;M;Illeso;0;;Utilizzato;
3063255;9;20/11/2016 02:00;Strada Urbana;VIA APPIA PIGNATELLI;da specificare;;;;fronte VIA MENOFILO;Veicolo in marcia contro ostacolo fisso;Rettilineo;Una carreggiata a doppio senso;Bagnato (pioggia);Strada pavimentata dissestata;Orizzontale;Nuvoloso;Scarso;Sufficiente;Sufficiente;0;0;0;2;12.54866;41.83771;-1;1;Autovettura privata;In marcia / fermata / arresto;Conducente;F;Illeso;0;;Utilizzato;Inesploso
3063255;9;20/11/2016 02:00;Strada Urbana;VIA APPIA PIGNATELLI;da specificare;;;;fronte VIA MENOFILO;Veicolo in marcia contro ostacolo fisso;Rettilineo;Una carreggiata a doppio senso;Bagnato (pioggia);Strada pavimentata dissestata;Orizzontale;Nuvoloso;Scarso;Sufficiente;Sufficiente;0;0;0;2;12.54866;41.83771;-1;1;Autovettura privata;In marcia / fermata / arresto;Passeggero;F;Illeso;0;;Non accertato;Inesploso
3063257;9;20/11/2016 02:15;Strada Urbana;VIA APPIA PIGNATELLI;da specificare;;;;fronte VIA MENOFILO;Veicolo in marcia contro ostacolo fisso;Rettilineo;Una carreggiata a doppio senso;Bagnato (pioggia);Asfaltata;Orizzontale;Nuvoloso;Scarso;Sufficiente;Sufficiente;0;0;0;4;12.54868;41.83776;-1;1;Autovettura privata;In marcia / fermata / arresto;Conducente;M;Illeso;0;;Non accertato;Inesploso
3063257;9;20/11/2016 02:15;Strada Urbana;VIA APPIA PIGNATELLI;da specificare;;;;fronte VIA MENOFILO;Veicolo in marcia contro ostacolo fisso;Rettilineo;Una carreggiata a doppio senso;Bagnato (pioggia);Asfaltata;Orizzontale;Nuvoloso;Scarso;Sufficiente;Sufficiente;0;0;0;4;12.54868;41.83776;-1;1;Autovettura privata;In marcia / fermata / arresto;Passeggero;M;Illeso;0;;Non accertato;Inesploso
3063260;9;20/11/2016 05:00;Strada Urbana;PIAZZALE PRENESTINO;all'intersezione con;VIA MACERATA;VIA MACERATA;;;Scontro frontale/laterale DX fra veicoli in marcia;Incrocio;Più di due carreggiate;Bagnato (pioggia);Asfaltata;Verticale ed orizzontale;Nuvoloso;Scarso;Sufficiente;Sufficiente;0;0;0;2;12.52667;41.89093;-1;1;Autovettura privata;In marcia / fermata / arresto;Conducente;F;Illeso;0;;Non accertato;Inesploso
3063260;9;20/11/2016 05:00;Strada Urbana;PIAZZALE PRENESTINO;all'intersezione con;VIA MACERATA;VIA MACERATA;;;Scontro frontale/laterale DX fra veicoli in marcia;Incrocio;Più di due carreggiate;Bagnato (pioggia);Asfaltata;Verticale ed orizzontale;Nuvoloso;Scarso;Sufficiente;Sufficiente;0;0;0;2;12.52667;41.89093;-1;2;Autovettura privata;In marcia / fermata / arresto;Conducente;M;Illeso;0;;Non accertato;Inesistente
3063277;6;19/11/2016 03:10;Strada Urbana;VIA PRENESTINA;da specificare;;;;altezza via Albimonte;Veicolo in marcia contro veicolo in sosta;Rettilineo;Più di due carreggiate;Bagnato (pioggia);Asfaltata;Verticale;Pioggia in atto;Scarso;Buona;Sufficiente;0;0;0;2;12.53281;41.89207;-1;1;Autovettura privata;In marcia / fermata / arresto;Passeggero;F;Illeso;0;;;
3063277;6;19/11/2016 03:10;Strada Urbana;VIA PRENESTINA;da specificare;;;;altezza via Albimonte;Veicolo in marcia contro veicolo in sosta;Rettilineo;Più di due carreggiate;Bagnato (pioggia);Asfaltata;Verticale;Pioggia in atto;Scarso;Buona;Sufficiente;0;0;0;2;12.53281;41.89207;-1;1;Autovettura privata;In marcia / fermata / arresto;Conducente;F;Illeso;0;;;
3063283;6;19/11/2016 09:30;Strada Urbana;VIA CASILINA;in corrispondenza;;del civico n.;173;;Tamponamento Multiplo;Rettilineo;Una carreggiata a senso unico di marcia;Bagnato (pioggia);Asfaltata;Assente;Pioggia in atto;Scarso;Buona;Ore Diurne;0;0;0;4;12.52523;41.88771;-1;1;Autovettura privata;In marcia / fermata / arresto;Conducente;F;Illeso;0;;;
3063283;6;19/11/2016 09:30;Strada Urbana;VIA CASILINA;in corrispondenza;;del civico n.;173;;Tamponamento Multiplo;Rettilineo;Una carreggiata a senso unico di marcia;Bagnato (pioggia);Asfaltata;Assente;Pioggia in atto;Scarso;Buona;Ore Diurne;0;0;0;4;12.52523;41.88771;-1;1;Autovettura privata;In marcia / fermata / arresto;Passeggero;F;Illeso;0;;;
3063283;6;19/11/2016 09:30;Strada Urbana;VIA CASILINA;in corrispondenza;;del civico n.;173;;Tamponamento Multiplo;Rettilineo;Una carreggiata a senso unico di marcia;Bagnato (pioggia);Asfaltata;Assente;Pioggia in atto;Scarso;Buona;Ore Diurne;0;0;0;4;12.52523;41.88771;-1;2;Autovettura privata;In marcia / fermata / arresto;Conducente;M;Illeso;0;;;
3063283;6;19/11/2016 09:30;Strada Urbana;VIA CASILINA;in corrispondenza;;del civico n.;173;;Tamponamento Multiplo;Rettilineo;Una carreggiata a senso unico di marcia;Bagnato (pioggia);Asfaltata;Assente;Pioggia in atto;Scarso;Buona;Ore Diurne;0;0;0;4;12.52523;41.88771;-1;3;Autovettura privata;In marcia / fermata / arresto;Conducente;M;Illeso;0;;;
3063303;6;19/11/2016 09:45;Strada Urbana;VIA TEANO;in corrispondenza;;del civico n.;10 B;;Scontro laterale fra veicoli in marcia;Rettilineo;Una carreggiata a doppio senso;Bagnato (pioggia);Asfaltata;Assente;Pioggia in atto;Scarso;Buona;Ore Diurne;0;0;0;2;12.54396;41.89067;-1;1;Autovettura di polizia;In marcia / fermata / arresto;Conducente;M;Illeso;0;;;
3063303;6;19/11/2016 09:45;Strada Urbana;VIA TEANO;in corrispondenza;;del civico n.;10 B;;Scontro laterale fra veicoli in marcia;Rettilineo;Una carreggiata a doppio senso;Bagnato (pioggia);Asfaltata;Assente;Pioggia in atto;Scarso;Buona;Ore Diurne;0;0;0;2;12.54396;41.89067;-1;2;Motociclo con passeggero;In marcia / fermata / arresto;Conducente;M;Illeso;0;;;
3063311;6;19/11/2016 12:50;Provinciale entro l'abitato;VIA SILVIO BENCO;all'intersezione con;VIA GIORGIO PITACCO;VIA GIORGIO PITACCO;;;Scontro frontale/laterale SX fra veicoli in marcia;Incrocio;Una carreggiata a senso unico di marcia;Bagnato (pioggia);Asfaltata;Verticale ed orizzontale;Pioggia in atto;Intenso;Buona;Ore Diurne;1;0;0;2;12.54749;41.89469;-1;1;Autovettura privata;In marcia / fermata / arresto;Conducente;M;Illeso;0;;;
3063311;6;19/11/2016 12:50;Provinciale entro l'abitato;VIA SILVIO BENCO;all'intersezione con;VIA GIORGIO PITACCO;VIA GIORGIO PITACCO;;;Scontro frontale/laterale SX fra veicoli in marcia;Incrocio;Una carreggiata a senso unico di marcia;Bagnato (pioggia);Asfaltata;Verticale ed orizzontale;Pioggia in atto;Intenso;Buona;Ore Diurne;1;0;0;2;12.54749;41.89469;-1;2;Autovettura privata;In marcia / fermata / arresto;Conducente;M;Illeso;0;;;
3063311;6;19/11/2016 12:50;Provinciale entro l'abitato;VIA SILVIO BENCO;all'intersezione con;VIA GIORGIO PITACCO;VIA GIORGIO PITACCO;;;Scontro frontale/laterale SX fra veicoli in marcia;Incrocio;Una carreggiata a senso unico di marcia;Bagnato (pioggia);Asfaltata;Verticale ed orizzontale;Pioggia in atto;Intenso;Buona;Ore Diurne;1;0;0;2;12.54749;41.89469;-1;2;Autovettura privata;In marcia / fermata / arresto;Passeggero;M;Rimandato;0;NON DECEDUTO;;
3063315;6;19/11/2016 16:05;Strada Urbana;VIA ALBERTO DA GIUSSANO;da specificare;;;;fronte civico 62A;Scontro frontale fra veicoli in marcia;Rettilineo;Una carreggiata a doppio senso;Bagnato (pioggia);Asfaltata;Orizzontale;Nuvoloso;Normale;Buona;Ore Diurne;1;0;0;1;12.53454;41.89031;-1;1;Autovettura privata;In marcia / fermata / arresto;Conducente;M;Illeso;0;;;
3063315;6;19/11/2016 16:05;Strada Urbana;VIA ALBERTO DA GIUSSANO;da specificare;;;;fronte civico 62A;Scontro frontale fra veicoli in marcia;Rettilineo;Una carreggiata a doppio senso;Bagnato (pioggia);Asfaltata;Orizzontale;Nuvoloso;Normale;Buona;Ore Diurne;1;0;0;1;12.53454;41.89031;-1;2;Motociclo a solo;In marcia / fermata / arresto;Conducente;F;Rifiuta cure immediate;0;NON DECEDUTO;;
3063318;2;20/11/2016 06:50;Strada Urbana;VIA DEL FORO ITALICO;da specificare;;;;direzione Stadio pros. uscita Staz. Monte Antenne;Tamponamento;Rettilineo;Due carreggiate;Bagnato (umidità in atto);Asfaltata;Verticale ed orizzontale;Nuvoloso;Normale;Buona;Ore Diurne;0;0;0;2;12.48375;41.93991;-1;1;Autovettura privata;In marcia / fermata / arresto;Conducente;M;Illeso;0;;Non accertato;
3063318;2;20/11/2016 06:50;Strada Urbana;VIA DEL FORO ITALICO;da specificare;;;;direzione Stadio pros. uscita Staz. Monte Antenne;Tamponamento;Rettilineo;Due carreggiate;Bagnato (umidità in atto);Asfaltata;Verticale ed orizzontale;Nuvoloso;Normale;Buona;Ore Diurne;0;0;0;2;12.48375;41.93991;-1;2;Veicolo speciale;In marcia / fermata / arresto;Conducente;M;Illeso;0;;;
3063325;20;19/11/2016 08:30;Strada Urbana;VIALE DI TOR DI QUINTO;in prossimità;;del civico n.;155;;Veicolo in marcia contro ostacolo fisso;Curva senza visuale libera;Due carreggiate;Bagnato (pioggia);Asfaltata;Orizzontale;Sereno;Scarso;Buona;Ore Diurne;0;0;0;1;12.48459;41.94935;-1;1;Autovettura privata;In marcia / fermata / arresto;Conducente;M;Illeso;0;;Non accertato;Inesploso
3063373;2;20/11/2016 01:30;Strada Urbana;VIALE DEL MURO TORTO;da specificare;;;;alt. civ. 5 direz. PORTA PIA;Veicolo in marcia contro ostacolo fisso;Curva a visuale libera;Due carreggiate;Bagnato (pioggia);Asfaltata;Verticale ed orizzontale;Pioggia in atto;Scarso;Buona;Sufficiente;4;0;0;0;12.48541;41.90861;-1;1;Autovettura privata;In marcia / fermata / arresto;Passeggero;F;Rimandato;0;NON DECEDUTO;Non accertato;Inesploso
3063373;2;20/11/2016 01:30;Strada Urbana;VIALE DEL MURO TORTO;da specificare;;;;alt. civ. 5 direz. PORTA PIA;Veicolo in marcia contro ostacolo fisso;Curva a visuale libera;Due carreggiate;Bagnato (pioggia);Asfaltata;Verticale ed orizzontale;Pioggia in atto;Scarso;Buona;Sufficiente;4;0;0;0;12.48541;41.90861;-1;1;Autovettura privata;In marcia / fermata / arresto;Passeggero;F;Rimandato;0;NON DECEDUTO;Non accertato;Inesploso
3063373;2;20/11/2016 01:30;Strada Urbana;VIALE DEL MURO TORTO;da specificare;;;;alt. civ. 5 direz. PORTA PIA;Veicolo in marcia contro ostacolo fisso;Curva a visuale libera;Due carreggiate;Bagnato (pioggia);Asfaltata;Verticale ed orizzontale;Pioggia in atto;Scarso;Buona;Sufficiente;4;0;0;0;12.48541;41.90861;-1;1;Autovettura privata;In marcia / fermata / arresto;Passeggero;F;Rimandato;0;NON DECEDUTO;Non accertato;Inesploso
3063373;2;20/11/2016 01:30;Strada Urbana;VIALE DEL MURO TORTO;da specificare;;;;alt. civ. 5 direz. PORTA PIA;Veicolo in marcia contro ostacolo fisso;Curva a visuale libera;Due carreggiate;Bagnato (pioggia);Asfaltata;Verticale ed orizzontale;Pioggia in atto;Scarso;Buona;Sufficiente;4;0;0;0;12.48541;41.90861;-1;1;Autovettura privata;In marcia / fermata / arresto;Conducente;F;Rimandato;0;NON DECEDUTO;Non accertato;Inesploso
3063377;2;20/11/2016 01:05;Strada Urbana;VIA TAGLIAMENTO;all'intersezione con;VIA ARNO;VIA ARNO;;;Scontro frontale/laterale SX fra veicoli in marcia;Incrocio;Una carreggiata a doppio senso;Bagnato (pioggia);Asfaltata;Verticale ed orizzontale;Pioggia in atto;Scarso;Sufficiente;Sufficiente;1;0;0;1;12.50093;41.91864;-1;1;Ciclomotore;In marcia / fermata / arresto;Conducente;M;Rifiuta cure immediate;0;NON DECEDUTO;;
3063377;2;20/11/2016 01:05;Strada Urbana;VIA TAGLIAMENTO;all'intersezione con;VIA ARNO;VIA ARNO;;;Scontro frontale/laterale SX fra veicoli in marcia;Incrocio;Una carreggiata a doppio senso;Bagnato (pioggia);Asfaltata;Verticale ed orizzontale;Pioggia in atto;Scarso;Sufficiente;Sufficiente;1;0;0;1;12.50093;41.91864;-1;2;Autovettura privata;In marcia / fermata / arresto;Conducente;M;Illeso;0;;Non accertato;
3063379;2;19/11/2016 06:00;Strada Urbana;SOTTOVIA IGNAZIO GUIDI;da specificare;;;;pross. uscita Castro Pretorio dir. Croce Rossa;Veicolo in marcia contro ostacolo fisso;Galleria illuminata;Due carreggiate;Asciutto;Asfaltata;Verticale ed orizzontale;Nuvoloso;Normale;Sufficiente;Sufficiente;0;0;0;1;12.50172;41.90918;-1;1;Autovettura privata;In marcia / fermata / arresto;Conducente;M;Illeso;0;;;
3063381;20;19/11/2016 17:30;Regionale entro l'abitato;VIA CASSIA;in prossimità;;del civico n.;871;;Investimento di pedone;Rettilineo;Una carreggiata a doppio senso;Bagnato (pioggia);Asfaltata;Orizzontale;Pioggia in atto;Normale;Sufficiente;Sufficiente;0;0;1;1;12.43677;41.96938;-1;;;;Pedone;F;Prognosi riservata;0;DECEDUTO ENTRO SETTIMO GIORNO;;
3063381;20;19/11/2016 17:30;Regionale entro l'abitato;VIA CASSIA;in prossimità;;del civico n.;871;;Investimento di pedone;Rettilineo;Una carreggiata a doppio senso;Bagnato (pioggia);Asfaltata;Orizzontale;Pioggia in atto;Normale;Sufficiente;Sufficiente;0;0;1;1;12.43677;41.96938;-1;1;Motociclo a solo;In marcia / fermata / arresto;Conducente;M;Illeso;0;;Utilizzato;
3063421;13;19/11/2016 07:10;Strada Urbana;VIALE DESIDERATO PIETRI;in prossimità;;del civico n.;36;;Veicolo in marcia contro veicoli in sosta;Rettilineo;Due carreggiate;Bagnato (pioggia);Asfaltata;Verticale ed orizzontale;Pioggia in atto;Normale;Sufficiente;Ore Diurne;0;0;0;1;12.2909;41.72729;-1;4;Autovettura privata;In marcia / fermata / arresto;Conducente;M;Illeso;0;;Non accertato;
3063477;13;19/11/2016 08:50;Strada Urbana;VIA DELLE BALENIERE;all'intersezione con;VIALE VASCO DE GAMA;VIALE VASCO DE GAMA;;;Scontro frontale/laterale SX fra veicoli in marcia;Intersezione semaforizzata;Due carreggiate;Asciutto;Asfaltata;Verticale ed orizzontale;Nuvoloso;Normale;Sufficiente;Ore Diurne;1;0;0;1;12.27948;41.73814;-1;1;Autovettura privata;In marcia / fermata / arresto;Conducente;M;Illeso;0;;Non accertato;
3063477;13;19/11/2016 08:50;Strada Urbana;VIA DELLE BALENIERE;all'intersezione con;VIALE VASCO DE GAMA;VIALE VASCO DE GAMA;;;Scontro frontale/laterale SX fra veicoli in marcia;Intersezione semaforizzata;Due carreggiate;Asciutto;Asfaltata;Verticale ed orizzontale;Nuvoloso;Normale;Sufficiente;Ore Diurne;1;0;0;1;12.27948;41.73814;-1;2;Motociclo a solo;In marcia / fermata / arresto;Conducente;M;Ricoverato;0;NON DECEDUTO;Non accertato;
3063589;13;19/11/2016 10:30;Strada Urbana;VIA DI ACILIA;da specificare;;;;PROSSIMITA' VIA MIMNERMO;Veicolo in marcia contro ostacolo accidentale;Rettilineo;Una carreggiata a doppio senso;Asciutto;Asfaltata;Verticale ed orizzontale;Sereno;Normale;Buona;Ore Diurne;0;0;0;4;12.37142;41.7737;-1;1;Autovettura privata;In marcia / fermata / arresto;Conducente;M;Illeso;0;;Non accertato;
3063589;13;19/11/2016 10:30;Strada Urbana;VIA DI ACILIA;da specificare;;;;PROSSIMITA' VIA MIMNERMO;Veicolo in marcia contro ostacolo accidentale;Rettilineo;Una carreggiata a doppio senso;Asciutto;Asfaltata;Verticale ed orizzontale;Sereno;Normale;Buona;Ore Diurne;0;0;0;4;12.37142;41.7737;-1;1;Autovettura privata;In marcia / fermata / arresto;Passeggero;M;Illeso;0;;Non accertato;