Protocollo;Gruppo;DataOraIncidente;Localizzazione1;STRADA1;Localizzazione2;STRADA2;Strada02;Chilometrica;DaSpecificare;NaturaIncidente;particolaritastrade;TipoStrada;FondoStradale;Pavimentazione;Segnaletica;CondizioneAtmosferica;Traffico;Visibilita;Illuminazione;NUM_FERITI;NUM_RISERVATA;NUM_MORTI;NUM_ILLESI;Longitudine;Latitudine;Confermato;Progressivo;TipoVeicolo;StatoVeicolo;TipoPersona;Sesso;Tipolesione;Deceduto;DecedutoDopo;CinturaCascoUtilizzato;Airbag
3065090;2;20/11/2016 22:51;Strada Urbana;CIRCONVALLAZIONE SALARIA;da specificare;;;;pross. svinc Prato Della Signora dir. Foro Italico;Veicolo in marcia contro ostacolo accidentale;Rettilineo;Due carreggiate;Asciutto;Asfaltata;Verticale ed orizzontale;Nebbia;Scarso;Sufficiente;Sufficiente;0;0;0;2;12.50971;41.93817;-1;1;Autovettura privata;In marcia / fermata / arresto;Conducente;M;Illeso;0;;;
3065090;2;20/11/2016 22:51;Strada Urbana;CIRCONVALLAZIONE SALARIA;da specificare;;;;pross. svinc Prato Della Signora dir. Foro Italico;Veicolo in marcia contro ostacolo accidentale;Rettilineo;Due carreggiate;Asciutto;Asfaltata;Verticale ed orizzontale;Nebbia;Scarso;Sufficiente;Sufficiente;0;0;0;2;12.50971;41.93817;-1;1;Autovettura privata;In marcia / fermata / arresto;Passeggero;M;Illeso;0;;;
3065096;12;21/11/2016 08:40;Strada Urbana;VIALE DEI CADUTI NELLA GUERRA DI LIBERAZIONE;in prossimità;;del civico n.;260;;Infortunio per caduta del veicolo;Curva senza visuale libera;Una carreggiata a senso unico di marcia;Asciutto;Asfaltata;Verticale ed orizzontale;Sereno;Normale;Buona;Ore Diurne;1;0;0;1;12.44565;41.78756;-1;1;Autovettura privata;In marcia / fermata / arresto;Conducente;M;Illeso;0;;Utilizzato;Inesploso
3065096;12;21/11/2016 08:40;Strada Urbana;VIALE DEI CADUTI NELLA GUERRA DI LIBERAZIONE;in prossimità;;del civico n.;260;;Infortunio per caduta del veicolo;Curva senza visuale libera;Una carreggiata a senso unico di marcia;Asciutto;Asfaltata;Verticale ed orizzontale;Sereno;Normale;Buona;Ore Diurne;1;0;0;1;12.44565;41.78756;-1;2;Motociclo a solo;In marcia / fermata / arresto;Conducente;M;Rimandato;0;NON DECEDUTO;Utilizzato;
3065123;1;18/11/2016 13:30;Strada Urbana;PIAZZA BENEDETTO CAIROLI;in prossimità;;del civico n.;4;;Investimento di pedone;Rettilineo;Una carreggiata a senso unico di marcia;Asciutto;Acciotolata;Verticale;Nuvoloso;Normale;Buona;Ore Diurne;1;0;0;1;12.4748;41.89377;-1;;;;Pedone;F;Rimandato;0;NON DECEDUTO;;
3065123;1;18/11/2016 13:30;Strada Urbana;PIAZZA BENEDETTO CAIROLI;in prossimità;;del civico n.;4;;Investimento di pedone;Rettilineo;Una carreggiata a senso unico di marcia;Asciutto;Acciotolata;Verticale;Nuvoloso;Normale;Buona;Ore Diurne;1;0;0;1;12.4748;41.89377;-1;1;Autovettura privata;In marcia / fermata / arresto;Conducente;M;Illeso;0;;Non accertato;
3065163;12;17/11/2016 07:45;Strada Urbana;VIALE DELL'OCEANO PACIFICO;da specificare;;;;fronte civico 158;Tamponamento Multiplo;Rettilineo;Una carreggiata a doppio senso;Asciutto;Asfaltata;Verticale ed orizzontale;Nuvoloso;Normale;Buona;Ore Diurne;0;0;0;3;12.45964;41.82146;-1;1;Autovettura privata;In marcia / fermata / arresto;Conducente;F;Illeso;0;;Non accertato;Inesploso
3065163;12;17/11/2016 07:45;Strada Urbana;VIALE DELL'OCEANO PACIFICO;da specificare;;;;fronte civico 158;Tamponamento Multiplo;Rettilineo;Una carreggiata a doppio senso;Asciutto;Asfaltata;Verticale ed orizzontale;Nuvoloso;Normale;Buona;Ore Diurne;0;0;0;3;12.45964;41.82146;-1;2;Autovettura privata;In marcia / fermata / arresto;Conducente;M;Illeso;0;;;
3065163;12;17/11/2016 07:45;Strada Urbana;VIALE DELL'OCEANO PACIFICO;da specificare;;;;fronte civico 158;Tamponamento Multiplo;Rettilineo;Una carreggiata a doppio senso;Asciutto;Asfaltata;Verticale ed orizzontale;Nuvoloso;Normale;Buona;Ore Diurne;0;0;0;3;12.45964;41.82146;-1;3;Autocarro inferiore 35 q.;In marcia / fermata / arresto;Conducente;M;Illeso;0;;Non accertato;Inesploso
3065175;20;21/11/2016 12:30;Strada Urbana;VIALE DI TOR DI QUINTO;da specificare;;;;interno area parcheggio centrale altezza civ 23/29;Investimento di pedone;Rettilineo;Una carreggiata a doppio senso;Asciutto;Asfaltata;Orizzontale;Sereno;Scarso;Buona;Ore Diurne;0;0;0;2;12.48143;41.94104;-1;;;;Pedone;M;Illeso;0;;;
3065175;20;21/11/2016 12:30;Strada Urbana;VIALE DI TOR DI QUINTO;da specificare;;;;interno area parcheggio centrale altezza civ 23/29;Investimento di pedone;Rettilineo;Una carreggiata a doppio senso;Asciutto;Asfaltata;Orizzontale;Sereno;Scarso;Buona;Ore Diurne;0;0;0;2;12.48143;41.94104;-1;1;Autovettura privata;In marcia / fermata / arresto;Conducente;M;Illeso;0;;Non accertato;Inesploso
3065177;4;20/11/2016 06:10;Provinciale;VIA NOMENTANA;in corrispondenza;;della chilometrica;14.9;;Veicolo in marcia contro ostacolo accidentale;Curva a visuale libera;Una carreggiata a doppio senso;Bagnato (pioggia);Con buche;Verticale ed orizzontale;Nuvoloso;Normale;Buona;Ore Diurne;0;0;0;1;12.5272;41.91849;-1;1;Autovettura privata;In marcia / fermata / arresto;Conducente;F;Illeso;0;;Non accertato;
3065185;4;20/11/2016 06:15;Provinciale;VIA NOMENTANA;in prossimità;;della chilometrica;14.9;;Veicolo in marcia contro ostacolo accidentale;Curva a visuale libera;Una carreggiata a doppio senso;Asciutto;Con buche;Verticale ed orizzontale;Sereno;Normale;Buona;Sufficiente;0;0;0;1;12.61332;41.97239;-1;1;Autovettura privata;In marcia / fermata / arresto;Conducente;F;Illeso;0;;Non accertato;Inesploso
3065186;3;19/11/2016 12:00;Strada Urbana;VIA DEGLI AUSONI;all'intersezione con;VIA DEI SABELLI;VIA DEI SABELLI;;;Scontro laterale fra veicoli in marcia;Intersezione stradale segnalata;Una carreggiata a senso unico di marcia;Asciutto;Asfaltata;Verticale ed orizzontale;Nuvoloso;Scarso;Buona;Ore Diurne;0;0;0;2;12.51737;41.89796;-1;1;Autovettura privata;In marcia / fermata / arresto;Conducente;M;Illeso;0;;Non accertato;Inesploso
3065186;3;19/11/2016 12:00;Strada Urbana;VIA DEGLI AUSONI;all'intersezione con;VIA DEI SABELLI;VIA DEI SABELLI;;;Scontro laterale fra veicoli in marcia;Intersezione stradale segnalata;Una carreggiata a senso unico di marcia;Asciutto;Asfaltata;Verticale ed orizzontale;Nuvoloso;Scarso;Buona;Ore Diurne;0;0;0;2;12.51737;41.89796;-1;2;Autovettura privata;In marcia / fermata / arresto;Conducente;F;Illeso;0;;Non accertato;Inesploso
3065193;4;20/11/2016 06:16;Provinciale;VIA NOMENTANA;in prossimità;;della chilometrica;14.9;;Veicolo in marcia contro ostacolo accidentale;Curva a visuale libera;Una carreggiata a doppio senso;Bagnato (pioggia);Con buche;Verticale ed orizzontale;Nuvoloso;Normale;Buona;Ore Diurne;0;0;0;1;12.61298;41.97226;-1;1;Autovettura privata;In marcia / fermata / arresto;Conducente;F;Illeso;0;;Non accertato;Inesploso
3065194;1;18/11/2016 08:15;Strada Urbana;VIA EMANUELE FILIBERTO;all'intersezione con;VIA BIXIO;VIA BIXIO;;;Scontro frontale/laterale DX fra veicoli in marcia;Incrocio;Una carreggiata a doppio senso;Asciutto;Asfaltata;Verticale ed orizzontale;Nuvoloso;Normale;Buona;Ore Diurne;1;0;0;2;12.50631;41.89124;-1;1;Autocarro inferiore 35 q.;In marcia / fermata / arresto;Conducente;M;Illeso;0;;Non accertato;Inesploso
3065194;1;18/11/2016 08:15;Strada Urbana;VIA EMANUELE FILIBERTO;all'intersezione con;VIA BIXIO;VIA BIXIO;;;Scontro frontale/laterale DX fra veicoli in marcia;Incrocio;Una carreggiata a doppio senso;Asciutto;Asfaltata;Verticale ed orizzontale;Nuvoloso;Normale;Buona;Ore Diurne;1;0;0;2;12.50631;41.89124;-1;2;Motociclo con passeggero;In marcia / fermata / arresto;Conducente;M;Illeso;0;;Non accertato;
3065194;1;18/11/2016 08:15;Strada Urbana;VIA EMANUELE FILIBERTO;all'intersezione con;VIA BIXIO;VIA BIXIO;;;Scontro frontale/laterale DX fra veicoli in marcia;Incrocio;Una carreggiata a doppio senso;Asciutto;Asfaltata;Verticale ed orizzontale;Nuvoloso;Normale;Buona;Ore Diurne;1;0;0;2;12.50631;41.89124;-1;2;Motociclo con passeggero;In marcia / fermata / arresto;Passeggero;F;Rimandato;0;NON DECEDUTO;Non accertato;
3065197;3;21/11/2016 08:25;Strada Urbana;VIA ARDUINO;all'intersezione con;VIA DELLA LEGA LOMBARDA;VIA DELLA LEGA LOMBARDA;;;Scontro laterale fra veicoli in marcia;Intersezione semaforizzata;Una carreggiata a doppio senso;Asciutto;Asfaltata;Orizzontale;Sereno;Normale;Buona;Ore Diurne;0;0;0;2;12.52505;41.90928;-1;1;Autovettura privata;In marcia / fermata / arresto;Conducente;M;Illeso;0;;Non accertato;Inesploso
3065197;3;21/11/2016 08:25;Strada Urbana;VIA ARDUINO;all'intersezione con;VIA DELLA LEGA LOMBARDA;VIA DELLA LEGA LOMBARDA;;;Scontro laterale fra veicoli in marcia;Intersezione semaforizzata;Una carreggiata a doppio senso;Asciutto;Asfaltata;Orizzontale;Sereno;Normale;Buona;Ore Diurne;0;0;0;2;12.52505;41.90928;-1;2;Autovettura privata;In marcia / fermata / arresto;Conducente;M;Illeso;0;;Non accertato;Inesploso
3065202;1;18/11/2016 06:30;Strada Urbana;VIA DEI CERCHI;all'intersezione semaforizzata con;VIA DELL'ARA MASSIMA DI ERCOLE;VIA DELL'ARA MASSIMA DI ERCOLE;;;Scontro laterale fra veicoli in marcia;Intersezione semaforizzata;Una carreggiata a senso unico di marcia;Bagnato (umidità in atto);In cubetti di porfido;Verticale ed orizzontale;Nuvoloso;Normale;Sufficiente;Ore Diurne;0;0;0;2;12.48588;41.88671;-1;1;Autovettura privata;In marcia / fermata / arresto;Conducente;M;Illeso;0;;;
3065202;1;18/11/2016 06:30;Strada Urbana;VIA DEI CERCHI;all'intersezione semaforizzata con;VIA DELL'ARA MASSIMA DI ERCOLE;VIA DELL'ARA MASSIMA DI ERCOLE;;;Scontro laterale fra veicoli in marcia;Intersezione semaforizzata;Una carreggiata a senso unico di marcia;Bagnato (umidità in atto);In cubetti di porfido;Verticale ed orizzontale;Nuvoloso;Normale;Sufficiente;Ore Diurne;0;0;0;2;12.48588;41.88671;-1;2;Autovettura pubblica;In marcia / fermata / arresto;Conducente;M;Illeso;0;;;
3065205;4;20/11/2016 19:30;Strada Urbana;VIALE JONIO;all'intersezione con;VIA COL DI REZIA;VIA COL DI REZIA;;;Tamponamento;Incrocio;Due carreggiate;Asciutto;Asfaltata;Orizzontale;Sereno;Normale;Buona;Sufficiente;0;0;0;2;12.53597;41.94419;-1;1;Autovettura privata;In marcia / fermata / arresto;Conducente;M;Illeso;0;;Non accertato;Inesploso
3065205;4;20/11/2016 19:30;Strada Urbana;VIALE JONIO;all'intersezione con;VIA COL DI REZIA;VIA COL DI REZIA;;;Tamponamento;Incrocio;Due carreggiate;Asciutto;Asfaltata;Orizzontale;Sereno;Normale;Buona;Sufficiente;0;0;0;2;12.53597;41.94419;-1;2;Autovettura privata;In marcia / fermata / arresto;Conducente;F;Illeso;0;;Non accertato;Inesploso
3065211;3;18/11/2016 02:00;Strada Urbana;CIRCONVALLAZIONE TIBURTINA;da specificare;;;;direzione Salaria altezza Portonaccio;Veicolo in marcia contro ostacolo fisso;Curva a visuale libera;Due carreggiate;Bagnato (umidità in atto);Asfaltata;Verticale ed orizzontale;Nuvoloso;Scarso;Buona;Sufficiente;0;0;0;1;12.53391;41.90775;-1;1;Autovettura privata;In marcia / fermata / arresto;Conducente;M;Illeso;0;;;Esploso
3065216;3;21/11/2016 11:00;Altra strada;PIAZZALE DEL VERANO;da specificare;;;;pross.tà capolinea bus Verano n. 81915;Scontro laterale fra veicoli in marcia;Rettilineo;Più di due carreggiate;Bagnato (umidità in atto);Asfaltata;Verticale ed orizzontale;Nuvoloso;Normale;Buona;Ore Diurne;0;0;0;2;12.51863;41.90118;-1;1;Autovettura privata;In marcia / fermata / arresto;Conducente;F;Illeso;0;;Non accertato;Inesploso
3065216;3;21/11/2016 11:00;Altra strada;PIAZZALE DEL VERANO;da specificare;;;;pross.tà capolinea bus Verano n. 81915;Scontro laterale fra veicoli in marcia;Rettilineo;Più di due carreggiate;Bagnato (umidità in atto);Asfaltata;Verticale ed orizzontale;Nuvoloso;Normale;Buona;Ore Diurne;0;0;0;2;12.51863;41.90118;-1;2;Autovettura privata;In marcia / fermata / arresto;Conducente;M;Illeso;0;;Non accertato;Inesploso
3065217;12;17/11/2016 19:00;Strada Urbana;VIA CRISTOFORO COLOMBO;da specificare;;;;laterale direz. G.R.A. alt. P.LE DEL LAVORO;Veicolo in marcia contro veicolo fermo;Rettilineo;Più di due carreggiate;Asciutto;Asfaltata;Verticale ed orizzontale;Nuvoloso;Intenso;Buona;Sufficiente;1;0;0;1;12.45882;41.80965;-1;1;Autovettura pubblica;In marcia / fermata / arresto;Conducente;M;Rimandato;0;NON DECEDUTO;Utilizzato;Inesploso
3065217;12;17/11/2016 19:00;Strada Urbana;VIA CRISTOFORO COLOMBO;da specificare;;;;laterale direz. G.R.A. alt. P.LE DEL LAVORO;Veicolo in marcia contro veicolo fermo;Rettilineo;Più di due carreggiate;Asciutto;Asfaltata;Verticale ed orizzontale;Nuvoloso;Intenso;Buona;Sufficiente;1;0;0;1;12.45882;41.80965;-1;2;Autovettura privata;In marcia / fermata / arresto;Conducente;M;Illeso;0;;Utilizzato;Inesploso
3065221;1;18/11/2016 08:15;Strada Urbana;VIA SALLUSTIANA;in prossimità;;del civico n.;24/A;;Veicolo in marcia contro ostacolo accidentale;Rettilineo;Una carreggiata a doppio senso;Viscido da liquidi oleosi;In cubetti di porfido;Verticale ed orizzontale;Nuvoloso;Normale;Buona;Ore Diurne;1;0;0;0;12.4943;41.90723;-1;1;Motociclo a solo;In marcia / fermata / arresto;Conducente;M;Rimandato;0;NON DECEDUTO;Non accertato;
3065222;3;19/11/2016 08:25;Strada Urbana;CIRCONVALLAZIONE TIBURTINA;da specificare;;;;dir.ne Salaria altezza Largo Talamo;Veicolo in marcia contro ostacolo accidentale;Curva a visuale libera;Una carreggiata a senso unico di marcia;Bagnato (pioggia);Asfaltata;Verticale;Nuvoloso;Scarso;Buona;Ore Diurne;0;0;0;2;12.52773;41.89919;-1;1;Autovettura privata;In marcia / fermata / arresto;Conducente;M;Illeso;0;;Non accertato;Inesploso
3065222;3;19/11/2016 08:25;Strada Urbana;CIRCONVALLAZIONE TIBURTINA;da specificare;;;;dir.ne Salaria altezza Largo Talamo;Veicolo in marcia contro ostacolo accidentale;Curva a visuale libera;Una carreggiata a senso unico di marcia;Bagnato (pioggia);Asfaltata;Verticale;Nuvoloso;Scarso;Buona;Ore Diurne;0;0;0;2;12.52773;41.89919;-1;1;Autovettura privata;In marcia / fermata / arresto;Passeggero;M;Illeso;0;;Non accertato;Inesploso
3065244;1;18/11/2016 08:15;Strada Urbana;VIA AURELIANA;all'intersezione con;VIA SALLUSTIANA;VIA SALLUSTIANA;;;Veicolo in marcia contro ostacolo accidentale;Intersezione stradale segnalata;Una carreggiata a doppio senso;Viscido da liquidi oleosi;In cubetti di porfido;Verticale ed orizzontale;Nuvoloso;Normale;Buona;Ore Diurne;1;0;0;0;12.49576;41.90658;-1;1;Motociclo a solo;In marcia / fermata / arresto;Conducente;M;Rimandato;0;NON DECEDUTO;;
3065253;3;19/11/2016 17:00;Strada Urbana;PIAZZALE DEL VERANO;in corrispondenza;;del civico n.;38;;Scontro laterale fra veicoli in marcia;Rettilineo;Una carreggiata a senso unico di marcia;Asciutto;Asfaltata;Assente;Sereno;Intenso;Buona;Ore Diurne;0;0;0;2;12.51888;41.90171;-1;1;Autovettura privata;In marcia / fermata / arresto;Conducente;F;Illeso;0;;Non accertato;
3065253;3;19/11/2016 17:00;Strada Urbana;PIAZZALE DEL VERANO;in corrispondenza;;del civico n.;38;;Scontro laterale fra veicoli in marcia;Rettilineo;Una carreggiata a senso unico di marcia;Asciutto;Asfaltata;Assente;Sereno;Intenso;Buona;Ore Diurne;0;0;0;2;12.51888;41.90171;-1;2;Autovettura privata;In marcia / fermata / arresto;Conducente;M;Illeso;0;;Non accertato;
3065265;3;19/11/2016 17:50;Strada Urbana;VIA NOMENTANA;in corrispondenza;;del civico n.;251;;Tamponamento Multiplo;Rettilineo;Più di due carreggiate;Bagnato (pioggia);Asfaltata;Verticale ed orizzontale;Nuvoloso;Normale;Buona;Sufficiente;1;0;0;2;12.50871;41.91465;-1;1;Autovettura privata;In marcia / fermata / arresto;Conducente;F;Illeso;0;;Non accertato;Inesploso
3065265;3;19/11/2016 17:50;Strada Urbana;VIA NOMENTANA;in corrispondenza;;del civico n.;251;;Tamponamento Multiplo;Rettilineo;Più di due carreggiate;Bagnato (pioggia);Asfaltata;Verticale ed orizzontale;Nuvoloso;Normale;Buona;Sufficiente;1;0;0;2;12.50871;41.91465;-1;2;Autovettura privata;In marcia / fermata / arresto;Conducente;F;Rimandato;0;NON DECEDUTO;Non accertato;Inesploso
3065265;3;19/11/2016 17:50;Strada Urbana;VIA NOMENTANA;in corrispondenza;;del civico n.;251;;Tamponamento Multiplo;Rettilineo;Più di due carreggiate;Bagnato (pioggia);Asfaltata;Verticale ed orizzontale;Nuvoloso;Normale;Buona;Sufficiente;1;0;0;2;12.50871;41.91465;-1;3;Autovettura privata;In marcia / fermata / arresto;Conducente;F;Illeso;0;;Non accertato;Inesploso
3065275;3;19/11/2016 20:05;Strada Urbana;VIALE VENTUNO APRILE;all'intersezione semaforizzata con;VIA NOMENTANA;VIA NOMENTANA;;;Tamponamento;Intersezione semaforizzata;Una carreggiata a doppio senso;Bagnato (pioggia);Asfaltata;Verticale ed orizzontale;Nuvoloso;Normale;Sufficiente;Sufficiente;0;0;0;1;12.51775;41.92115;-1;1;Autovettura privata;In marcia / fermata / arresto;Conducente;M;Illeso;0;;Non accertato;Inesploso
3065277;3;20/11/2016 09:15;Strada Urbana;PIAZZA SALERNO;in corrispondenza;;del civico n.;3;;Scontro laterale fra veicoli in marcia;Rotatoria;Una carreggiata a senso unico di marcia;Bagnato (umidità in atto);Asfaltata;Verticale ed orizzontale;Sereno;Normale;Buona;Ore Diurne;1;0;0;1;12.51268;41.91064;-1;1;Autovettura privata;In marcia / fermata / arresto;Conducente;M;Illeso;0;;;
3065277;3;20/11/2016 09:15;Strada Urbana;PIAZZA SALERNO;in corrispondenza;;del civico n.;3;;Scontro laterale fra veicoli in marcia;Rotatoria;Una carreggiata a senso unico di marcia;Bagnato (umidità in atto);Asfaltata;Verticale ed orizzontale;Sereno;Normale;Buona;Ore Diurne;1;0;0;1;12.51268;41.91064;-1;2;Velocipede;In marcia / fermata / arresto;Conducente;M;Rimandato;0;NON DECEDUTO;Esente;
3065279;10;21/11/2016 14:05;Strada Urbana;VIA APPIA PIGNATELLI;all'intersezione con;VIA MENOFILO;VIA MENOFILO;;;Scontro laterale fra veicoli in marcia;Incrocio;Una carreggiata a doppio senso;Asciutto;Asfaltata;Verticale ed orizzontale;Sereno;Normale;Sufficiente;Ore Diurne;1;0;0;2;12.54866;41.8377;-1;1;Autovettura privata;In marcia / fermata / arresto;Conducente;F;Illeso;0;;Non accertato;Inesploso
3065279;10;21/11/2016 14:05;Strada Urbana;VIA APPIA PIGNATELLI;all'intersezione con;VIA MENOFILO;VIA MENOFILO;;;Scontro laterale fra veicoli in marcia;Incrocio;Una carreggiata a doppio senso;Asciutto;Asfaltata;Verticale ed orizzontale;Sereno;Normale;Sufficiente;Ore Diurne;1;0;0;2;12.54866;41.8377;-1;1;Autovettura privata;In marcia / fermata / arresto;Passeggero;F;Illeso;0;;Non accertato;Inesploso
3065279;10;21/11/2016 14:05;Strada Urbana;VIA APPIA PIGNATELLI;all'intersezione con;VIA MENOFILO;VIA MENOFILO;;;Scontro laterale fra veicoli in marcia;Incrocio;Una carreggiata a doppio senso;Asciutto;Asfaltata;Verticale ed orizzontale;Sereno;Normale;Sufficiente;Ore Diurne;1;0;0;2;12.54866;41.8377;-1;2;Motociclo a solo;In marcia / fermata / arresto;Conducente;M;Rimandato;0;NON DECEDUTO;Non accertato;
3065284;3;20/11/2016 21:00;Strada Urbana;VIA SALARIA;da specificare;;;;in corrispondenza palo luce n. 176;Veicolo in marcia contro ostacolo accidentale;Rettilineo;Una carreggiata a senso unico di marcia;Bagnato (umidità in atto);Asfaltata;Verticale;Nebbia;Normale;Insufficiente;Insufficiente;0;0;0;1;12.50624;41.96289;-1;1;Autovettura privata;In marcia / fermata / arresto;Conducente;M;Illeso;0;;Non accertato;Inesploso
3065300;12;17/11/2016 13:20;Strada Urbana;VIA CINA;all'intersezione con;VIA DEL FOSSO DEL TORRINO;VIA DEL FOSSO DEL TORRINO;;;Scontro frontale fra veicoli in marcia;Incrocio;Una carreggiata a doppio senso;Asciutto;Asfaltata;Verticale ed orizzontale;Nuvoloso;Normale;Buona;Ore Diurne;0;0;0;2;12.43413;41.81265;-1;1;Autovettura privata;In marcia / fermata / arresto;Conducente;F;Illeso;0;;Utilizzato;Inesploso
3065300;12;17/11/2016 13:20;Strada Urbana;VIA CINA;all'intersezione con;VIA DEL FOSSO DEL TORRINO;VIA DEL FOSSO DEL TORRINO;;;Scontro frontale fra veicoli in marcia;Incrocio;Una carreggiata a doppio senso;Asciutto;Asfaltata;Verticale ed orizzontale;Nuvoloso;Normale;Buona;Ore Diurne;0;0;0;2;12.43413;41.81265;-1;2;Autocarro inferiore 35 q.;In marcia / fermata / arresto;Conducente;M;Illeso;0;;Utilizzato;Inesploso
3065318;18;18/11/2016 20:00;Strada Urbana;VIA DI TORREVECCHIA;all'intersezione con;VIA DEI CASALI DI TORREVECCHIA;VIA DEI CASALI DI TORREVECCHIA;;;Scontro laterale fra veicoli in marcia;Incrocio;Una carreggiata a doppio senso;Asciutto;Asfaltata;Orizzontale;Sereno;Scarso;Sufficiente;Sufficiente;1;0;0;1;12.41223;41.92332;-1;1;Autovettura privata;In marcia / fermata / arresto;Conducente;M;Illeso;0;;Non accertato;Inesploso
3065318;18;18/11/2016 20:00;Strada Urbana;VIA DI TORREVECCHIA;all'intersezione con;VIA DEI CASALI DI TORREVECCHIA;VIA DEI CASALI DI TORREVECCHIA;;;Scontro laterale fra veicoli in marcia;Incrocio;Una carreggiata a doppio senso;Asciutto;Asfaltata;Orizzontale;Sereno;Scarso;Sufficiente;Sufficiente;1;0;0;1;12.41223;41.92332;-1;2;Motociclo a solo;In marcia / fermata / arresto;Conducente;M;Rimandato;0;NON DECEDUTO;Non accertato;
3065330;18;21/11/2016 08:20;Strada Urbana;VIA GREGORIO VII;da specificare;;;;fronte civico 366;Scontro laterale fra veicoli in marcia;Rettilineo;Più di due carreggiate;Asciutto;Asfaltata;Orizzontale;Sereno;Normale;Buona;Ore Diurne;0;0;0;2;12.43611;41.89341;-1;1;Autovettura privata;In marcia / fermata / arresto;Conducente;F;Illeso;0;;Non accertato;Inesploso
3065330;18;21/11/2016 08:20;Strada Urbana;VIA GREGORIO VII;da specificare;;;;fronte civico 366;Scontro laterale fra veicoli in marcia;Rettilineo;Più di due carreggiate;Asciutto;Asfaltata;Orizzontale;Sereno;Normale;Buona;Ore Diurne;0;0;0;2;12.43611;41.89341;-1;2;Autocarro inferiore 35 q.;In marcia / fermata / arresto;Conducente;M;Illeso;0;;Non accertato;Inesploso
3065341;12;17/11/2016 15:50;Strada Urbana;VIA DELLA CECCHIGNOLA;all'intersezione con;VIA DEI BERSAGLIERI;VIA DEI BERSAGLIERI;;;Scontro frontale/laterale DX fra veicoli in marcia;Incrocio;Una carreggiata a doppio senso;Asciutto;Asfaltata;Verticale ed orizzontale;Nuvoloso;Normale;Buona;Ore Diurne;0;0;0;2;12.50944;41.80806;-1;1;Autovettura privata;In marcia / fermata / arresto;Conducente;F;Illeso;0;;Utilizzato;Inesploso
3065341;12;17/11/2016 15:50;Strada Urbana;VIA DELLA CECCHIGNOLA;all'intersezione con;VIA DEI BERSAGLIERI;VIA DEI BERSAGLIERI;;;Scontro frontale/laterale DX fra veicoli in marcia;Incrocio;Una carreggiata a doppio senso;Asciutto;Asfaltata;Verticale ed orizzontale;Nuvoloso;Normale;Buona;Ore Diurne;0;0;0;2;12.50944;41.80806;-1;2;Autovettura privata;In marcia / fermata / arresto;Conducente;F;Illeso;0;;Utilizzato;Inesploso
3065374;20;21/11/2016 14:15;Strada Urbana;LUNGOTEVERE FLAMINIO;in corrispondenza;;del civico n.;62d;;Veicolo in marcia contro veicolo in sosta;Rettilineo;Una carreggiata a doppio senso;Asciutto;Asfaltata;Verticale ed orizzontale;Sereno;Scarso;Buona;Ore Diurne;0;0;0;2;12.46212;41.92572;-1;1;Veicolo speciale;In marcia / fermata / arresto;Conducente;M;Illeso;0;;Non accertato;Inesistente
3065374;20;21/11/2016 14:15;Strada Urbana;LUNGOTEVERE FLAMINIO;in corrispondenza;;del civico n.;62d;;Veicolo in marcia contro veicolo in sosta;Rettilineo;Una carreggiata a doppio senso;Asciutto;Asfaltata;Verticale ed orizzontale;Sereno;Scarso;Buona;Ore Diurne;0;0;0;2;12.46212;41.92572;-1;2;Autovettura di polizia;Sosta;Passeggero;F;Illeso;0;;Non accertato;Inesploso
3065376;1;20/11/2016 17:55;Strada Urbana;VIA GIOVANNI LANZA;all'intersezione con;VIA EQUIZIA;VIA EQUIZIA;;;Scontro frontale/laterale SX fra veicoli in marcia;Incrocio;Una carreggiata a doppio senso;Asciutto;Asfaltata;Verticale ed orizzontale;Sereno;Normale;Sufficiente;Sufficiente;0;0;0;2;12.49625;41.89488;-1;1;Autovettura privata;In marcia / fermata / arresto;Conducente;M;Illeso;0;;Non accertato;Inesploso
3065376;1;20/11/2016 17:55;Strada Urbana;VIA GIOVANNI LANZA;all'intersezione con;VIA EQUIZIA;VIA EQUIZIA;;;Scontro frontale/laterale SX fra veicoli in marcia;Incrocio;Una carreggiata a doppio senso;Asciutto;Asfaltata;Verticale ed orizzontale;Sereno;Normale;Sufficiente;Sufficiente;0;0;0;2;12.49625;41.89488;-1;2;Motociclo a solo;In marcia / fermata / arresto;Conducente;M;Illeso;0;;Non accertato;
3065389;12;18/11/2016 19:30;Strada Urbana;VIALE CESARE PAVESE;in corrispondenza;;del civico n.;153;;Veicolo in marcia contro veicolo in sosta;Curva a visuale libera;Due carreggiate;Asciutto;Asfaltata;Verticale ed orizzontale;Nuvoloso;Normale;Buona;Sufficiente;0;0;0;1;12.4748;41.81743;-1;2;Autovettura privata;In marcia / fermata / arresto;Conducente;F;Illeso;0;;Non accertato;Inesploso
3065394;1;19/11/2016 10:20;Strada Urbana;VIA TORINO;in corrispondenza;;del civico n.;150;;Veicolo in marcia contro veicolo in sosta;Rettilineo;Una carreggiata a senso unico di marcia;Bagnato (pioggia);Asfaltata;Verticale ed orizzontale;Nuvoloso;Normale;Buona;Ore Diurne;2;0;0;0;12.49668;41.89991;-1;;;;Pedone;M;Rimandato;0;NON DECEDUTO;;
3065394;1;19/11/2016 10:20;Strada Urbana;VIA TORINO;in corrispondenza;;del civico n.;150;;Veicolo in marcia contro veicolo in sosta;Rettilineo;Una carreggiata a senso unico di marcia;Bagnato (pioggia);Asfaltata;Verticale ed orizzontale;Nuvoloso;Normale;Buona;Ore Diurne;2;0;0;0;12.49668;41.89991;-1;1;Autovettura privata;In marcia / fermata / arresto;Conducente;F;Rifiuta cure immediate;0;NON DECEDUTO;;