Protocollo;Gruppo;DataOraIncidente;Localizzazione1;STRADA1;Localizzazione2;STRADA2;Strada02;Chilometrica;DaSpecificare;NaturaIncidente;particolaritastrade;TipoStrada;FondoStradale;Pavimentazione;Segnaletica;CondizioneAtmosferica;Traffico;Visibilita;Illuminazione;NUM_FERITI;NUM_RISERVATA;NUM_MORTI;NUM_ILLESI;Longitudine;Latitudine;Confermato;Progressivo;TipoVeicolo;StatoVeicolo;TipoPersona;Sesso;Tipolesione;Deceduto;DecedutoDopo;CinturaCascoUtilizzato;Airbag
3066298;4;21/11/2016 13:00;Strada Urbana;VIA ARTURO GRAF;all'intersezione semaforizzata con;VIA FRANCESCO D'OVIDIO;VIA FRANCESCO D'OVIDIO;;;Scontro laterale fra veicoli in marcia;Intersezione semaforizzata;Una carreggiata a doppio senso;Asciutto;Asfaltata;Verticale ed orizzontale;Sereno;Normale;Buona;Ore Diurne;0;0;0;3;12.55254;41.9432;-1;1;Autovettura privata;In marcia / fermata / arresto;Conducente;F;Illeso;0;;Non accertato;Inesploso
3066298;4;21/11/2016 13:00;Strada Urbana;VIA ARTURO GRAF;all'intersezione semaforizzata con;VIA FRANCESCO D'OVIDIO;VIA FRANCESCO D'OVIDIO;;;Scontro laterale fra veicoli in marcia;Intersezione semaforizzata;Una carreggiata a doppio senso;Asciutto;Asfaltata;Verticale ed orizzontale;Sereno;Normale;Buona;Ore Diurne;0;0;0;3;12.55254;41.9432;-1;1;Autovettura privata;In marcia / fermata / arresto;Passeggero;F;Illeso;0;;Utilizzato;
3066298;4;21/11/2016 13:00;Strada Urbana;VIA ARTURO GRAF;all'intersezione semaforizzata con;VIA FRANCESCO D'OVIDIO;VIA FRANCESCO D'OVIDIO;;;Scontro laterale fra veicoli in marcia;Intersezione semaforizzata;Una carreggiata a doppio senso;Asciutto;Asfaltata;Verticale ed orizzontale;Sereno;Normale;Buona;Ore Diurne;0;0;0;3;12.55254;41.9432;-1;2;Motociclo con passeggero;In marcia / fermata / arresto;Conducente;M;Illeso;0;;Non accertato;
3066327;1;20/11/2016 13:30;Strada Urbana;PIAZZA DI PORTA S. PAOLO;all'intersezione con;VIALE DELLA PIRAMIDE CESTIA;VIALE DELLA PIRAMIDE CESTIA;;;Tamponamento;Incrocio;Una carreggiata a senso unico di marcia;Asciutto;In cubetti di porfido;Verticale ed orizzontale;Sereno;Normale;Buona;Ore Diurne;0;0;0;2;12.48189;41.8772;-1;1;Autovettura privata;In marcia / fermata / arresto;Conducente;F;Illeso;0;;Non accertato;Inesploso
3066327;1;20/11/2016 13:30;Strada Urbana;PIAZZA DI PORTA S. PAOLO;all'intersezione con;VIALE DELLA PIRAMIDE CESTIA;VIALE DELLA PIRAMIDE CESTIA;;;Tamponamento;Incrocio;Una carreggiata a senso unico di marcia;Asciutto;In cubetti di porfido;Verticale ed orizzontale;Sereno;Normale;Buona;Ore Diurne;0;0;0;2;12.48189;41.8772;-1;2;Autovettura privata;In marcia / fermata / arresto;Conducente;M;Illeso;0;;Non accertato;Inesploso
3066334;20;22/11/2016 08:55;Regionale entro l'abitato;VIA CASSIA;in prossimità;;del civico n.;110;;Tamponamento;Rettilineo;Una carreggiata a senso unico di marcia;Asciutto;Asfaltata;Orizzontale;Sereno;Scarso;Buona;Ore Diurne;1;0;0;1;12.46487;41.94367;-1;1;Motociclo a solo;In marcia / fermata / arresto;Conducente;M;Rimandato;0;NON DECEDUTO;Non accertato;
3066334;20;22/11/2016 08:55;Regionale entro l'abitato;VIA CASSIA;in prossimità;;del civico n.;110;;Tamponamento;Rettilineo;Una carreggiata a senso unico di marcia;Asciutto;Asfaltata;Orizzontale;Sereno;Scarso;Buona;Ore Diurne;1;0;0;1;12.46487;41.94367;-1;2;Autovettura privata;In marcia / fermata / arresto;Conducente;M;Illeso;0;;Non accertato;Inesploso
3066363;4;21/11/2016 15:00;Strada Urbana;VIA GIUSEPPE DE SANTIS;da specificare;;;;alt. VELOK direzione via Bragaglia;Veicolo in marcia contro ostacolo accidentale;Rettilineo;Una carreggiata a doppio senso;Asciutto;Asfaltata;Verticale ed orizzontale;Sereno;Normale;Buona;Ore Diurne;0;0;0;1;12.53709;41.96556;-1;1;Autovettura privata;In marcia / fermata / arresto;Conducente;M;Illeso;0;;Non accertato;
3066378;1;20/11/2016 12:09;Strada Urbana;LUNGOTEVERE DEI TEBALDI;in prossimità;;del civico n.;5;;Scontro laterale fra veicoli in marcia;Rettilineo;Una carreggiata a senso unico di marcia;Asciutto;Asfaltata;Verticale ed orizzontale;Sereno;Normale;Buona;Ore Diurne;0;0;0;2;12.47041;41.89355;-1;1;Autovettura privata;In marcia / fermata / arresto;Conducente;M;Illeso;0;;;
3066378;1;20/11/2016 12:09;Strada Urbana;LUNGOTEVERE DEI TEBALDI;in prossimità;;del civico n.;5;;Scontro laterale fra veicoli in marcia;Rettilineo;Una carreggiata a senso unico di marcia;Asciutto;Asfaltata;Verticale ed orizzontale;Sereno;Normale;Buona;Ore Diurne;0;0;0;2;12.47041;41.89355;-1;2;Autovettura privata;In marcia / fermata / arresto;Conducente;M;Illeso;0;;;
3066403;17;22/11/2016 08:20;Strada Urbana;VIA COLA DI RIENZO;da specificare;;;;fronte via Tibullo;Scontro laterale fra veicoli in marcia;Rettilineo;Una carreggiata a doppio senso;Asciutto;In cubetti di porfido;Verticale ed orizzontale;Sereno;Normale;Buona;Ore Diurne;2;0;0;1;12.46225;41.90727;-1;1;Autovettura privata;In marcia / fermata / arresto;Conducente;M;Illeso;0;;;
3066403;17;22/11/2016 08:20;Strada Urbana;VIA COLA DI RIENZO;da specificare;;;;fronte via Tibullo;Scontro laterale fra veicoli in marcia;Rettilineo;Una carreggiata a doppio senso;Asciutto;In cubetti di porfido;Verticale ed orizzontale;Sereno;Normale;Buona;Ore Diurne;2;0;0;1;12.46225;41.90727;-1;2;Motociclo con passeggero;In marcia / fermata / arresto;Conducente;M;Ricoverato;0;NON DECEDUTO;;
3066403;17;22/11/2016 08:20;Strada Urbana;VIA COLA DI RIENZO;da specificare;;;;fronte via Tibullo;Scontro laterale fra veicoli in marcia;Rettilineo;Una carreggiata a doppio senso;Asciutto;In cubetti di porfido;Verticale ed orizzontale;Sereno;Normale;Buona;Ore Diurne;2;0;0;1;12.46225;41.90727;-1;2;Motociclo con passeggero;In marcia / fermata / arresto;Passeggero;F;Ricoverato;0;NON DECEDUTO;;
3066406;4;21/11/2016 16:30;Strada Urbana;VIA VIRGILIO TALLI;da specificare;;;;prossimità viadotto Gronchi;Tamponamento;Rettilineo;Due carreggiate;Asciutto;Asfaltata;Verticale ed orizzontale;Sereno;Normale;Buona;Sufficiente;0;0;0;2;12.52595;41.96298;-1;1;Autovettura privata;In marcia / fermata / arresto;Conducente;F;Illeso;0;;;
3066406;4;21/11/2016 16:30;Strada Urbana;VIA VIRGILIO TALLI;da specificare;;;;prossimità viadotto Gronchi;Tamponamento;Rettilineo;Due carreggiate;Asciutto;Asfaltata;Verticale ed orizzontale;Sereno;Normale;Buona;Sufficiente;0;0;0;2;12.52595;41.96298;-1;1;Autovettura privata;In marcia / fermata / arresto;Passeggero;F;Illeso;0;;Non accertato;Inesploso
3066441;16;20/11/2016 12:30;Strada Urbana;VIA AURELIA;da specificare;;;;(complanare) in prossimità civ.1279;Tamponamento Multiplo;Rettilineo;Una carreggiata a doppio senso;Asciutto;Asfaltata;Assente;Sereno;Normale;Buona;Ore Diurne;0;0;0;4;12.35682;41.8823;-1;1;Autovettura privata;In marcia / fermata / arresto;Conducente;F;Illeso;0;;Non accertato;Inesploso
3066441;16;20/11/2016 12:30;Strada Urbana;VIA AURELIA;da specificare;;;;(complanare) in prossimità civ.1279;Tamponamento Multiplo;Rettilineo;Una carreggiata a doppio senso;Asciutto;Asfaltata;Assente;Sereno;Normale;Buona;Ore Diurne;0;0;0;4;12.35682;41.8823;-1;2;Autovettura privata;In marcia / fermata / arresto;Conducente;M;Illeso;0;;;
3066441;16;20/11/2016 12:30;Strada Urbana;VIA AURELIA;da specificare;;;;(complanare) in prossimità civ.1279;Tamponamento Multiplo;Rettilineo;Una carreggiata a doppio senso;Asciutto;Asfaltata;Assente;Sereno;Normale;Buona;Ore Diurne;0;0;0;4;12.35682;41.8823;-1;2;Autovettura privata;In marcia / fermata / arresto;Passeggero;F;Illeso;0;;;
3066441;16;20/11/2016 12:30;Strada Urbana;VIA AURELIA;da specificare;;;;(complanare) in prossimità civ.1279;Tamponamento Multiplo;Rettilineo;Una carreggiata a doppio senso;Asciutto;Asfaltata;Assente;Sereno;Normale;Buona;Ore Diurne;0;0;0;4;12.35682;41.8823;-1;3;Autovettura privata;In marcia / fermata / arresto;Conducente;M;Illeso;0;;;
3066450;2;21/11/2016 06:00;Strada Urbana;LUNGOTEVERE FLAMINIO;in prossimità;;del civico n.;62D;;Veicolo in marcia contro ostacolo accidentale;Rettilineo;Una carreggiata a doppio senso;Asciutto;Asfaltata;Verticale ed orizzontale;Sereno;Normale;Buona;Sufficiente;0;0;0;1;12.46199;41.92569;-1;1;Altro;In marcia / fermata / arresto;Conducente;M;Illeso;0;;Non accertato;Inesistente
3066452;2;21/11/2016 16:35;Strada Urbana;VIALE DI VILLA GRAZIOLI;all'intersezione con;VIA LISBONA;VIA LISBONA;;;Scontro laterale fra veicoli in marcia;Incrocio;Una carreggiata a senso unico di marcia;Asciutto;Asfaltata;Verticale;Sereno;Normale;Buona;Ore Diurne;0;0;0;3;12.49772;41.9234;-1;1;Autovettura privata;In marcia / fermata / arresto;Conducente;M;Illeso;0;;Non accertato;Inesploso
3066452;2;21/11/2016 16:35;Strada Urbana;VIALE DI VILLA GRAZIOLI;all'intersezione con;VIA LISBONA;VIA LISBONA;;;Scontro laterale fra veicoli in marcia;Incrocio;Una carreggiata a senso unico di marcia;Asciutto;Asfaltata;Verticale;Sereno;Normale;Buona;Ore Diurne;0;0;0;3;12.49772;41.9234;-1;1;Autovettura privata;In marcia / fermata / arresto;Passeggero;M;Illeso;0;;Non accertato;Inesploso
3066452;2;21/11/2016 16:35;Strada Urbana;VIALE DI VILLA GRAZIOLI;all'intersezione con;VIA LISBONA;VIA LISBONA;;;Scontro laterale fra veicoli in marcia;Incrocio;Una carreggiata a senso unico di marcia;Asciutto;Asfaltata;Verticale;Sereno;Normale;Buona;Ore Diurne;0;0;0;3;12.49772;41.9234;-1;2;Autovettura privata;In marcia / fermata / arresto;Conducente;M;Illeso;0;;Non accertato;Inesploso
3066457;9;22/11/2016 09:40;Strada Urbana;PIAZZA TARQUINIA;all'intersezione semaforizzata con;VIA GABI;VIA GABI;;;Scontro laterale fra veicoli in marcia;Intersezione semaforizzata;Una carreggiata a doppio senso;Asciutto;Asfaltata;Verticale ed orizzontale;Sereno;Normale;Buona;Ore Diurne;0;0;0;2;12.50959;41.88107;-1;1;Autocarro inferiore 35 q.;In marcia / fermata / arresto;Conducente;M;Illeso;0;;Non accertato;Inesploso
3066457;9;22/11/2016 09:40;Strada Urbana;PIAZZA TARQUINIA;all'intersezione semaforizzata con;VIA GABI;VIA GABI;;;Scontro laterale fra veicoli in marcia;Intersezione semaforizzata;Una carreggiata a doppio senso;Asciutto;Asfaltata;Verticale ed orizzontale;Sereno;Normale;Buona;Ore Diurne;0;0;0;2;12.50959;41.88107;-1;2;Motociclo a solo;In marcia / fermata / arresto;Conducente;M;Illeso;0;;Non accertato;
3066460;20;21/11/2016 13:15;Regionale entro l'abitato;VIA CASSIA;all'intersezione con;VIA VILFREDO PARETO;VIA VILFREDO PARETO;;;Scontro frontale/laterale DX fra veicoli in marcia;Intersezione non regolata/non segnalata;Due carreggiate;Asciutto;Asfaltata;Verticale ed orizzontale;Sereno;Normale;Buona;Ore Diurne;1;0;0;1;12.46138;41.95002;-1;1;Autovettura privata;In marcia / fermata / arresto;Conducente;M;Illeso;0;;;
3066460;20;21/11/2016 13:15;Regionale entro l'abitato;VIA CASSIA;all'intersezione con;VIA VILFREDO PARETO;VIA VILFREDO PARETO;;;Scontro frontale/laterale DX fra veicoli in marcia;Intersezione non regolata/non segnalata;Due carreggiate;Asciutto;Asfaltata;Verticale ed orizzontale;Sereno;Normale;Buona;Ore Diurne;1;0;0;1;12.46138;41.95002;-1;2;Motociclo a solo;In marcia / fermata / arresto;Conducente;M;Rimandato;0;NON DECEDUTO;Non accertato;
3066464;2;21/11/2016 18:45;Strada Urbana;VIA SAVERIO MERCADANTE;all'intersezione con;VIA ARCANGELO CORELLI;VIA ARCANGELO CORELLI;;;Investimento di pedone;Intersezione stradale segnalata;Una carreggiata a senso unico di marcia;Asciutto;Asfaltata;Verticale ed orizzontale;Sereno;Intenso;Sufficiente;Sufficiente;1;0;0;1;12.49181;41.91811;-1;;;;Pedone;F;Ricoverato;0;NON DECEDUTO;;
3066464;2;21/11/2016 18:45;Strada Urbana;VIA SAVERIO MERCADANTE;all'intersezione con;VIA ARCANGELO CORELLI;VIA ARCANGELO CORELLI;;;Investimento di pedone;Intersezione stradale segnalata;Una carreggiata a senso unico di marcia;Asciutto;Asfaltata;Verticale ed orizzontale;Sereno;Intenso;Sufficiente;Sufficiente;1;0;0;1;12.49181;41.91811;-1;1;Autovettura privata;In marcia / fermata / arresto;Conducente;M;Illeso;0;;Non accertato;Inesploso
3066466;16;19/11/2016 23:00;Strada Urbana;VIA PORTUENSE;in corrispondenza;;del civico n.;447;;Veicolo in marcia contro veicolo in sosta;Rettilineo;Una carreggiata a doppio senso;Bagnato (pioggia);Asfaltata;Orizzontale;Pioggia in atto;Normale;Sufficiente;Sufficiente;1;0;0;0;12.45033;41.85927;-1;1;Motociclo a solo;In marcia / fermata / arresto;Conducente;M;Rimandato;0;NON DECEDUTO;Non accertato;
3066469;1;20/11/2016 00:30;Strada Urbana;VIA AGOSTINO DEPRETIS;in prossimità;;del civico n.;86;;Infortunio per caduta del veicolo;Rettilineo;Una carreggiata a doppio senso;Bagnato (pioggia);In cubetti di porfido;Verticale ed orizzontale;Pioggia in atto;Scarso;Insufficiente;Insufficiente;2;0;0;0;12.49485;41.89946;-1;1;Motociclo con passeggero;In marcia / fermata / arresto;Conducente;M;Rimandato;0;NON DECEDUTO;Non accertato;
3066469;1;20/11/2016 00:30;Strada Urbana;VIA AGOSTINO DEPRETIS;in prossimità;;del civico n.;86;;Infortunio per caduta del veicolo;Rettilineo;Una carreggiata a doppio senso;Bagnato (pioggia);In cubetti di porfido;Verticale ed orizzontale;Pioggia in atto;Scarso;Insufficiente;Insufficiente;2;0;0;0;12.49485;41.89946;-1;1;Motociclo con passeggero;In marcia / fermata / arresto;Passeggero;M;Rimandato;0;NON DECEDUTO;Non accertato;
3066475;12;21/11/2016 08:00;Provinciale;VIA LAURENTINA;da specificare;;;;rotatoria VIA VALLERANO;Scontro laterale fra veicoli in marcia;Rotatoria;Una carreggiata a senso unico di marcia;Asciutto;Asfaltata;Verticale ed orizzontale;Sereno;Normale;Buona;Ore Diurne;0;0;0;3;12.48168;41.78853;-1;1;Autocarro superiore 35 q.;In marcia / fermata / arresto;Conducente;M;Illeso;0;;Non accertato;Inesploso
3066475;12;21/11/2016 08:00;Provinciale;VIA LAURENTINA;da specificare;;;;rotatoria VIA VALLERANO;Scontro laterale fra veicoli in marcia;Rotatoria;Una carreggiata a senso unico di marcia;Asciutto;Asfaltata;Verticale ed orizzontale;Sereno;Normale;Buona;Ore Diurne;0;0;0;3;12.48168;41.78853;-1;1;Autocarro superiore 35 q.;In marcia / fermata / arresto;Passeggero;M;Illeso;0;;Utilizzato;Inesploso
3066475;12;21/11/2016 08:00;Provinciale;VIA LAURENTINA;da specificare;;;;rotatoria VIA VALLERANO;Scontro laterale fra veicoli in marcia;Rotatoria;Una carreggiata a senso unico di marcia;Asciutto;Asfaltata;Verticale ed orizzontale;Sereno;Normale;Buona;Ore Diurne;0;0;0;3;12.48168;41.78853;-1;2;Autovettura privata;In marcia / fermata / arresto;Conducente;M;Illeso;0;;Non accertato;Inesploso
3066480;1;20/11/2016 09:30;Strada Urbana;LUNGOTEVERE DEI FIORENTINI;all'intersezione semaforizzata con;PIAZZA PASQUALE PAOLI;PIAZZA PASQUALE PAOLI;;;Tamponamento;Intersezione semaforizzata;Una carreggiata a senso unico di marcia;Bagnato (umidità in atto);Asfaltata;Verticale ed orizzontale;Sereno;Normale;Buona;Ore Diurne;1;0;0;2;12.46439;41.90032;-1;1;Autovettura privata;In marcia / fermata / arresto;Conducente;F;Illeso;0;;;
3066480;1;20/11/2016 09:30;Strada Urbana;LUNGOTEVERE DEI FIORENTINI;all'intersezione semaforizzata con;PIAZZA PASQUALE PAOLI;PIAZZA PASQUALE PAOLI;;;Tamponamento;Intersezione semaforizzata;Una carreggiata a senso unico di marcia;Bagnato (umidità in atto);Asfaltata;Verticale ed orizzontale;Sereno;Normale;Buona;Ore Diurne;1;0;0;2;12.46439;41.90032;-1;1;Autovettura privata;In marcia / fermata / arresto;Passeggero;F;Illeso;0;;;
3066480;1;20/11/2016 09:30;Strada Urbana;LUNGOTEVERE DEI FIORENTINI;all'intersezione semaforizzata con;PIAZZA PASQUALE PAOLI;PIAZZA PASQUALE PAOLI;;;Tamponamento;Intersezione semaforizzata;Una carreggiata a senso unico di marcia;Bagnato (umidità in atto);Asfaltata;Verticale ed orizzontale;Sereno;Normale;Buona;Ore Diurne;1;0;0;2;12.46439;41.90032;-1;2;Velocipede;In marcia / fermata / arresto;Conducente;M;Rimandato;0;NON DECEDUTO;Esente;
3066484;16;21/11/2016 07:05;Strada Urbana;VIA AURELIA ANTICA;all'intersezione con;VIA DELLA NOCETTA;VIA DELLA NOCETTA;;;Scontro frontale/laterale SX fra veicoli in marcia;Intersezione non regolata/non segnalata;Una carreggiata a doppio senso;Bagnato (umidità in atto);Asfaltata;Verticale ed orizzontale;Sereno;Normale;Sufficiente;Ore Diurne;1;0;0;2;12.43018;41.89139;-1;1;Autocarro inferiore 35 q.;In marcia / fermata / arresto;Conducente;M;Illeso;0;;Non accertato;Inesploso
3066484;16;21/11/2016 07:05;Strada Urbana;VIA AURELIA ANTICA;all'intersezione con;VIA DELLA NOCETTA;VIA DELLA NOCETTA;;;Scontro frontale/laterale SX fra veicoli in marcia;Intersezione non regolata/non segnalata;Una carreggiata a doppio senso;Bagnato (umidità in atto);Asfaltata;Verticale ed orizzontale;Sereno;Normale;Sufficiente;Ore Diurne;1;0;0;2;12.43018;41.89139;-1;1;Autocarro inferiore 35 q.;In marcia / fermata / arresto;Passeggero;M;Illeso;0;;Non accertato;Inesploso
3066484;16;21/11/2016 07:05;Strada Urbana;VIA AURELIA ANTICA;all'intersezione con;VIA DELLA NOCETTA;VIA DELLA NOCETTA;;;Scontro frontale/laterale SX fra veicoli in marcia;Intersezione non regolata/non segnalata;Una carreggiata a doppio senso;Bagnato (umidità in atto);Asfaltata;Verticale ed orizzontale;Sereno;Normale;Sufficiente;Ore Diurne;1;0;0;2;12.43018;41.89139;-1;2;Motociclo a solo;In marcia / fermata / arresto;Conducente;M;Rimandato;0;NON DECEDUTO;Non accertato;
3066493;15;22/11/2016 10:00;Strada Urbana;VIA PORTUENSE;da specificare;;;;prossimità via Ercole Bombelli;Scontro laterale fra veicoli in marcia;Rettilineo;Una carreggiata a doppio senso;Asciutto;Asfaltata;Verticale ed orizzontale;Sereno;Normale;Buona;Ore Diurne;0;0;0;2;12.44914;41.85746;-1;1;Autocarro inferiore 35 q.;In marcia / fermata / arresto;Conducente;M;Illeso;0;;Non accertato;Inesploso
3066493;15;22/11/2016 10:00;Strada Urbana;VIA PORTUENSE;da specificare;;;;prossimità via Ercole Bombelli;Scontro laterale fra veicoli in marcia;Rettilineo;Una carreggiata a doppio senso;Asciutto;Asfaltata;Verticale ed orizzontale;Sereno;Normale;Buona;Ore Diurne;0;0;0;2;12.44914;41.85746;-1;2;Autocarro inferiore 35 q.;In marcia / fermata / arresto;Conducente;M;Illeso;0;;Non accertato;Inesploso
3066496;4;21/11/2016 12:30;Strada Urbana;VIA DELLA CESARINA;da specificare;;;;prossimità via Nomentana;Veicolo in marcia contro ostacolo accidentale;Rettilineo;Una carreggiata a doppio senso;Asciutto;Asfaltata;Verticale;Sereno;Scarso;Buona;Ore Diurne;0;0;0;1;12.58389;41.95926;-1;1;Autovettura privata;In marcia / fermata / arresto;Conducente;M;Illeso;0;;;
3066503;4;21/11/2016 17:30;Strada Urbana;VIA DELLE VIGNE NUOVE;all'intersezione con;VIA VILLA DI FAONTE;VIA VILLA DI FAONTE;;;Scontro frontale/laterale DX fra veicoli in marcia;Incrocio;Una carreggiata a doppio senso;Asciutto;Asfaltata;Verticale ed orizzontale;Sereno;Normale;Sufficiente;Sufficiente;0;0;0;3;12.53578;41.95564;-1;1;Autovettura privata;In marcia / fermata / arresto;Conducente;F;Illeso;0;;;
3066503;4;21/11/2016 17:30;Strada Urbana;VIA DELLE VIGNE NUOVE;all'intersezione con;VIA VILLA DI FAONTE;VIA VILLA DI FAONTE;;;Scontro frontale/laterale DX fra veicoli in marcia;Incrocio;Una carreggiata a doppio senso;Asciutto;Asfaltata;Verticale ed orizzontale;Sereno;Normale;Sufficiente;Sufficiente;0;0;0;3;12.53578;41.95564;-1;1;Autovettura privata;In marcia / fermata / arresto;Passeggero;F;Illeso;0;;;
3066503;4;21/11/2016 17:30;Strada Urbana;VIA DELLE VIGNE NUOVE;all'intersezione con;VIA VILLA DI FAONTE;VIA VILLA DI FAONTE;;;Scontro frontale/laterale DX fra veicoli in marcia;Incrocio;Una carreggiata a doppio senso;Asciutto;Asfaltata;Verticale ed orizzontale;Sereno;Normale;Sufficiente;Sufficiente;0;0;0;3;12.53578;41.95564;-1;2;Autovettura privata;In marcia / fermata / arresto;Conducente;M;Illeso;0;;;
3066510;17;22/11/2016 02:00;Strada Urbana;PIAZZA NAVONA;in prossimità;;del civico n.;90;;Veicolo in marcia contro ostacolo fisso;Rettilineo;Una carreggiata a senso unico di marcia;Bagnato (umidità in atto);In cubetti di porfido;Assente;Sereno;Scarso;Sufficiente;Insufficiente;0;0;0;1;12.47344;41.89895;-1;1;Macchina operatrice;In marcia / fermata / arresto;Conducente;M;Illeso;0;;Non accertato;Inesploso
3066512;16;21/11/2016 09:15;Strada Urbana;VIA DOLCEACQUA;in corrispondenza;;del civico n.;19;;Veicolo in marcia contro veicolo in sosta;Rettilineo;Una carreggiata a senso unico di marcia;Asciutto;Asfaltata;Verticale;Sereno;Scarso;Buona;Ore Diurne;0;0;0;1;12.41765;41.88533;-1;1;Macchina operatrice;In marcia / fermata / arresto;Conducente;M;Illeso;0;;Non accertato;
3066518;23;20/11/2016 18:30;Strada Urbana;VIA DI S. GALLA;all'intersezione con;PIAZZA GIOVANNI DA VERRAZZANO;PIAZZA GIOVANNI DA VERRAZZANO;;;Investimento di pedone;Incrocio;Una carreggiata a doppio senso;Asciutto;Asfaltata;Verticale;Sereno;Scarso;Sufficiente;Sufficiente;2;0;0;1;12.48852;41.86781;-1;;;;Pedone;M;Rifiuta cure immediate;0;NON DECEDUTO;;
3066518;23;20/11/2016 18:30;Strada Urbana;VIA DI S. GALLA;all'intersezione con;PIAZZA GIOVANNI DA VERRAZZANO;PIAZZA GIOVANNI DA VERRAZZANO;;;Investimento di pedone;Incrocio;Una carreggiata a doppio senso;Asciutto;Asfaltata;Verticale;Sereno;Scarso;Sufficiente;Sufficiente;2;0;0;1;12.48852;41.86781;-1;;;;Pedone;F;Rimandato;0;NON DECEDUTO;;
3066518;23;20/11/2016 18:30;Strada Urbana;VIA DI S. GALLA;all'intersezione con;PIAZZA GIOVANNI DA VERRAZZANO;PIAZZA GIOVANNI DA VERRAZZANO;;;Investimento di pedone;Incrocio;Una carreggiata a doppio senso;Asciutto;Asfaltata;Verticale;Sereno;Scarso;Sufficiente;Sufficiente;2;0;0;1;12.48852;41.86781;-1;1;Autovettura privata;In marcia / fermata / arresto;Conducente;F;Illeso;0;;Utilizzato;Inesploso
3066550;2;21/11/2016 19:10;Strada Urbana;VIALE DELLA MOSCHEA;in corrispondenza;;del civico n.;18;;Veicolo in marcia contro ostacolo fisso;Rettilineo;Due carreggiate;Asciutto;Asfaltata;Verticale ed orizzontale;Sereno;Normale;Sufficiente;Ore Diurne;0;0;0;1;12.48567;41.93066;-1;1;Autovettura privata;In marcia / fermata / arresto;Conducente;M;Illeso;0;;Non accertato;
3066552;2;21/11/2016 18:50;Strada Urbana;VIALE LIEGI;all'intersezione semaforizzata con;VIA SALARIA;VIA SALARIA;;;Scontro frontale fra veicoli in marcia;Intersezione semaforizzata;Una carreggiata a doppio senso;Asciutto;Asfaltata;Verticale ed orizzontale;Sereno;Normale;Sufficiente;Sufficiente;1;0;0;1;12.49846;41.91952;-1;1;Autovettura privata;In marcia / fermata / arresto;Conducente;M;Illeso;0;;;
3066552;2;21/11/2016 18:50;Strada Urbana;VIALE LIEGI;all'intersezione semaforizzata con;VIA SALARIA;VIA SALARIA;;;Scontro frontale fra veicoli in marcia;Intersezione semaforizzata;Una carreggiata a doppio senso;Asciutto;Asfaltata;Verticale ed orizzontale;Sereno;Normale;Sufficiente;Sufficiente;1;0;0;1;12.49846;41.91952;-1;2;Motociclo a solo;In marcia / fermata / arresto;Conducente;M;Ricoverato;0;NON DECEDUTO;;
3066554;2;21/11/2016 23:10;Strada Urbana;VIA TRIONFALE;in corrispondenza;;del civico n.;13690;;Scontro frontale fra veicoli in marcia;Curva senza visuale libera;Una carreggiata a senso unico di marcia;Bagnato (umidità in atto);Asfaltata;Verticale ed orizzontale;Nuvoloso;Scarso;Sufficiente;Sufficiente;2;0;0;1;12.40844;41.98118;-1;1;Autovettura privata;In marcia / fermata / arresto;Conducente;M;Illeso;0;;;
3066554;2;21/11/2016 23:10;Strada Urbana;VIA TRIONFALE;in corrispondenza;;del civico n.;13690;;Scontro frontale fra veicoli in marcia;Curva senza visuale libera;Una carreggiata a senso unico di marcia;Bagnato (umidità in atto);Asfaltata;Verticale ed orizzontale;Nuvoloso;Scarso;Sufficiente;Sufficiente;2;0;0;1;12.40844;41.98118;-1;2;Autovettura privata;In marcia / fermata / arresto;Conducente;M;Rimandato;0;NON DECEDUTO;;
3066554;2;21/11/2016 23:10;Strada Urbana;VIA TRIONFALE;in corrispondenza;;del civico n.;13690;;Scontro frontale fra veicoli in marcia;Curva senza visuale libera;Una carreggiata a senso unico di marcia;Bagnato (umidità in atto);Asfaltata;Verticale ed orizzontale;Nuvoloso;Scarso;Sufficiente;Sufficiente;2;0;0;1;12.40844;41.98118;-1;2;Autovettura privata;In marcia / fermata / arresto;Passeggero;F;Rimandato;0;NON DECEDUTO;;Esploso
3066563;4;21/11/2016 07:30;Provinciale entro l'abitato;VIA NOMENTANA;in prossimità;;della chilometrica;15.3;;Tamponamento Multiplo;Rettilineo;Una carreggiata a doppio senso;Asciutto;Asfaltata;Orizzontale;Sereno;Intenso;Buona;Ore Diurne;1;0;0;2;12.55245;41.94115;-1;1;Autovettura privata;In marcia / fermata / arresto;Conducente;F;Illeso;0;;;
3066563;4;21/11/2016 07:30;Provinciale entro l'abitato;VIA NOMENTANA;in prossimità;;della chilometrica;15.3;;Tamponamento Multiplo;Rettilineo;Una carreggiata a doppio senso;Asciutto;Asfaltata;Orizzontale;Sereno;Intenso;Buona;Ore Diurne;1;0;0;2;12.55245;41.94115;-1;2;Autovettura privata;In marcia / fermata / arresto;Conducente;M;Illeso;0;;;
3066563;4;21/11/2016 07:30;Provinciale entro l'abitato;VIA NOMENTANA;in prossimità;;della chilometrica;15.3;;Tamponamento Multiplo;Rettilineo;Una carreggiata a doppio senso;Asciutto;Asfaltata;Orizzontale;Sereno;Intenso;Buona;Ore Diurne;1;0;0;2;12.55245;41.94115;-1;3;Quadriciclo leggero;In marcia / fermata / arresto;Conducente;F;Rimandato;0;NON DECEDUTO;;