Protocollo;Gruppo;DataOraIncidente;Localizzazione1;STRADA1;Localizzazione2;STRADA2;Strada02;Chilometrica;DaSpecificare;NaturaIncidente;particolaritastrade;TipoStrada;FondoStradale;Pavimentazione;Segnaletica;CondizioneAtmosferica;Traffico;Visibilita;Illuminazione;NUM_FERITI;NUM_RISERVATA;NUM_MORTI;NUM_ILLESI;Longitudine;Latitudine;Confermato;Progressivo;TipoVeicolo;StatoVeicolo;TipoPersona;Sesso;Tipolesione;Deceduto;DecedutoDopo;CinturaCascoUtilizzato;Airbag
3067683;9;22/11/2016 23:20;Strada Urbana;VIA EVANDRO;all'intersezione con;PIAZZA DI S. MARIA AUSILIATRICE;PIAZZA DI S. MARIA AUSILIATRICE;;;Scontro frontale/laterale SX fra veicoli in marcia;Intersezione stradale segnalata;Una carreggiata a senso unico di marcia;Asciutto;Asfaltata;Verticale ed orizzontale;Sereno;Scarso;Sufficiente;Sufficiente;0;0;0;3;12.53103;41.87278;-1;1;Autovettura privata;In marcia / fermata / arresto;Passeggero;M;Illeso;0;;Non accertato;Esploso
3067683;9;22/11/2016 23:20;Strada Urbana;VIA EVANDRO;all'intersezione con;PIAZZA DI S. MARIA AUSILIATRICE;PIAZZA DI S. MARIA AUSILIATRICE;;;Scontro frontale/laterale SX fra veicoli in marcia;Intersezione stradale segnalata;Una carreggiata a senso unico di marcia;Asciutto;Asfaltata;Verticale ed orizzontale;Sereno;Scarso;Sufficiente;Sufficiente;0;0;0;3;12.53103;41.87278;-1;2;Autovettura privata;In marcia / fermata / arresto;Conducente;M;Illeso;0;;Non accertato;Esploso
3067686;9;22/11/2016 16:20;Strada Urbana;VIA DEMETRIADE;in prossimità;;del civico n.;63;;Scontro frontale/laterale SX fra veicoli in marcia;Rettilineo;Una carreggiata a doppio senso;Asciutto;Asfaltata;Orizzontale;Sereno;Normale;Buona;Ore Diurne;0;0;0;3;12.53988;41.86256;-1;1;Autovettura privata;In marcia / fermata / arresto;Conducente;M;Illeso;0;;Non accertato;Inesploso
3067686;9;22/11/2016 16:20;Strada Urbana;VIA DEMETRIADE;in prossimità;;del civico n.;63;;Scontro frontale/laterale SX fra veicoli in marcia;Rettilineo;Una carreggiata a doppio senso;Asciutto;Asfaltata;Orizzontale;Sereno;Normale;Buona;Ore Diurne;0;0;0;3;12.53988;41.86256;-1;1;Autovettura privata;In marcia / fermata / arresto;Passeggero;M;Illeso;0;;Non accertato;Inesploso
3067686;9;22/11/2016 16:20;Strada Urbana;VIA DEMETRIADE;in prossimità;;del civico n.;63;;Scontro frontale/laterale SX fra veicoli in marcia;Rettilineo;Una carreggiata a doppio senso;Asciutto;Asfaltata;Orizzontale;Sereno;Normale;Buona;Ore Diurne;0;0;0;3;12.53988;41.86256;-1;2;Autovettura privata;In marcia / fermata / arresto;Conducente;M;Illeso;0;;Non accertato;Inesploso
3067690;11;22/11/2016 08:00;Strada Urbana;VIALE GUGLIELMO MARCONI;in corrispondenza;;del civico n.;446;;Tamponamento Multiplo;Rettilineo;Due carreggiate;Asciutto;Asfaltata;Verticale ed orizzontale;Nuvoloso;Normale;Buona;Ore Diurne;2;0;0;4;12.47123;41.85561;-1;1;Autovettura privata;In marcia / fermata / arresto;Conducente;M;Rimandato;0;NON DECEDUTO;Non accertato;
3067690;11;22/11/2016 08:00;Strada Urbana;VIALE GUGLIELMO MARCONI;in corrispondenza;;del civico n.;446;;Tamponamento Multiplo;Rettilineo;Due carreggiate;Asciutto;Asfaltata;Verticale ed orizzontale;Nuvoloso;Normale;Buona;Ore Diurne;2;0;0;4;12.47123;41.85561;-1;2;Autovettura privata;In marcia / fermata / arresto;Conducente;M;Illeso;0;;Non accertato;
3067690;11;22/11/2016 08:00;Strada Urbana;VIALE GUGLIELMO MARCONI;in corrispondenza;;del civico n.;446;;Tamponamento Multiplo;Rettilineo;Due carreggiate;Asciutto;Asfaltata;Verticale ed orizzontale;Nuvoloso;Normale;Buona;Ore Diurne;2;0;0;4;12.47123;41.85561;-1;3;Autovettura privata;In marcia / fermata / arresto;Conducente;M;Illeso;0;;Non accertato;
3067690;11;22/11/2016 08:00;Strada Urbana;VIALE GUGLIELMO MARCONI;in corrispondenza;;del civico n.;446;;Tamponamento Multiplo;Rettilineo;Due carreggiate;Asciutto;Asfaltata;Verticale ed orizzontale;Nuvoloso;Normale;Buona;Ore Diurne;2;0;0;4;12.47123;41.85561;-1;3;Autovettura privata;In marcia / fermata / arresto;Passeggero;F;Illeso;0;;Non accertato;
3067690;11;22/11/2016 08:00;Strada Urbana;VIALE GUGLIELMO MARCONI;in corrispondenza;;del civico n.;446;;Tamponamento Multiplo;Rettilineo;Due carreggiate;Asciutto;Asfaltata;Verticale ed orizzontale;Nuvoloso;Normale;Buona;Ore Diurne;2;0;0;4;12.47123;41.85561;-1;3;Autovettura privata;In marcia / fermata / arresto;Passeggero;M;Illeso;0;;Non accertato;
3067690;11;22/11/2016 08:00;Strada Urbana;VIALE GUGLIELMO MARCONI;in corrispondenza;;del civico n.;446;;Tamponamento Multiplo;Rettilineo;Due carreggiate;Asciutto;Asfaltata;Verticale ed orizzontale;Nuvoloso;Normale;Buona;Ore Diurne;2;0;0;4;12.47123;41.85561;-1;3;Autovettura privata;In marcia / fermata / arresto;Passeggero;F;Rimandato;0;NON DECEDUTO;Non accertato;Inesploso
3067692;5;22/11/2016 16:30;Strada Urbana;VIA BELMONTE IN SABINA;da specificare;;;;direzione VIA NOMENTANA uscita G.R.A.;Tamponamento Multiplo;Rettilineo;Due carreggiate;Asciutto;Asfaltata;Orizzontale;Sereno;Normale;Buona;Ore Diurne;1;0;0;3;12.59982;41.95052;-1;1;Autovettura privata;In marcia / fermata / arresto;Conducente;M;Illeso;0;;Non accertato;Inesistente
3067692;5;22/11/2016 16:30;Strada Urbana;VIA BELMONTE IN SABINA;da specificare;;;;direzione VIA NOMENTANA uscita G.R.A.;Tamponamento Multiplo;Rettilineo;Due carreggiate;Asciutto;Asfaltata;Orizzontale;Sereno;Normale;Buona;Ore Diurne;1;0;0;3;12.59982;41.95052;-1;2;Autovettura privata;In marcia / fermata / arresto;Conducente;F;Ricoverato;0;NON DECEDUTO;Non accertato;Inesistente
3067692;5;22/11/2016 16:30;Strada Urbana;VIA BELMONTE IN SABINA;da specificare;;;;direzione VIA NOMENTANA uscita G.R.A.;Tamponamento Multiplo;Rettilineo;Due carreggiate;Asciutto;Asfaltata;Orizzontale;Sereno;Normale;Buona;Ore Diurne;1;0;0;3;12.59982;41.95052;-1;2;Autovettura privata;In marcia / fermata / arresto;Passeggero;M;Illeso;0;;Non accertato;Inesistente
3067692;5;22/11/2016 16:30;Strada Urbana;VIA BELMONTE IN SABINA;da specificare;;;;direzione VIA NOMENTANA uscita G.R.A.;Tamponamento Multiplo;Rettilineo;Due carreggiate;Asciutto;Asfaltata;Orizzontale;Sereno;Normale;Buona;Ore Diurne;1;0;0;3;12.59982;41.95052;-1;3;Autocarro inferiore 35 q.;In marcia / fermata / arresto;Conducente;M;Illeso;0;;Non accertato;Inesistente
3067700;15;22/11/2016 20:05;Strada Urbana;VIA DELLA MAGLIANA;in prossimità;;del civico n.;183;;Scontro laterale fra veicoli in marcia;Rettilineo;Una carreggiata a doppio senso;Asciutto;Asfaltata;Verticale ed orizzontale;Sereno;Normale;Sufficiente;Sufficiente;0;0;0;4;12.45812;41.84456;-1;1;Motociclo a solo;In marcia / fermata / arresto;Conducente;M;Illeso;0;;Utilizzato;
3067700;15;22/11/2016 20:05;Strada Urbana;VIA DELLA MAGLIANA;in prossimità;;del civico n.;183;;Scontro laterale fra veicoli in marcia;Rettilineo;Una carreggiata a doppio senso;Asciutto;Asfaltata;Verticale ed orizzontale;Sereno;Normale;Sufficiente;Sufficiente;0;0;0;4;12.45812;41.84456;-1;2;Autovettura privata;In marcia / fermata / arresto;Conducente;M;Illeso;0;;Utilizzato;Inesploso
3067700;15;22/11/2016 20:05;Strada Urbana;VIA DELLA MAGLIANA;in prossimità;;del civico n.;183;;Scontro laterale fra veicoli in marcia;Rettilineo;Una carreggiata a doppio senso;Asciutto;Asfaltata;Verticale ed orizzontale;Sereno;Normale;Sufficiente;Sufficiente;0;0;0;4;12.45812;41.84456;-1;2;Autovettura privata;In marcia / fermata / arresto;Passeggero;F;Illeso;0;;Utilizzato;Inesploso
3067700;15;22/11/2016 20:05;Strada Urbana;VIA DELLA MAGLIANA;in prossimità;;del civico n.;183;;Scontro laterale fra veicoli in marcia;Rettilineo;Una carreggiata a doppio senso;Asciutto;Asfaltata;Verticale ed orizzontale;Sereno;Normale;Sufficiente;Sufficiente;0;0;0;4;12.45812;41.84456;-1;2;Autovettura privata;In marcia / fermata / arresto;Passeggero;M;Illeso;0;;Utilizzato;Inesploso
3067709;15;22/11/2016 17:30;Comunale extraurbana;VIA LUIGI STIPA;da specificare;;;;corrispondenza rampa uscita Roma Fiumicino;Tamponamento;Curva a visuale libera;Una carreggiata a senso unico di marcia;Asciutto;Asfaltata;Orizzontale;Sereno;Normale;Sufficiente;Insufficiente;0;0;0;2;12.33116;41.812;-1;1;Autoveicolo trasp.promisc.;In marcia / fermata / arresto;Conducente;M;Illeso;0;;Non accertato;Inesploso
3067709;15;22/11/2016 17:30;Comunale extraurbana;VIA LUIGI STIPA;da specificare;;;;corrispondenza rampa uscita Roma Fiumicino;Tamponamento;Curva a visuale libera;Una carreggiata a senso unico di marcia;Asciutto;Asfaltata;Orizzontale;Sereno;Normale;Sufficiente;Insufficiente;0;0;0;2;12.33116;41.812;-1;2;Autocarro inferiore 35 q.;In marcia / fermata / arresto;Conducente;M;Illeso;0;;Non accertato;
3067710;5;22/11/2016 18:45;Strada Urbana;VIA TIBURTINA;all'intersezione con;PIAZZA DI S. MARIA DEL SOCCORSO;PIAZZA DI S. MARIA DEL SOCCORSO;;;Investimento di pedone;Incrocio;Una carreggiata a doppio senso;Asciutto;Asfaltata;Orizzontale;Sereno;Normale;Buona;Sufficiente;1;0;0;1;12.5613;41.91548;-1;;;;Pedone;F;Rimandato;0;NON DECEDUTO;;
3067710;5;22/11/2016 18:45;Strada Urbana;VIA TIBURTINA;all'intersezione con;PIAZZA DI S. MARIA DEL SOCCORSO;PIAZZA DI S. MARIA DEL SOCCORSO;;;Investimento di pedone;Incrocio;Una carreggiata a doppio senso;Asciutto;Asfaltata;Orizzontale;Sereno;Normale;Buona;Sufficiente;1;0;0;1;12.5613;41.91548;-1;1;Motociclo a solo;In marcia / fermata / arresto;Conducente;M;Illeso;0;;Non accertato;
3067728;5;22/11/2016 18:45;Strada Urbana;VIA TIBURTINA;in prossimità;;del civico n.;328;;Scontro frontale/laterale DX fra veicoli in marcia;Rettilineo;Due carreggiate;Asciutto;Asfaltata;Verticale ed orizzontale;Sereno;Normale;Sufficiente;Sufficiente;0;0;0;4;12.53424;41.9083;-1;1;Autovettura privata;In marcia / fermata / arresto;Conducente;M;Illeso;0;;Non accertato;Inesploso
3067728;5;22/11/2016 18:45;Strada Urbana;VIA TIBURTINA;in prossimità;;del civico n.;328;;Scontro frontale/laterale DX fra veicoli in marcia;Rettilineo;Due carreggiate;Asciutto;Asfaltata;Verticale ed orizzontale;Sereno;Normale;Sufficiente;Sufficiente;0;0;0;4;12.53424;41.9083;-1;2;Autovettura privata;In marcia / fermata / arresto;Conducente;M;Illeso;0;;Non accertato;Inesploso
3067728;5;22/11/2016 18:45;Strada Urbana;VIA TIBURTINA;in prossimità;;del civico n.;328;;Scontro frontale/laterale DX fra veicoli in marcia;Rettilineo;Due carreggiate;Asciutto;Asfaltata;Verticale ed orizzontale;Sereno;Normale;Sufficiente;Sufficiente;0;0;0;4;12.53424;41.9083;-1;2;Autovettura privata;In marcia / fermata / arresto;Passeggero;M;Illeso;0;;Non accertato;Inesploso
3067728;5;22/11/2016 18:45;Strada Urbana;VIA TIBURTINA;in prossimità;;del civico n.;328;;Scontro frontale/laterale DX fra veicoli in marcia;Rettilineo;Due carreggiate;Asciutto;Asfaltata;Verticale ed orizzontale;Sereno;Normale;Sufficiente;Sufficiente;0;0;0;4;12.53424;41.9083;-1;2;Autovettura privata;In marcia / fermata / arresto;Passeggero;M;Illeso;0;;Non accertato;Inesploso
3067746;8;23/11/2016 02:20;Provinciale entro l'abitato;VIA PRENESTINA;in prossimità;;del civico n.;1280;;Veicolo in marcia contro ostacolo accidentale;Pendenza;Una carreggiata a doppio senso;Asciutto;Asfaltata;Assente;Sereno;Scarso;Sufficiente;Sufficiente;0;0;0;1;12.63673;41.89226;-1;1;Autovettura privata;In marcia / fermata / arresto;Conducente;M;Illeso;0;;Non accertato;Inesploso
3067754;11;22/11/2016 11:00;Strada Urbana;VIA ALESSANDRA MACINGHI STROZZI;in corrispondenza;;del civico n.;28/A;;Veicolo in marcia contro veicolo fermo;Rettilineo;Una carreggiata a doppio senso;Asciutto;Asfaltata;Verticale ed orizzontale;Nuvoloso;Normale;Buona;Ore Diurne;0;0;0;3;12.4907;41.8598;-1;1;Autovettura privata;In marcia / fermata / arresto;Conducente;M;Illeso;0;;Non accertato;
3067754;11;22/11/2016 11:00;Strada Urbana;VIA ALESSANDRA MACINGHI STROZZI;in corrispondenza;;del civico n.;28/A;;Veicolo in marcia contro veicolo fermo;Rettilineo;Una carreggiata a doppio senso;Asciutto;Asfaltata;Verticale ed orizzontale;Nuvoloso;Normale;Buona;Ore Diurne;0;0;0;3;12.4907;41.8598;-1;1;Autovettura privata;In marcia / fermata / arresto;Passeggero;F;Illeso;0;;Non accertato;
3067754;11;22/11/2016 11:00;Strada Urbana;VIA ALESSANDRA MACINGHI STROZZI;in corrispondenza;;del civico n.;28/A;;Veicolo in marcia contro veicolo fermo;Rettilineo;Una carreggiata a doppio senso;Asciutto;Asfaltata;Verticale ed orizzontale;Nuvoloso;Normale;Buona;Ore Diurne;0;0;0;3;12.4907;41.8598;-1;2;Autovettura privata;In marcia / fermata / arresto;Conducente;F;Illeso;0;;Non accertato;
3067755;8;22/11/2016 15:35;Strada Urbana;VIA DI TOR BELLA MONACA;da specificare;;;;alt. Via Duilio Cambellotti;Tamponamento;Rettilineo;Due carreggiate;Asciutto;Asfaltata;Verticale ed orizzontale;Sereno;Intenso;Buona;Ore Diurne;0;0;0;2;12.62389;41.87842;-1;1;Autovettura privata;In marcia / fermata / arresto;Conducente;F;Illeso;0;;Non accertato;Inesploso
3067755;8;22/11/2016 15:35;Strada Urbana;VIA DI TOR BELLA MONACA;da specificare;;;;alt. Via Duilio Cambellotti;Tamponamento;Rettilineo;Due carreggiate;Asciutto;Asfaltata;Verticale ed orizzontale;Sereno;Intenso;Buona;Ore Diurne;0;0;0;2;12.62389;41.87842;-1;2;Autovettura privata;In marcia / fermata / arresto;Conducente;M;Illeso;0;;Non accertato;Inesploso
3067757;7;23/11/2016 06:35;Strada Urbana;VIALE PALMIRO TOGLIATTI;in prossimità;;del civico n.;879;;Tamponamento;Rettilineo;Due carreggiate;Asciutto;Asfaltata;Verticale ed orizzontale;Nuvoloso;Intenso;Buona;Ore Diurne;0;0;0;2;12.57343;41.889;-1;1;Autovettura privata;In marcia / fermata / arresto;Conducente;F;Illeso;0;;Non accertato;Inesploso
3067757;7;23/11/2016 06:35;Strada Urbana;VIALE PALMIRO TOGLIATTI;in prossimità;;del civico n.;879;;Tamponamento;Rettilineo;Due carreggiate;Asciutto;Asfaltata;Verticale ed orizzontale;Nuvoloso;Intenso;Buona;Ore Diurne;0;0;0;2;12.57343;41.889;-1;2;Autovettura privata;In marcia / fermata / arresto;Conducente;F;Illeso;0;;Non accertato;Inesistente
3067761;8;22/11/2016 14:30;Provinciale entro l'abitato;VIA PRENESTINA;in prossimità;;del civico n.;1141;;Veicolo in marcia contro veicolo fermo;Rettilineo;Una carreggiata a doppio senso;Asciutto;Asfaltata;Assente;Sereno;Intenso;Buona;Ore Diurne;0;0;0;4;12.62422;41.89284;-1;1;Autovettura privata;In marcia / fermata / arresto;Conducente;M;Illeso;0;;Non accertato;Inesploso
3067761;8;22/11/2016 14:30;Provinciale entro l'abitato;VIA PRENESTINA;in prossimità;;del civico n.;1141;;Veicolo in marcia contro veicolo fermo;Rettilineo;Una carreggiata a doppio senso;Asciutto;Asfaltata;Assente;Sereno;Intenso;Buona;Ore Diurne;0;0;0;4;12.62422;41.89284;-1;1;Autovettura privata;In marcia / fermata / arresto;Passeggero;M;Illeso;0;;Non accertato;Inesploso
3067761;8;22/11/2016 14:30;Provinciale entro l'abitato;VIA PRENESTINA;in prossimità;;del civico n.;1141;;Veicolo in marcia contro veicolo fermo;Rettilineo;Una carreggiata a doppio senso;Asciutto;Asfaltata;Assente;Sereno;Intenso;Buona;Ore Diurne;0;0;0;4;12.62422;41.89284;-1;2;Autocarro inferiore 35 q.;In marcia / fermata / arresto;Conducente;M;Illeso;0;;Non accertato;Inesploso
3067761;8;22/11/2016 14:30;Provinciale entro l'abitato;VIA PRENESTINA;in prossimità;;del civico n.;1141;;Veicolo in marcia contro veicolo fermo;Rettilineo;Una carreggiata a doppio senso;Asciutto;Asfaltata;Assente;Sereno;Intenso;Buona;Ore Diurne;0;0;0;4;12.62422;41.89284;-1;2;Autocarro inferiore 35 q.;In marcia / fermata / arresto;Passeggero;M;Illeso;0;;Non accertato;Inesploso
3067764;8;22/11/2016 16:40;Statale entro l'abitato;VIA CASILINA;all'intersezione con;VIA GIUSEPPE BERNERI;VIA GIUSEPPE BERNERI;;;Scontro frontale/laterale DX fra veicoli in marcia;Intersezione stradale segnalata;Una carreggiata a doppio senso;Asciutto;Asfaltata;Verticale ed orizzontale;Sereno;Intenso;Buona;Ore Diurne;1;0;0;1;12.60933;41.86405;-1;1;Autovettura privata;In marcia / fermata / arresto;Conducente;M;Illeso;0;;Non accertato;Inesploso
3067764;8;22/11/2016 16:40;Statale entro l'abitato;VIA CASILINA;all'intersezione con;VIA GIUSEPPE BERNERI;VIA GIUSEPPE BERNERI;;;Scontro frontale/laterale DX fra veicoli in marcia;Intersezione stradale segnalata;Una carreggiata a doppio senso;Asciutto;Asfaltata;Verticale ed orizzontale;Sereno;Intenso;Buona;Ore Diurne;1;0;0;1;12.60933;41.86405;-1;2;Motociclo a solo;In marcia / fermata / arresto;Conducente;M;Rimandato;0;NON DECEDUTO;Non accertato;
3067771;8;22/11/2016 16:00;Strada Urbana;VIA SAVOCA;all'intersezione con;VIA TORREGROTTA;VIA TORREGROTTA;;;Scontro laterale fra veicoli in marcia;Intersezione stradale segnalata;Una carreggiata a doppio senso;Asciutto;Asfaltata;Orizzontale;Sereno;Scarso;Buona;Ore Diurne;1;0;0;1;12.677;41.86894;-1;1;Autovettura privata;In marcia / fermata / arresto;Conducente;M;Illeso;0;;Non accertato;Esploso
3067771;8;22/11/2016 16:00;Strada Urbana;VIA SAVOCA;all'intersezione con;VIA TORREGROTTA;VIA TORREGROTTA;;;Scontro laterale fra veicoli in marcia;Intersezione stradale segnalata;Una carreggiata a doppio senso;Asciutto;Asfaltata;Orizzontale;Sereno;Scarso;Buona;Ore Diurne;1;0;0;1;12.677;41.86894;-1;2;Motociclo con passeggero;In marcia / fermata / arresto;Conducente;M;Rifiuta cure immediate;0;NON DECEDUTO;Non accertato;
3067772;5;22/11/2016 19:15;Strada Urbana;VIA TIBURTINA;all'intersezione semaforizzata con;VIALE DEL TECNOPOLO;VIALE DEL TECNOPOLO;;;Tamponamento Multiplo;Intersezione semaforizzata;Due carreggiate;Asciutto;Asfaltata;Verticale ed orizzontale;Sereno;Scarso;Sufficiente;Sufficiente;0;0;0;5;12.63837;41.94137;-1;1;Autovettura privata;In marcia / fermata / arresto;Conducente;M;Illeso;0;;Non accertato;Inesploso
3067772;5;22/11/2016 19:15;Strada Urbana;VIA TIBURTINA;all'intersezione semaforizzata con;VIALE DEL TECNOPOLO;VIALE DEL TECNOPOLO;;;Tamponamento Multiplo;Intersezione semaforizzata;Due carreggiate;Asciutto;Asfaltata;Verticale ed orizzontale;Sereno;Scarso;Sufficiente;Sufficiente;0;0;0;5;12.63837;41.94137;-1;2;Autovettura privata;In marcia / fermata / arresto;Conducente;M;Illeso;0;;Non accertato;Inesploso
3067772;5;22/11/2016 19:15;Strada Urbana;VIA TIBURTINA;all'intersezione semaforizzata con;VIALE DEL TECNOPOLO;VIALE DEL TECNOPOLO;;;Tamponamento Multiplo;Intersezione semaforizzata;Due carreggiate;Asciutto;Asfaltata;Verticale ed orizzontale;Sereno;Scarso;Sufficiente;Sufficiente;0;0;0;5;12.63837;41.94137;-1;2;Autovettura privata;In marcia / fermata / arresto;Passeggero;F;Illeso;0;;Non accertato;Inesploso
3067772;5;22/11/2016 19:15;Strada Urbana;VIA TIBURTINA;all'intersezione semaforizzata con;VIALE DEL TECNOPOLO;VIALE DEL TECNOPOLO;;;Tamponamento Multiplo;Intersezione semaforizzata;Due carreggiate;Asciutto;Asfaltata;Verticale ed orizzontale;Sereno;Scarso;Sufficiente;Sufficiente;0;0;0;5;12.63837;41.94137;-1;2;Autovettura privata;In marcia / fermata / arresto;Passeggero;M;Illeso;0;;Non accertato;Inesploso
3067772;5;22/11/2016 19:15;Strada Urbana;VIA TIBURTINA;all'intersezione semaforizzata con;VIALE DEL TECNOPOLO;VIALE DEL TECNOPOLO;;;Tamponamento Multiplo;Intersezione semaforizzata;Due carreggiate;Asciutto;Asfaltata;Verticale ed orizzontale;Sereno;Scarso;Sufficiente;Sufficiente;0;0;0;5;12.63837;41.94137;-1;3;Autocarro inferiore 35 q.;In marcia / fermata / arresto;Conducente;M;Illeso;0;;Non accertato;Inesploso
3067775;8;22/11/2016 17:30;Strada Urbana;VIA ANDREA NOALE;in prossimità;;del civico n.;180;;Investimento di pedone;Rettilineo;Una carreggiata a doppio senso;Asciutto;Asfaltata;Orizzontale;Sereno;Intenso;Insufficiente;Inesistente;1;0;0;1;12.62178;41.91283;-1;;;;Pedone;M;Rifiuta cure immediate;0;NON DECEDUTO;;
3067775;8;22/11/2016 17:30;Strada Urbana;VIA ANDREA NOALE;in prossimità;;del civico n.;180;;Investimento di pedone;Rettilineo;Una carreggiata a doppio senso;Asciutto;Asfaltata;Orizzontale;Sereno;Intenso;Insufficiente;Inesistente;1;0;0;1;12.62178;41.91283;-1;1;Autovettura privata;In marcia / fermata / arresto;Conducente;M;Illeso;0;;Non accertato;Inesploso
3067782;8;22/11/2016 08:20;Strada Urbana;VIA DELLE CANAPIGLIE;all'intersezione con;VIA DELLE PISPOLE;VIA DELLE PISPOLE;;;Scontro frontale/laterale SX fra veicoli in marcia;Intersezione stradale segnalata;Una carreggiata a doppio senso;Asciutto;Asfaltata;Verticale ed orizzontale;Sereno;Scarso;Buona;Ore Diurne;2;0;0;3;12.5998;41.86876;-1;1;Autovettura privata;In marcia / fermata / arresto;Conducente;F;Illeso;0;;Non accertato;Inesploso
3067782;8;22/11/2016 08:20;Strada Urbana;VIA DELLE CANAPIGLIE;all'intersezione con;VIA DELLE PISPOLE;VIA DELLE PISPOLE;;;Scontro frontale/laterale SX fra veicoli in marcia;Intersezione stradale segnalata;Una carreggiata a doppio senso;Asciutto;Asfaltata;Verticale ed orizzontale;Sereno;Scarso;Buona;Ore Diurne;2;0;0;3;12.5998;41.86876;-1;1;Autovettura privata;In marcia / fermata / arresto;Passeggero;F;Illeso;0;;Non accertato;Inesploso
3067782;8;22/11/2016 08:20;Strada Urbana;VIA DELLE CANAPIGLIE;all'intersezione con;VIA DELLE PISPOLE;VIA DELLE PISPOLE;;;Scontro frontale/laterale SX fra veicoli in marcia;Intersezione stradale segnalata;Una carreggiata a doppio senso;Asciutto;Asfaltata;Verticale ed orizzontale;Sereno;Scarso;Buona;Ore Diurne;2;0;0;3;12.5998;41.86876;-1;1;Autovettura privata;In marcia / fermata / arresto;Passeggero;F;Illeso;0;;Non accertato;Inesploso
3067782;8;22/11/2016 08:20;Strada Urbana;VIA DELLE CANAPIGLIE;all'intersezione con;VIA DELLE PISPOLE;VIA DELLE PISPOLE;;;Scontro frontale/laterale SX fra veicoli in marcia;Intersezione stradale segnalata;Una carreggiata a doppio senso;Asciutto;Asfaltata;Verticale ed orizzontale;Sereno;Scarso;Buona;Ore Diurne;2;0;0;3;12.5998;41.86876;-1;2;Autovettura privata;In marcia / fermata / arresto;Conducente;M;Rifiuta cure immediate;0;NON DECEDUTO;Non accertato;Inesploso
3067782;8;22/11/2016 08:20;Strada Urbana;VIA DELLE CANAPIGLIE;all'intersezione con;VIA DELLE PISPOLE;VIA DELLE PISPOLE;;;Scontro frontale/laterale SX fra veicoli in marcia;Intersezione stradale segnalata;Una carreggiata a doppio senso;Asciutto;Asfaltata;Verticale ed orizzontale;Sereno;Scarso;Buona;Ore Diurne;2;0;0;3;12.5998;41.86876;-1;2;Autovettura privata;In marcia / fermata / arresto;Passeggero;F;Rifiuta cure immediate;0;NON DECEDUTO;Non accertato;Inesploso
3067799;13;22/11/2016 05:30;Strada Urbana;VIA BARZANO';da specificare;;;;in prossimità via Caiolo;Veicolo in marcia contro ostacolo accidentale;Rettilineo;Una carreggiata a doppio senso;Asciutto;Con buche;Assente;Sereno;Normale;Buona;Sufficiente;0;0;0;1;12.33276;41.77762;-1;1;Autovettura privata;In marcia / fermata / arresto;Conducente;F;Illeso;0;;Non accertato;
3067802;13;22/11/2016 10:05;Strada Urbana;VIA ISOLE DEL CAPO VERDE;all'intersezione semaforizzata con;VIA DEI PANFILI;VIA DEI PANFILI;;;Tamponamento;Intersezione semaforizzata;Due carreggiate;Asciutto;Asfaltata;Verticale ed orizzontale;Sereno;Intenso;Buona;Ore Diurne;1;0;0;2;12.27826;41.73835;-1;1;Autovettura privata;In marcia / fermata / arresto;Conducente;F;Rimandato;0;NON DECEDUTO;Non accertato;Inesploso
3067802;13;22/11/2016 10:05;Strada Urbana;VIA ISOLE DEL CAPO VERDE;all'intersezione semaforizzata con;VIA DEI PANFILI;VIA DEI PANFILI;;;Tamponamento;Intersezione semaforizzata;Due carreggiate;Asciutto;Asfaltata;Verticale ed orizzontale;Sereno;Intenso;Buona;Ore Diurne;1;0;0;2;12.27826;41.73835;-1;1;Autovettura privata;In marcia / fermata / arresto;Passeggero;M;Illeso;0;;Non accertato;Inesploso
3067802;13;22/11/2016 10:05;Strada Urbana;VIA ISOLE DEL CAPO VERDE;all'intersezione semaforizzata con;VIA DEI PANFILI;VIA DEI PANFILI;;;Tamponamento;Intersezione semaforizzata;Due carreggiate;Asciutto;Asfaltata;Verticale ed orizzontale;Sereno;Intenso;Buona;Ore Diurne;1;0;0;2;12.27826;41.73835;-1;2;Autovettura privata;In marcia / fermata / arresto;Conducente;M;Illeso;0;;Non accertato;Inesploso
3067805;11;22/11/2016 13:55;Strada Urbana;VIA CRISTOFORO COLOMBO;in prossimità;;del palo luce n.;42;;Tamponamento;Rettilineo;Più di due carreggiate;Asciutto;Asfaltata;Verticale ed orizzontale;Sereno;Normale;Buona;Ore Diurne;1;0;0;3;12.49589;41.88641;-1;1;Autovettura privata;In marcia / fermata / arresto;Conducente;M;Illeso;0;;Non accertato;
3067805;11;22/11/2016 13:55;Strada Urbana;VIA CRISTOFORO COLOMBO;in prossimità;;del palo luce n.;42;;Tamponamento;Rettilineo;Più di due carreggiate;Asciutto;Asfaltata;Verticale ed orizzontale;Sereno;Normale;Buona;Ore Diurne;1;0;0;3;12.49589;41.88641;-1;1;Autovettura privata;In marcia / fermata / arresto;Passeggero;F;Illeso;0;;Non accertato;
3067805;11;22/11/2016 13:55;Strada Urbana;VIA CRISTOFORO COLOMBO;in prossimità;;del palo luce n.;42;;Tamponamento;Rettilineo;Più di due carreggiate;Asciutto;Asfaltata;Verticale ed orizzontale;Sereno;Normale;Buona;Ore Diurne;1;0;0;3;12.49589;41.88641;-1;1;Autovettura privata;In marcia / fermata / arresto;Passeggero;F;Illeso;0;;Non accertato;
3067805;11;22/11/2016 13:55;Strada Urbana;VIA CRISTOFORO COLOMBO;in prossimità;;del palo luce n.;42;;Tamponamento;Rettilineo;Più di due carreggiate;Asciutto;Asfaltata;Verticale ed orizzontale;Sereno;Normale;Buona;Ore Diurne;1;0;0;3;12.49589;41.88641;-1;2;Motociclo a solo;In marcia / fermata / arresto;Conducente;M;Ricoverato;0;NON DECEDUTO;Utilizzato;