Protocollo;Gruppo;DataOraIncidente;Localizzazione1;STRADA1;Localizzazione2;STRADA2;Strada02;Chilometrica;DaSpecificare;NaturaIncidente;particolaritastrade;TipoStrada;FondoStradale;Pavimentazione;Segnaletica;CondizioneAtmosferica;Traffico;Visibilita;Illuminazione;NUM_FERITI;NUM_RISERVATA;NUM_MORTI;NUM_ILLESI;Longitudine;Latitudine;Confermato;Progressivo;TipoVeicolo;StatoVeicolo;TipoPersona;Sesso;Tipolesione;Deceduto;DecedutoDopo;CinturaCascoUtilizzato;Airbag
3072413;11;25/11/2016 21:20;Strada Urbana;VIA APPIA PIGNATELLI;da specificare;;;;prossimità VICOLO S. URBANO (dir. fuori Roma);Tamponamento Multiplo;Rettilineo;Una carreggiata a doppio senso;Bagnato (umidità in atto);Asfaltata;Orizzontale;Sereno;Normale;Sufficiente;Sufficiente;0;0;0;4;12.52136;41.85663;-1;2;Autovettura privata;In marcia / fermata / arresto;Conducente;M;Illeso;0;;;
3072413;11;25/11/2016 21:20;Strada Urbana;VIA APPIA PIGNATELLI;da specificare;;;;prossimità VICOLO S. URBANO (dir. fuori Roma);Tamponamento Multiplo;Rettilineo;Una carreggiata a doppio senso;Bagnato (umidità in atto);Asfaltata;Orizzontale;Sereno;Normale;Sufficiente;Sufficiente;0;0;0;4;12.52136;41.85663;-1;3;Autovettura privata;In marcia / fermata / arresto;Conducente;M;Illeso;0;;;
3072413;11;25/11/2016 21:20;Strada Urbana;VIA APPIA PIGNATELLI;da specificare;;;;prossimità VICOLO S. URBANO (dir. fuori Roma);Tamponamento Multiplo;Rettilineo;Una carreggiata a doppio senso;Bagnato (umidità in atto);Asfaltata;Orizzontale;Sereno;Normale;Sufficiente;Sufficiente;0;0;0;4;12.52136;41.85663;-1;4;Autovettura privata;In marcia / fermata / arresto;Conducente;M;Illeso;0;;;
3072416;17;25/11/2016 18:30;Strada Urbana;VIA OSLAVIA;all'intersezione con;VIA VODICE;VIA VODICE;;;Scontro laterale fra veicoli in marcia;Incrocio;Due carreggiate;Asciutto;Asfaltata;Verticale ed orizzontale;Nuvoloso;Scarso;Buona;Sufficiente;0;0;0;2;12.46238;41.91782;-1;1;Motociclo a solo;In marcia / fermata / arresto;Conducente;F;Illeso;0;;;
3072416;17;25/11/2016 18:30;Strada Urbana;VIA OSLAVIA;all'intersezione con;VIA VODICE;VIA VODICE;;;Scontro laterale fra veicoli in marcia;Incrocio;Due carreggiate;Asciutto;Asfaltata;Verticale ed orizzontale;Nuvoloso;Scarso;Buona;Sufficiente;0;0;0;2;12.46238;41.91782;-1;2;Autovettura privata;In marcia / fermata / arresto;Conducente;M;Illeso;0;;;
3072479;20;26/11/2016 00:45;Statale entro l'abitato;VIA FLAMINIA;da specificare;;;;direzione fuori roma altezza Grottarossa;Tamponamento;Rettilineo;Due carreggiate;Asciutto;Asfaltata;Verticale ed orizzontale;Sereno;Scarso;Buona;Sufficiente;0;0;0;2;12.49209;41.97128;-1;1;Autovettura privata;In marcia / fermata / arresto;Conducente;M;Illeso;0;;Non accertato;
3072479;20;26/11/2016 00:45;Statale entro l'abitato;VIA FLAMINIA;da specificare;;;;direzione fuori roma altezza Grottarossa;Tamponamento;Rettilineo;Due carreggiate;Asciutto;Asfaltata;Verticale ed orizzontale;Sereno;Scarso;Buona;Sufficiente;0;0;0;2;12.49209;41.97128;-1;2;Autovettura privata;In marcia / fermata / arresto;Conducente;M;Illeso;0;;;
3072531;17;25/11/2016 14:45;Strada Urbana;VIA GIUSEPPE ANDREOLI;in prossimità;;del civico n.;1;;Investimento di pedone;Rettilineo;Una carreggiata a doppio senso;Asciutto;Asfaltata;Verticale ed orizzontale;Sereno;Normale;Buona;Ore Diurne;1;0;0;1;12.46196;41.91473;-1;;;;Pedone;F;Rimandato;0;NON DECEDUTO;;
3072531;17;25/11/2016 14:45;Strada Urbana;VIA GIUSEPPE ANDREOLI;in prossimità;;del civico n.;1;;Investimento di pedone;Rettilineo;Una carreggiata a doppio senso;Asciutto;Asfaltata;Verticale ed orizzontale;Sereno;Normale;Buona;Ore Diurne;1;0;0;1;12.46196;41.91473;-1;1;Autovettura privata;In marcia / fermata / arresto;Conducente;F;Illeso;0;;;
3072537;2;26/11/2016 03:50;Strada Urbana;VIA ANAPO;all'intersezione con;VIA FOGLIANO;VIA FOGLIANO;;;Scontro frontale/laterale DX fra veicoli in marcia;Intersezione stradale segnalata;Una carreggiata a senso unico di marcia;Asciutto;Asfaltata;Verticale ed orizzontale;Sereno;Scarso;Buona;Sufficiente;1;0;0;1;12.50682;41.92614;-1;1;Autovettura privata;In marcia / fermata / arresto;Conducente;M;Rimandato;0;NON DECEDUTO;Non accertato;
3072537;2;26/11/2016 03:50;Strada Urbana;VIA ANAPO;all'intersezione con;VIA FOGLIANO;VIA FOGLIANO;;;Scontro frontale/laterale DX fra veicoli in marcia;Intersezione stradale segnalata;Una carreggiata a senso unico di marcia;Asciutto;Asfaltata;Verticale ed orizzontale;Sereno;Scarso;Buona;Sufficiente;1;0;0;1;12.50682;41.92614;-1;2;Autovettura privata;In marcia / fermata / arresto;Conducente;M;Illeso;0;;Non accertato;
3072574;2;26/11/2016 09:35;Strada Urbana;PIAZZALE DELLE BELLE ARTI;all'intersezione con;PONTE DEL RISORGIMENTO;PONTE DEL RISORGIMENTO;;;Scontro laterale fra veicoli in marcia;Intersezione semaforizzata;Una carreggiata a senso unico di marcia;Asciutto;Asfaltata;Verticale ed orizzontale;Nuvoloso;Normale;Buona;Ore Diurne;0;0;0;2;12.47173;41.91878;-1;1;Autovettura privata;In marcia / fermata / arresto;Conducente;F;Illeso;0;;;
3072574;2;26/11/2016 09:35;Strada Urbana;PIAZZALE DELLE BELLE ARTI;all'intersezione con;PONTE DEL RISORGIMENTO;PONTE DEL RISORGIMENTO;;;Scontro laterale fra veicoli in marcia;Intersezione semaforizzata;Una carreggiata a senso unico di marcia;Asciutto;Asfaltata;Verticale ed orizzontale;Nuvoloso;Normale;Buona;Ore Diurne;0;0;0;2;12.47173;41.91878;-1;2;Autovettura privata;In marcia / fermata / arresto;Conducente;F;Illeso;0;;;
3072592;7;26/11/2016 10:00;Strada Urbana;VIA DI TOR TRE TESTE;in prossimità;;del palo luce n.;103;;Veicolo in marcia contro ostacolo fisso;Rettilineo;Una carreggiata a doppio senso;Asciutto;Con buche;Assente;Nuvoloso;Normale;Buona;Ore Diurne;0;0;0;2;12.58973;41.87807;-1;1;Autovettura privata;In marcia / fermata / arresto;Conducente;F;Illeso;0;;Non accertato;Inesploso
3072592;7;26/11/2016 10:00;Strada Urbana;VIA DI TOR TRE TESTE;in prossimità;;del palo luce n.;103;;Veicolo in marcia contro ostacolo fisso;Rettilineo;Una carreggiata a doppio senso;Asciutto;Con buche;Assente;Nuvoloso;Normale;Buona;Ore Diurne;0;0;0;2;12.58973;41.87807;-1;1;Autovettura privata;In marcia / fermata / arresto;Passeggero;M;Illeso;0;;Non accertato;Inesploso
3072755;6;26/11/2016 12:33;Strada Urbana;VIA PIETRO ROVETTI;all'intersezione con;VIA ANGELO BERARDI;VIA ANGELO BERARDI;;;Scontro laterale fra veicoli in marcia;Incrocio;Una carreggiata a senso unico di marcia;Asciutto;Asfaltata;Verticale ed orizzontale;Sereno;Normale;Buona;Ore Diurne;0;0;0;3;12.54793;41.87749;-1;1;Autovettura privata;In marcia / fermata / arresto;Conducente;M;Illeso;0;;;
3072755;6;26/11/2016 12:33;Strada Urbana;VIA PIETRO ROVETTI;all'intersezione con;VIA ANGELO BERARDI;VIA ANGELO BERARDI;;;Scontro laterale fra veicoli in marcia;Incrocio;Una carreggiata a senso unico di marcia;Asciutto;Asfaltata;Verticale ed orizzontale;Sereno;Normale;Buona;Ore Diurne;0;0;0;3;12.54793;41.87749;-1;2;Autocarro superiore 35 q.;In marcia / fermata / arresto;Conducente;M;Illeso;0;;;
3072755;6;26/11/2016 12:33;Strada Urbana;VIA PIETRO ROVETTI;all'intersezione con;VIA ANGELO BERARDI;VIA ANGELO BERARDI;;;Scontro laterale fra veicoli in marcia;Incrocio;Una carreggiata a senso unico di marcia;Asciutto;Asfaltata;Verticale ed orizzontale;Sereno;Normale;Buona;Ore Diurne;0;0;0;3;12.54793;41.87749;-1;2;Autocarro superiore 35 q.;In marcia / fermata / arresto;Passeggero;M;Illeso;0;;;
3072865;15;26/11/2016 12:05;Strada Urbana;VIA PORTUENSE;all'intersezione con;VIA DI S. PANTALEO CAMPANO;VIA DI S. PANTALEO CAMPANO;;;Veicolo in marcia contro veicolo in sosta;Intersezione stradale segnalata;Due carreggiate;Asciutto;Asfaltata;Verticale;Sereno;Normale;Buona;Ore Diurne;0;0;0;5;12.41584;41.84761;-1;1;Autopompa;In marcia / fermata / arresto;Conducente;M;Illeso;0;;;
3072865;15;26/11/2016 12:05;Strada Urbana;VIA PORTUENSE;all'intersezione con;VIA DI S. PANTALEO CAMPANO;VIA DI S. PANTALEO CAMPANO;;;Veicolo in marcia contro veicolo in sosta;Intersezione stradale segnalata;Due carreggiate;Asciutto;Asfaltata;Verticale;Sereno;Normale;Buona;Ore Diurne;0;0;0;5;12.41584;41.84761;-1;1;Autopompa;In marcia / fermata / arresto;Passeggero;M;Illeso;0;;;
3072865;15;26/11/2016 12:05;Strada Urbana;VIA PORTUENSE;all'intersezione con;VIA DI S. PANTALEO CAMPANO;VIA DI S. PANTALEO CAMPANO;;;Veicolo in marcia contro veicolo in sosta;Intersezione stradale segnalata;Due carreggiate;Asciutto;Asfaltata;Verticale;Sereno;Normale;Buona;Ore Diurne;0;0;0;5;12.41584;41.84761;-1;1;Autopompa;In marcia / fermata / arresto;Passeggero;M;Illeso;0;;;
3072865;15;26/11/2016 12:05;Strada Urbana;VIA PORTUENSE;all'intersezione con;VIA DI S. PANTALEO CAMPANO;VIA DI S. PANTALEO CAMPANO;;;Veicolo in marcia contro veicolo in sosta;Intersezione stradale segnalata;Due carreggiate;Asciutto;Asfaltata;Verticale;Sereno;Normale;Buona;Ore Diurne;0;0;0;5;12.41584;41.84761;-1;1;Autopompa;In marcia / fermata / arresto;Passeggero;M;Illeso;0;;;
3072865;15;26/11/2016 12:05;Strada Urbana;VIA PORTUENSE;all'intersezione con;VIA DI S. PANTALEO CAMPANO;VIA DI S. PANTALEO CAMPANO;;;Veicolo in marcia contro veicolo in sosta;Intersezione stradale segnalata;Due carreggiate;Asciutto;Asfaltata;Verticale;Sereno;Normale;Buona;Ore Diurne;0;0;0;5;12.41584;41.84761;-1;1;Autopompa;In marcia / fermata / arresto;Passeggero;M;Illeso;0;;;
3072872;6;26/11/2016 13:40;Strada Urbana;VIA PRENESTINA;all'intersezione con;LARGO PRENESTE;LARGO PRENESTE;;;Tamponamento;Incrocio;Più di due carreggiate;Asciutto;Asfaltata;Verticale ed orizzontale;Sereno;Normale;Buona;Ore Diurne;0;0;0;3;12.54173;41.8926;-1;1;Autovettura privata;In marcia / fermata / arresto;Conducente;F;Illeso;0;;;
3072872;6;26/11/2016 13:40;Strada Urbana;VIA PRENESTINA;all'intersezione con;LARGO PRENESTE;LARGO PRENESTE;;;Tamponamento;Incrocio;Più di due carreggiate;Asciutto;Asfaltata;Verticale ed orizzontale;Sereno;Normale;Buona;Ore Diurne;0;0;0;3;12.54173;41.8926;-1;2;Autovettura privata;In marcia / fermata / arresto;Conducente;F;Illeso;0;;;
3072872;6;26/11/2016 13:40;Strada Urbana;VIA PRENESTINA;all'intersezione con;LARGO PRENESTE;LARGO PRENESTE;;;Tamponamento;Incrocio;Più di due carreggiate;Asciutto;Asfaltata;Verticale ed orizzontale;Sereno;Normale;Buona;Ore Diurne;0;0;0;3;12.54173;41.8926;-1;2;Autovettura privata;In marcia / fermata / arresto;Passeggero;F;Illeso;0;;;
3072918;13;25/11/2016 08:30;Strada Urbana;VIALE DEI ROMAGNOLI;in corrispondenza;;del civico n.;2233;;Scontro laterale fra veicoli in marcia;Rettilineo;Una carreggiata a senso unico di marcia;Bagnato (pioggia);Asfaltata;Verticale ed orizzontale;Nuvoloso;Normale;Buona;Ore Diurne;1;0;0;1;12.36701;41.78657;-1;1;Autovettura privata;In marcia / fermata / arresto;Conducente;F;Rimandato;0;NON DECEDUTO;Non accertato;Inesploso
3072918;13;25/11/2016 08:30;Strada Urbana;VIALE DEI ROMAGNOLI;in corrispondenza;;del civico n.;2233;;Scontro laterale fra veicoli in marcia;Rettilineo;Una carreggiata a senso unico di marcia;Bagnato (pioggia);Asfaltata;Verticale ed orizzontale;Nuvoloso;Normale;Buona;Ore Diurne;1;0;0;1;12.36701;41.78657;-1;2;Autocarro superiore 35 q.;In marcia / fermata / arresto;Conducente;M;Illeso;0;;Non accertato;Inesploso
3072961;13;25/11/2016 11:17;Strada Urbana;VIA DELLA CACCIUTA;da specificare;;;;prossimità VIA TELVE;Veicolo in marcia contro ostacolo accidentale;Rettilineo;Una carreggiata a doppio senso;Bagnato (pioggia);Asfaltata;Assente;Nuvoloso;Normale;Buona;Ore Diurne;1;0;0;0;12.35184;41.7262;-1;1;Motociclo a solo;In marcia / fermata / arresto;Conducente;M;Rimandato;0;NON DECEDUTO;Non accertato;
3072984;13;25/11/2016 12:45;Strada Urbana;VIA DEI VELIERI;all'intersezione semaforizzata con;VIALE VASCO DE GAMA;VIALE VASCO DE GAMA;;;Scontro frontale fra veicoli in marcia;Intersezione semaforizzata;Due carreggiate;Bagnato (pioggia);Asfaltata;Verticale ed orizzontale;Nuvoloso;Intenso;Buona;Ore Diurne;0;0;0;2;12.27462;41.73469;-1;1;Autovettura privata;In marcia / fermata / arresto;Conducente;F;Illeso;0;;Utilizzato;Inesploso
3072984;13;25/11/2016 12:45;Strada Urbana;VIA DEI VELIERI;all'intersezione semaforizzata con;VIALE VASCO DE GAMA;VIALE VASCO DE GAMA;;;Scontro frontale fra veicoli in marcia;Intersezione semaforizzata;Due carreggiate;Bagnato (pioggia);Asfaltata;Verticale ed orizzontale;Nuvoloso;Intenso;Buona;Ore Diurne;0;0;0;2;12.27462;41.73469;-1;2;Autovettura privata;In marcia / fermata / arresto;Conducente;M;Illeso;0;;Utilizzato;Inesploso
3072989;7;26/11/2016 12:20;Strada Urbana;VIA DEI CASTANI;all'intersezione con;VIA DELLE PALME;VIA DELLE PALME;;;Scontro frontale/laterale DX fra veicoli in marcia;Incrocio;Una carreggiata a doppio senso;Asciutto;Asfaltata;Verticale ed orizzontale;Sereno;Normale;Buona;Ore Diurne;0;0;0;1;12.56508;41.88933;-1;1;Autovettura privata;In marcia / fermata / arresto;Conducente;F;Illeso;0;;Non accertato;Inesploso
3073026;13;25/11/2016 14:15;Strada Urbana;VIA DELL'IDROSCALO;in corrispondenza;;del civico n.;38;;Veicolo in marcia contro ostacolo accidentale;Rettilineo;Una carreggiata a doppio senso;Bagnato (pioggia);Asfaltata;Assente;Sereno;Normale;Buona;Ore Diurne;0;0;0;1;12.26395;41.73715;-1;1;Autovettura privata;In marcia / fermata / arresto;Conducente;M;Illeso;0;;Non accertato;Inesploso
3073039;13;25/11/2016 15:55;Strada Urbana;VIA DELLE BALENIERE;in corrispondenza;;del civico n.;194-196;;Veicolo in marcia contro veicolo fermo;Rettilineo;Una carreggiata a doppio senso;Bagnato (pioggia);Asfaltata;Orizzontale;Nuvoloso;Intenso;Buona;Ore Diurne;0;0;0;2;12.28035;41.73963;-1;1;Autocarro inferiore 35 q.;In marcia / fermata / arresto;Conducente;M;Illeso;0;;Non accertato;Inesploso
3073039;13;25/11/2016 15:55;Strada Urbana;VIA DELLE BALENIERE;in corrispondenza;;del civico n.;194-196;;Veicolo in marcia contro veicolo fermo;Rettilineo;Una carreggiata a doppio senso;Bagnato (pioggia);Asfaltata;Orizzontale;Nuvoloso;Intenso;Buona;Ore Diurne;0;0;0;2;12.28035;41.73963;-1;2;Autovettura privata;In marcia / fermata / arresto;Conducente;M;Illeso;0;;Non accertato;Inesploso
3073040;18;26/11/2016 00:15;Strada Urbana;VIA STRESA;in corrispondenza;;del civico n.;133;;Scontro frontale fra veicoli in marcia;Curva senza visuale libera;Una carreggiata a senso unico di marcia;Asciutto;Asfaltata;Verticale;Nuvoloso;Scarso;Buona;Sufficiente;0;0;0;3;12.4404;41.93812;-1;1;Autovettura privata;In marcia / fermata / arresto;Conducente;M;Illeso;0;;;
3073040;18;26/11/2016 00:15;Strada Urbana;VIA STRESA;in corrispondenza;;del civico n.;133;;Scontro frontale fra veicoli in marcia;Curva senza visuale libera;Una carreggiata a senso unico di marcia;Asciutto;Asfaltata;Verticale;Nuvoloso;Scarso;Buona;Sufficiente;0;0;0;3;12.4404;41.93812;-1;2;Autovettura privata;In marcia / fermata / arresto;Conducente;M;Illeso;0;;;
3073040;18;26/11/2016 00:15;Strada Urbana;VIA STRESA;in corrispondenza;;del civico n.;133;;Scontro frontale fra veicoli in marcia;Curva senza visuale libera;Una carreggiata a senso unico di marcia;Asciutto;Asfaltata;Verticale;Nuvoloso;Scarso;Buona;Sufficiente;0;0;0;3;12.4404;41.93812;-1;2;Autovettura privata;In marcia / fermata / arresto;Passeggero;F;Illeso;0;;;
3073044;18;25/11/2016 21:00;Statale;VIA AURELIA;in prossimità;;della chilometrica;11;;Tamponamento;Rettilineo;Due carreggiate;Asciutto;Asfaltata;Orizzontale;Nuvoloso;Normale;Buona;Sufficiente;2;0;0;1;12.41307;41.89089;-1;1;Autocarro inferiore 35 q.;In marcia / fermata / arresto;Conducente;M;Illeso;0;;;
3073044;18;25/11/2016 21:00;Statale;VIA AURELIA;in prossimità;;della chilometrica;11;;Tamponamento;Rettilineo;Due carreggiate;Asciutto;Asfaltata;Orizzontale;Nuvoloso;Normale;Buona;Sufficiente;2;0;0;1;12.41307;41.89089;-1;2;Autovettura privata;In marcia / fermata / arresto;Conducente;F;Rimandato;0;NON DECEDUTO;;
3073044;18;25/11/2016 21:00;Statale;VIA AURELIA;in prossimità;;della chilometrica;11;;Tamponamento;Rettilineo;Due carreggiate;Asciutto;Asfaltata;Orizzontale;Nuvoloso;Normale;Buona;Sufficiente;2;0;0;1;12.41307;41.89089;-1;2;Autovettura privata;In marcia / fermata / arresto;Passeggero;F;Rifiuta cure immediate;0;NON DECEDUTO;;
3073048;18;25/11/2016 15:30;Strada Urbana;VIA ANASTASIO II;in corrispondenza;;del civico n.;125;;Veicolo in marcia contro veicolo in sosta;Rettilineo;Due carreggiate;Asciutto;Asfaltata;Verticale ed orizzontale;Nuvoloso;Intenso;Sufficiente;Ore Diurne;0;0;0;2;12.44148;41.89741;-1;1;Autocarro superiore 35 q.;In marcia / fermata / arresto;Conducente;M;Illeso;0;;Non accertato;Inesploso
3073048;18;25/11/2016 15:30;Strada Urbana;VIA ANASTASIO II;in corrispondenza;;del civico n.;125;;Veicolo in marcia contro veicolo in sosta;Rettilineo;Due carreggiate;Asciutto;Asfaltata;Verticale ed orizzontale;Nuvoloso;Intenso;Sufficiente;Ore Diurne;0;0;0;2;12.44148;41.89741;-1;2;Motociclo a solo;In marcia / fermata / arresto;Conducente;F;Illeso;0;;Non accertato;
3073049;18;25/11/2016 19:45;Strada Urbana;VIA AURELIA;in prossimità;;della chilometrica;7.8;;Veicolo in marcia contro ostacolo accidentale;Curva a visuale libera;Due carreggiate;Asciutto;Asfaltata;Orizzontale;Sereno;Normale;Sufficiente;Sufficiente;0;0;0;1;12.41307;41.89089;-1;1;Motociclo a solo;In marcia / fermata / arresto;Conducente;M;Illeso;0;;;
3073061;13;25/11/2016 17:00;Strada Urbana;VIA LEONARDO MELLANO;in corrispondenza;;del civico n.;177;;Veicolo in marcia contro ostacolo accidentale;Rettilineo;Una carreggiata a doppio senso;Asciutto;Asfaltata;Orizzontale;Sereno;Normale;Buona;Sufficiente;0;0;0;1;12.37747;41.77908;-1;1;Autovettura privata;In marcia / fermata / arresto;Conducente;F;Illeso;0;;Non accertato;Inesploso
3073094;13;25/11/2016 17:15;Strada Urbana;VIA LEONARDO MELLANO;in corrispondenza;;del civico n.;177;;Veicolo in marcia contro ostacolo accidentale;Rettilineo;Una carreggiata a doppio senso;Asciutto;Asfaltata;Orizzontale;Sereno;Normale;Buona;Sufficiente;0;0;0;2;12.37748;41.77908;-1;1;Autovettura privata;In marcia / fermata / arresto;Passeggero;F;Illeso;0;;Non accertato;Inesploso
3073094;13;25/11/2016 17:15;Strada Urbana;VIA LEONARDO MELLANO;in corrispondenza;;del civico n.;177;;Veicolo in marcia contro ostacolo accidentale;Rettilineo;Una carreggiata a doppio senso;Asciutto;Asfaltata;Orizzontale;Sereno;Normale;Buona;Sufficiente;0;0;0;2;12.37748;41.77908;-1;1;Autovettura privata;In marcia / fermata / arresto;Conducente;M;Illeso;0;;Non accertato;Inesploso
3073177;13;25/11/2016 18:00;Strada Urbana;VIA AGOSTINO CHIGI;in corrispondenza;;del civico n.;302;;Veicolo in marcia contro ostacolo accidentale;Rettilineo;Una carreggiata a doppio senso;Bagnato (umidità in atto);Asfaltata;Assente;Nuvoloso;Normale;Sufficiente;Sufficiente;0;0;0;2;12.32237;41.76748;-1;1;Autovettura privata;In marcia / fermata / arresto;Conducente;M;Illeso;0;;Non accertato;Inesploso
3073177;13;25/11/2016 18:00;Strada Urbana;VIA AGOSTINO CHIGI;in corrispondenza;;del civico n.;302;;Veicolo in marcia contro ostacolo accidentale;Rettilineo;Una carreggiata a doppio senso;Bagnato (umidità in atto);Asfaltata;Assente;Nuvoloso;Normale;Sufficiente;Sufficiente;0;0;0;2;12.32237;41.76748;-1;1;Autovettura privata;In marcia / fermata / arresto;Passeggero;F;Illeso;0;;Non accertato;Inesploso
3073210;13;25/11/2016 21:15;Strada Urbana;VIA TANCREDI CHIARALUCE;in corrispondenza;;del palo luce n.;32;;Veicolo in marcia contro ostacolo accidentale;Curva a visuale libera;Una carreggiata a doppio senso;Asciutto;Asfaltata;Assente;Sereno;Normale;Buona;Sufficiente;0;0;0;1;12.27153;41.74781;-1;1;Autovettura privata;In marcia / fermata / arresto;Conducente;F;Illeso;0;;Non accertato;Inesploso
3073517;8;26/11/2016 19:00;Statale entro l'abitato;VIA CASILINA;da specificare;;;;pross. Via Torraccio di Torrenova ;Tamponamento Multiplo;Rettilineo;Più di due carreggiate;Asciutto;Asfaltata;Orizzontale;Sereno;Intenso;Buona;Sufficiente;1;0;0;2;12.63275;41.8631;-1;1;Autovettura privata;In marcia / fermata / arresto;Conducente;M;Illeso;0;;;
3073517;8;26/11/2016 19:00;Statale entro l'abitato;VIA CASILINA;da specificare;;;;pross. Via Torraccio di Torrenova ;Tamponamento Multiplo;Rettilineo;Più di due carreggiate;Asciutto;Asfaltata;Orizzontale;Sereno;Intenso;Buona;Sufficiente;1;0;0;2;12.63275;41.8631;-1;2;Autovettura privata;In marcia / fermata / arresto;Conducente;M;Illeso;0;;;
3073517;8;26/11/2016 19:00;Statale entro l'abitato;VIA CASILINA;da specificare;;;;pross. Via Torraccio di Torrenova ;Tamponamento Multiplo;Rettilineo;Più di due carreggiate;Asciutto;Asfaltata;Orizzontale;Sereno;Intenso;Buona;Sufficiente;1;0;0;2;12.63275;41.8631;-1;2;Autovettura privata;In marcia / fermata / arresto;Passeggero;F;Rimandato;0;NON DECEDUTO;;
3073519;8;26/11/2016 12:35;Strada Urbana;VIA DI TORRE SPACCATA;in corrispondenza;;del civico n.;224;;Veicolo in marcia contro ostacolo accidentale;Rettilineo;Una carreggiata a doppio senso;Asciutto;Asfaltata;Verticale ed orizzontale;Nuvoloso;Normale;Buona;Ore Diurne;0;0;0;1;12.58689;41.86626;-1;1;Autovettura privata;In marcia / fermata / arresto;Conducente;M;Illeso;0;;Non accertato;Inesploso
3073523;8;26/11/2016 17:30;Statale entro l'abitato;VIA CASILINA;da specificare;;;;alt. civ. 1595;Tamponamento;Rettilineo;Due carreggiate;Asciutto;Asfaltata;Verticale ed orizzontale;Sereno;Intenso;Buona;Sufficiente;5;0;0;3;12.60933;41.86405;-1;1;Autovettura privata;In marcia / fermata / arresto;Conducente;M;Illeso;0;;Non accertato;Esploso
3073523;8;26/11/2016 17:30;Statale entro l'abitato;VIA CASILINA;da specificare;;;;alt. civ. 1595;Tamponamento;Rettilineo;Due carreggiate;Asciutto;Asfaltata;Verticale ed orizzontale;Sereno;Intenso;Buona;Sufficiente;5;0;0;3;12.60933;41.86405;-1;1;Autovettura privata;In marcia / fermata / arresto;Passeggero;F;Rimandato;0;NON DECEDUTO;Non accertato;Esploso
3073523;8;26/11/2016 17:30;Statale entro l'abitato;VIA CASILINA;da specificare;;;;alt. civ. 1595;Tamponamento;Rettilineo;Due carreggiate;Asciutto;Asfaltata;Verticale ed orizzontale;Sereno;Intenso;Buona;Sufficiente;5;0;0;3;12.60933;41.86405;-1;1;Autovettura privata;In marcia / fermata / arresto;Passeggero;M;Rimandato;0;NON DECEDUTO;Non accertato;Esploso
3073523;8;26/11/2016 17:30;Statale entro l'abitato;VIA CASILINA;da specificare;;;;alt. civ. 1595;Tamponamento;Rettilineo;Due carreggiate;Asciutto;Asfaltata;Verticale ed orizzontale;Sereno;Intenso;Buona;Sufficiente;5;0;0;3;12.60933;41.86405;-1;1;Autovettura privata;In marcia / fermata / arresto;Passeggero;M;Illeso;0;;Non accertato;Esploso
3073523;8;26/11/2016 17:30;Statale entro l'abitato;VIA CASILINA;da specificare;;;;alt. civ. 1595;Tamponamento;Rettilineo;Due carreggiate;Asciutto;Asfaltata;Verticale ed orizzontale;Sereno;Intenso;Buona;Sufficiente;5;0;0;3;12.60933;41.86405;-1;2;Autovettura privata;In marcia / fermata / arresto;Conducente;F;Rimandato;0;NON DECEDUTO;Non accertato;Inesploso
3073523;8;26/11/2016 17:30;Statale entro l'abitato;VIA CASILINA;da specificare;;;;alt. civ. 1595;Tamponamento;Rettilineo;Due carreggiate;Asciutto;Asfaltata;Verticale ed orizzontale;Sereno;Intenso;Buona;Sufficiente;5;0;0;3;12.60933;41.86405;-1;2;Autovettura privata;In marcia / fermata / arresto;Passeggero;F;Rifiuta cure immediate;0;NON DECEDUTO;Non accertato;Inesploso
3073523;8;26/11/2016 17:30;Statale entro l'abitato;VIA CASILINA;da specificare;;;;alt. civ. 1595;Tamponamento;Rettilineo;Due carreggiate;Asciutto;Asfaltata;Verticale ed orizzontale;Sereno;Intenso;Buona;Sufficiente;5;0;0;3;12.60933;41.86405;-1;2;Autovettura privata;In marcia / fermata / arresto;Passeggero;F;Rifiuta cure immediate;0;NON DECEDUTO;Non accertato;Inesploso
3073523;8;26/11/2016 17:30;Statale entro l'abitato;VIA CASILINA;da specificare;;;;alt. civ. 1595;Tamponamento;Rettilineo;Due carreggiate;Asciutto;Asfaltata;Verticale ed orizzontale;Sereno;Intenso;Buona;Sufficiente;5;0;0;3;12.60933;41.86405;-1;2;Autovettura privata;In marcia / fermata / arresto;Passeggero;M;Illeso;0;;Non accertato;Inesploso
3073525;8;26/11/2016 15:00;Provinciale entro l'abitato;VIA PRENESTINA;in prossimità;;del civico n.;1310;;Veicolo in marcia contro ostacolo accidentale;Rettilineo;Una carreggiata a doppio senso;Asciutto;Asfaltata;Verticale ed orizzontale;Nuvoloso;Normale;Buona;Ore Diurne;0;0;0;4;12.63998;41.89231;-1;1;Autovettura privata;In marcia / fermata / arresto;Conducente;F;Illeso;0;;Non accertato;Inesploso
3073525;8;26/11/2016 15:00;Provinciale entro l'abitato;VIA PRENESTINA;in prossimità;;del civico n.;1310;;Veicolo in marcia contro ostacolo accidentale;Rettilineo;Una carreggiata a doppio senso;Asciutto;Asfaltata;Verticale ed orizzontale;Nuvoloso;Normale;Buona;Ore Diurne;0;0;0;4;12.63998;41.89231;-1;1;Autovettura privata;In marcia / fermata / arresto;Passeggero;F;Illeso;0;;Non accertato;Inesploso