Protocollo;Gruppo;DataOraIncidente;Localizzazione1;STRADA1;Localizzazione2;STRADA2;Strada02;Chilometrica;DaSpecificare;NaturaIncidente;particolaritastrade;TipoStrada;FondoStradale;Pavimentazione;Segnaletica;CondizioneAtmosferica;Traffico;Visibilita;Illuminazione;NUM_FERITI;NUM_RISERVATA;NUM_MORTI;NUM_ILLESI;Longitudine;Latitudine;Confermato;Progressivo;TipoVeicolo;StatoVeicolo;TipoPersona;Sesso;Tipolesione;Deceduto;DecedutoDopo;CinturaCascoUtilizzato;Airbag
3074649;13;26/11/2016 13:50;Strada Urbana;VIA DI ACILIA;in corrispondenza;;del civico n.;304;;Veicolo in marcia contro ostacolo accidentale;Rettilineo;Una carreggiata a doppio senso;Asciutto;Asfaltata;Assente;Sereno;Normale;Buona;Ore Diurne;0;0;0;4;12.37148;41.77331;-1;1;Autovettura privata;In marcia / fermata / arresto;Conducente;M;Illeso;0;;Non accertato;Inesploso
3074649;13;26/11/2016 13:50;Strada Urbana;VIA DI ACILIA;in corrispondenza;;del civico n.;304;;Veicolo in marcia contro ostacolo accidentale;Rettilineo;Una carreggiata a doppio senso;Asciutto;Asfaltata;Assente;Sereno;Normale;Buona;Ore Diurne;0;0;0;4;12.37148;41.77331;-1;1;Autovettura privata;In marcia / fermata / arresto;Passeggero;F;Illeso;0;;Non accertato;Inesploso
3074649;13;26/11/2016 13:50;Strada Urbana;VIA DI ACILIA;in corrispondenza;;del civico n.;304;;Veicolo in marcia contro ostacolo accidentale;Rettilineo;Una carreggiata a doppio senso;Asciutto;Asfaltata;Assente;Sereno;Normale;Buona;Ore Diurne;0;0;0;4;12.37148;41.77331;-1;1;Autovettura privata;In marcia / fermata / arresto;Passeggero;M;Illeso;0;;Non accertato;Inesploso
3074649;13;26/11/2016 13:50;Strada Urbana;VIA DI ACILIA;in corrispondenza;;del civico n.;304;;Veicolo in marcia contro ostacolo accidentale;Rettilineo;Una carreggiata a doppio senso;Asciutto;Asfaltata;Assente;Sereno;Normale;Buona;Ore Diurne;0;0;0;4;12.37148;41.77331;-1;1;Autovettura privata;In marcia / fermata / arresto;Passeggero;F;Illeso;0;;Non accertato;Inesploso
3074654;4;25/11/2016 18:00;Strada Urbana;VIA DEI PRATI FISCALI;in corrispondenza;;del civico n.;200;;Investimento di pedone;Rettilineo;Più di due carreggiate;Bagnato (umidità in atto);Asfaltata;Verticale ed orizzontale;Nuvoloso;Normale;Buona;Sufficiente;1;0;0;1;12.51935;41.9466;-1;;;;Pedone;F;Ricoverato;0;NON DECEDUTO;;
3074654;4;25/11/2016 18:00;Strada Urbana;VIA DEI PRATI FISCALI;in corrispondenza;;del civico n.;200;;Investimento di pedone;Rettilineo;Più di due carreggiate;Bagnato (umidità in atto);Asfaltata;Verticale ed orizzontale;Nuvoloso;Normale;Buona;Sufficiente;1;0;0;1;12.51935;41.9466;-1;1;Autovettura privata;In marcia / fermata / arresto;Conducente;M;Illeso;0;;;
3074656;3;23/11/2016 15:45;Strada Urbana;VIALE DELLO SCALO S. LORENZO;da specificare;;;;FC 10 B;Scontro frontale/laterale DX fra veicoli in marcia;Rettilineo;Una carreggiata a doppio senso;Asciutto;Asfaltata;Assente;Sereno;Intenso;Buona;Ore Diurne;1;0;0;1;12.51698;41.89401;-1;1;Ciclomotore;In marcia / fermata / arresto;Conducente;F;Rimandato;0;NON DECEDUTO;Non accertato;
3074656;3;23/11/2016 15:45;Strada Urbana;VIALE DELLO SCALO S. LORENZO;da specificare;;;;FC 10 B;Scontro frontale/laterale DX fra veicoli in marcia;Rettilineo;Una carreggiata a doppio senso;Asciutto;Asfaltata;Assente;Sereno;Intenso;Buona;Ore Diurne;1;0;0;1;12.51698;41.89401;-1;2;Autovettura privata;In marcia / fermata / arresto;Conducente;M;Illeso;0;;Non accertato;Inesploso
3074658;4;26/11/2016 05:30;Strada Urbana;VIALE LINA CAVALIERI;all'intersezione semaforizzata con;VIA PIAN DI SCO;VIA PIAN DI SCO;;;Veicolo in marcia contro ostacolo fisso;Intersezione semaforizzata;Due carreggiate;Bagnato (umidità in atto);Asfaltata;Verticale ed orizzontale;Nuvoloso;Normale;Buona;Sufficiente;0;0;0;1;12.51833;41.96465;-1;1;Autovettura privata;In marcia / fermata / arresto;Conducente;M;Illeso;0;;Non accertato;Esploso
3074667;13;26/11/2016 21:40;Strada Urbana;VIA DI MACCHIA SAPONARA;da specificare;;;;fronte civico 98;Veicolo in marcia contro veicolo fermo;Rettilineo;Una carreggiata a doppio senso;Asciutto;Asfaltata;Orizzontale;Sereno;Normale;Sufficiente;Sufficiente;0;0;0;4;12.35759;41.76753;-1;1;Autovettura privata;In marcia / fermata / arresto;Conducente;F;Illeso;0;;Non accertato;Inesploso
3074667;13;26/11/2016 21:40;Strada Urbana;VIA DI MACCHIA SAPONARA;da specificare;;;;fronte civico 98;Veicolo in marcia contro veicolo fermo;Rettilineo;Una carreggiata a doppio senso;Asciutto;Asfaltata;Orizzontale;Sereno;Normale;Sufficiente;Sufficiente;0;0;0;4;12.35759;41.76753;-1;1;Autovettura privata;In marcia / fermata / arresto;Passeggero;M;Illeso;0;;Non accertato;Inesploso
3074667;13;26/11/2016 21:40;Strada Urbana;VIA DI MACCHIA SAPONARA;da specificare;;;;fronte civico 98;Veicolo in marcia contro veicolo fermo;Rettilineo;Una carreggiata a doppio senso;Asciutto;Asfaltata;Orizzontale;Sereno;Normale;Sufficiente;Sufficiente;0;0;0;4;12.35759;41.76753;-1;2;Autocarro inferiore 35 q.;In marcia / fermata / arresto;Conducente;M;Illeso;0;;Non accertato;Inesploso
3074667;13;26/11/2016 21:40;Strada Urbana;VIA DI MACCHIA SAPONARA;da specificare;;;;fronte civico 98;Veicolo in marcia contro veicolo fermo;Rettilineo;Una carreggiata a doppio senso;Asciutto;Asfaltata;Orizzontale;Sereno;Normale;Sufficiente;Sufficiente;0;0;0;4;12.35759;41.76753;-1;2;Autocarro inferiore 35 q.;In marcia / fermata / arresto;Passeggero;F;Illeso;0;;Non accertato;Inesploso
3074670;13;27/11/2016 14:00;Strada Urbana;VIA CRISTOFORO COLOMBO;all'intersezione con;VIA ERMANNO WOLF FERRARI;VIA ERMANNO WOLF FERRARI;;;Scontro frontale/laterale DX fra veicoli in marcia;Intersezione semaforizzata;Più di due carreggiate;Asciutto;Asfaltata;Verticale ed orizzontale;Sereno;Normale;Buona;Ore Diurne;1;0;0;4;12.36988;41.75458;-1;1;Autovettura privata;In marcia / fermata / arresto;Conducente;M;Rimandato;0;NON DECEDUTO;Non accertato;Inesploso
3074670;13;27/11/2016 14:00;Strada Urbana;VIA CRISTOFORO COLOMBO;all'intersezione con;VIA ERMANNO WOLF FERRARI;VIA ERMANNO WOLF FERRARI;;;Scontro frontale/laterale DX fra veicoli in marcia;Intersezione semaforizzata;Più di due carreggiate;Asciutto;Asfaltata;Verticale ed orizzontale;Sereno;Normale;Buona;Ore Diurne;1;0;0;4;12.36988;41.75458;-1;2;Autovettura privata;In marcia / fermata / arresto;Conducente;M;Illeso;0;;Non accertato;Inesploso
3074670;13;27/11/2016 14:00;Strada Urbana;VIA CRISTOFORO COLOMBO;all'intersezione con;VIA ERMANNO WOLF FERRARI;VIA ERMANNO WOLF FERRARI;;;Scontro frontale/laterale DX fra veicoli in marcia;Intersezione semaforizzata;Più di due carreggiate;Asciutto;Asfaltata;Verticale ed orizzontale;Sereno;Normale;Buona;Ore Diurne;1;0;0;4;12.36988;41.75458;-1;2;Autovettura privata;In marcia / fermata / arresto;Passeggero;F;Illeso;0;;Non accertato;Inesploso
3074670;13;27/11/2016 14:00;Strada Urbana;VIA CRISTOFORO COLOMBO;all'intersezione con;VIA ERMANNO WOLF FERRARI;VIA ERMANNO WOLF FERRARI;;;Scontro frontale/laterale DX fra veicoli in marcia;Intersezione semaforizzata;Più di due carreggiate;Asciutto;Asfaltata;Verticale ed orizzontale;Sereno;Normale;Buona;Ore Diurne;1;0;0;4;12.36988;41.75458;-1;3;Autovettura privata;In marcia / fermata / arresto;Conducente;F;Illeso;0;;Non accertato;Inesploso
3074670;13;27/11/2016 14:00;Strada Urbana;VIA CRISTOFORO COLOMBO;all'intersezione con;VIA ERMANNO WOLF FERRARI;VIA ERMANNO WOLF FERRARI;;;Scontro frontale/laterale DX fra veicoli in marcia;Intersezione semaforizzata;Più di due carreggiate;Asciutto;Asfaltata;Verticale ed orizzontale;Sereno;Normale;Buona;Ore Diurne;1;0;0;4;12.36988;41.75458;-1;3;Autovettura privata;In marcia / fermata / arresto;Passeggero;M;Illeso;0;;Non accertato;Inesploso
3074674;13;27/11/2016 15:10;Strada Urbana;VIALE DEI ROMAGNOLI;all'intersezione con;VIA CARLO CASINI;VIA CARLO CASINI;;;Veicolo in marcia contro ostacolo accidentale;Intersezione semaforizzata;Una carreggiata a doppio senso;Asciutto;Asfaltata;Verticale ed orizzontale;Sereno;Normale;Sufficiente;Ore Diurne;0;0;0;3;12.32241;41.76913;-1;1;Autovettura privata;In marcia / fermata / arresto;Conducente;M;Illeso;0;;Non accertato;Inesploso
3074674;13;27/11/2016 15:10;Strada Urbana;VIALE DEI ROMAGNOLI;all'intersezione con;VIA CARLO CASINI;VIA CARLO CASINI;;;Veicolo in marcia contro ostacolo accidentale;Intersezione semaforizzata;Una carreggiata a doppio senso;Asciutto;Asfaltata;Verticale ed orizzontale;Sereno;Normale;Sufficiente;Ore Diurne;0;0;0;3;12.32241;41.76913;-1;1;Autovettura privata;In marcia / fermata / arresto;Passeggero;M;Illeso;0;;Non accertato;Inesploso
3074674;13;27/11/2016 15:10;Strada Urbana;VIALE DEI ROMAGNOLI;all'intersezione con;VIA CARLO CASINI;VIA CARLO CASINI;;;Veicolo in marcia contro ostacolo accidentale;Intersezione semaforizzata;Una carreggiata a doppio senso;Asciutto;Asfaltata;Verticale ed orizzontale;Sereno;Normale;Sufficiente;Ore Diurne;0;0;0;3;12.32241;41.76913;-1;1;Autovettura privata;In marcia / fermata / arresto;Passeggero;F;Illeso;0;;Non accertato;Inesploso
3074678;13;27/11/2016 15:40;Strada Urbana;VIALE DEI ROMAGNOLI;da specificare;;;;"fermata bus ""Romagnoli Casini""";Veicolo in marcia contro ostacolo accidentale;Rettilineo;Una carreggiata a doppio senso;Asciutto;Con buche;Orizzontale;Sereno;Normale;Buona;Ore Diurne;0;0;0;1;12.32241;41.76913;-1;1;Autovettura privata;In marcia / fermata / arresto;Conducente;M;Illeso;0;;Non accertato;Inesploso
3074681;13;27/11/2016 20:45;Strada Urbana;VIA DELLE CANARIE;in corrispondenza;;del civico n.;12;;Veicolo in marcia contro ostacolo accidentale;Rettilineo;Una carreggiata a doppio senso;Asciutto;Asfaltata;Verticale ed orizzontale;Sereno;Normale;Buona;Sufficiente;0;0;0;3;12.2823;41.73935;-1;1;Autovettura privata;In marcia / fermata / arresto;Conducente;M;Illeso;0;;Non accertato;Inesploso
3074681;13;27/11/2016 20:45;Strada Urbana;VIA DELLE CANARIE;in corrispondenza;;del civico n.;12;;Veicolo in marcia contro ostacolo accidentale;Rettilineo;Una carreggiata a doppio senso;Asciutto;Asfaltata;Verticale ed orizzontale;Sereno;Normale;Buona;Sufficiente;0;0;0;3;12.2823;41.73935;-1;1;Autovettura privata;In marcia / fermata / arresto;Passeggero;M;Illeso;0;;Non accertato;Inesploso
3074690;13;27/11/2016 21:30;Strada Urbana;LUNGOMARE LUTAZIO CATULO;da specificare;;;;p.le Mediterraneo;Veicolo in marcia contro ostacolo accidentale;Rettilineo;Due carreggiate;Asciutto;Asfaltata;Verticale ed orizzontale;Sereno;Normale;Buona;Sufficiente;0;0;0;3;12.3129;41.71639;-1;1;Autovettura privata;In marcia / fermata / arresto;Conducente;F;Illeso;0;;Non accertato;Inesploso
3074690;13;27/11/2016 21:30;Strada Urbana;LUNGOMARE LUTAZIO CATULO;da specificare;;;;p.le Mediterraneo;Veicolo in marcia contro ostacolo accidentale;Rettilineo;Due carreggiate;Asciutto;Asfaltata;Verticale ed orizzontale;Sereno;Normale;Buona;Sufficiente;0;0;0;3;12.3129;41.71639;-1;1;Autovettura privata;In marcia / fermata / arresto;Passeggero;M;Illeso;0;;Non accertato;Inesploso
3074690;13;27/11/2016 21:30;Strada Urbana;LUNGOMARE LUTAZIO CATULO;da specificare;;;;p.le Mediterraneo;Veicolo in marcia contro ostacolo accidentale;Rettilineo;Due carreggiate;Asciutto;Asfaltata;Verticale ed orizzontale;Sereno;Normale;Buona;Sufficiente;0;0;0;3;12.3129;41.71639;-1;1;Autovettura privata;In marcia / fermata / arresto;Passeggero;M;Illeso;0;;Non accertato;Inesploso
3074693;3;23/11/2016 23:00;Strada Urbana;PIAZZA LAURO DE BOSIS;all'intersezione con;LUNGOTEVERE MARESCIALLO CADORNA;LUNGOTEVERE MARESCIALLO CADORNA;;;Scontro frontale/laterale DX fra veicoli in marcia;Incrocio;Una carreggiata a senso unico di marcia;Asciutto;Asfaltata;Verticale ed orizzontale;Nuvoloso;Normale;Buona;Sufficiente;1;0;0;2;12.45923;41.93178;-1;1;Autovettura privata;In marcia / fermata / arresto;Conducente;F;Illeso;0;;Non accertato;
3074693;3;23/11/2016 23:00;Strada Urbana;PIAZZA LAURO DE BOSIS;all'intersezione con;LUNGOTEVERE MARESCIALLO CADORNA;LUNGOTEVERE MARESCIALLO CADORNA;;;Scontro frontale/laterale DX fra veicoli in marcia;Incrocio;Una carreggiata a senso unico di marcia;Asciutto;Asfaltata;Verticale ed orizzontale;Nuvoloso;Normale;Buona;Sufficiente;1;0;0;2;12.45923;41.93178;-1;1;Autovettura privata;In marcia / fermata / arresto;Passeggero;F;Illeso;0;;Non accertato;
3074693;3;23/11/2016 23:00;Strada Urbana;PIAZZA LAURO DE BOSIS;all'intersezione con;LUNGOTEVERE MARESCIALLO CADORNA;LUNGOTEVERE MARESCIALLO CADORNA;;;Scontro frontale/laterale DX fra veicoli in marcia;Incrocio;Una carreggiata a senso unico di marcia;Asciutto;Asfaltata;Verticale ed orizzontale;Nuvoloso;Normale;Buona;Sufficiente;1;0;0;2;12.45923;41.93178;-1;2;Motociclo a solo;In marcia / fermata / arresto;Conducente;M;Rimandato;0;NON DECEDUTO;;
3074702;5;26/11/2016 03:00;Strada Urbana;VIA AMICO ASPERTINI;in corrispondenza;;del civico n.;276;;Veicolo in marcia contro ostacolo fisso;Rettilineo;Una carreggiata a doppio senso;Bagnato (umidità in atto);Asfaltata;Verticale ed orizzontale;Nuvoloso;Scarso;Sufficiente;Sufficiente;0;0;0;2;12.63109;41.86927;-1;1;Autovettura privata;In marcia / fermata / arresto;Conducente;M;Illeso;0;;Non accertato;Inesploso
3074702;5;26/11/2016 03:00;Strada Urbana;VIA AMICO ASPERTINI;in corrispondenza;;del civico n.;276;;Veicolo in marcia contro ostacolo fisso;Rettilineo;Una carreggiata a doppio senso;Bagnato (umidità in atto);Asfaltata;Verticale ed orizzontale;Nuvoloso;Scarso;Sufficiente;Sufficiente;0;0;0;2;12.63109;41.86927;-1;1;Autovettura privata;In marcia / fermata / arresto;Passeggero;F;Illeso;0;;Non accertato;Inesploso
3074705;3;24/11/2016 09:35;Strada Urbana;PIAZZALE DELLE PROVINCIE;da specificare;;;;F.C 8;Scontro laterale fra veicoli in marcia;Rotatoria;Una carreggiata a senso unico di marcia;Asciutto;Asfaltata;Verticale ed orizzontale;Sereno;Intenso;Buona;Ore Diurne;1;0;0;2;12.52126;41.90925;-1;1;Autovettura privata;In marcia / fermata / arresto;Conducente;M;Illeso;0;;Non accertato;Inesploso
3074705;3;24/11/2016 09:35;Strada Urbana;PIAZZALE DELLE PROVINCIE;da specificare;;;;F.C 8;Scontro laterale fra veicoli in marcia;Rotatoria;Una carreggiata a senso unico di marcia;Asciutto;Asfaltata;Verticale ed orizzontale;Sereno;Intenso;Buona;Ore Diurne;1;0;0;2;12.52126;41.90925;-1;2;Motociclo con passeggero;In marcia / fermata / arresto;Conducente;M;Illeso;0;;Non accertato;
3074705;3;24/11/2016 09:35;Strada Urbana;PIAZZALE DELLE PROVINCIE;da specificare;;;;F.C 8;Scontro laterale fra veicoli in marcia;Rotatoria;Una carreggiata a senso unico di marcia;Asciutto;Asfaltata;Verticale ed orizzontale;Sereno;Intenso;Buona;Ore Diurne;1;0;0;2;12.52126;41.90925;-1;2;Motociclo con passeggero;In marcia / fermata / arresto;Passeggero;F;Rifiuta cure immediate;0;NON DECEDUTO;Non accertato;
3074708;1;25/11/2016 16:20;Strada Urbana;PIAZZA DI S. CROCE IN GERUSALEMME;all'intersezione semaforizzata con;VIA DI S. CROCE IN GERUSALEMME;VIA DI S. CROCE IN GERUSALEMME;;;Infortunio per sola frenata improvvisa;Intersezione semaforizzata;Più di due carreggiate;Bagnato (umidità in atto);Asfaltata;Verticale ed orizzontale;Nuvoloso;Normale;Buona;Ore Diurne;1;0;0;0;12.51519;41.8891;-1;1;Motociclo a solo;In marcia / fermata / arresto;Conducente;M;Rimandato;0;NON DECEDUTO;;
3074713;5;26/11/2016 19:30;Strada Urbana;VIALE KANT;da specificare;;;;50 metri dopo via nomentana direzione tiburtina;Veicolo in marcia contro ostacolo accidentale;Rettilineo;Due carreggiate;Asciutto;Asfaltata;Verticale ed orizzontale;Sereno;Normale;Buona;Sufficiente;0;0;0;1;12.55337;41.93673;-1;1;Autovettura privata;In marcia / fermata / arresto;Conducente;F;Illeso;0;;Non accertato;Inesploso
3074716;12;25/11/2016 18:00;Regionale;VIA PONTINA;da specificare;;;;rampa immissione da GRA carr. esterna;Scontro laterale fra veicoli in marcia;Rettilineo;Due carreggiate;Asciutto;Asfaltata;Verticale ed orizzontale;Nuvoloso;Intenso;Buona;Sufficiente;0;0;0;2;12.45364;41.8;-1;1;Autovettura privata;In marcia / fermata / arresto;Conducente;M;Illeso;0;;Utilizzato;Inesploso
3074716;12;25/11/2016 18:00;Regionale;VIA PONTINA;da specificare;;;;rampa immissione da GRA carr. esterna;Scontro laterale fra veicoli in marcia;Rettilineo;Due carreggiate;Asciutto;Asfaltata;Verticale ed orizzontale;Nuvoloso;Intenso;Buona;Sufficiente;0;0;0;2;12.45364;41.8;-1;2;Autocarro inferiore 35 q.;In marcia / fermata / arresto;Conducente;M;Illeso;0;;Non accertato;Inesistente
3074722;5;27/11/2016 14:00;Strada Urbana;NUOVA CIRCONVALLAZIONE INTERNA;da specificare;;;;direzione San Giovanni dopo uscita Monti Tiburtini;Scontro laterale fra veicoli in marcia;Galleria illuminata;Una carreggiata a senso unico di marcia;Asciutto;Asfaltata;Orizzontale;Sereno;Normale;Buona;Ore Diurne;2;0;0;2;12.52744;41.92216;-1;1;Autovettura privata;In marcia / fermata / arresto;Conducente;M;Illeso;0;;Non accertato;Inesploso
3074722;5;27/11/2016 14:00;Strada Urbana;NUOVA CIRCONVALLAZIONE INTERNA;da specificare;;;;direzione San Giovanni dopo uscita Monti Tiburtini;Scontro laterale fra veicoli in marcia;Galleria illuminata;Una carreggiata a senso unico di marcia;Asciutto;Asfaltata;Orizzontale;Sereno;Normale;Buona;Ore Diurne;2;0;0;2;12.52744;41.92216;-1;1;Autovettura privata;In marcia / fermata / arresto;Passeggero;M;Illeso;0;;Non accertato;Inesploso
3074722;5;27/11/2016 14:00;Strada Urbana;NUOVA CIRCONVALLAZIONE INTERNA;da specificare;;;;direzione San Giovanni dopo uscita Monti Tiburtini;Scontro laterale fra veicoli in marcia;Galleria illuminata;Una carreggiata a senso unico di marcia;Asciutto;Asfaltata;Orizzontale;Sereno;Normale;Buona;Ore Diurne;2;0;0;2;12.52744;41.92216;-1;1;Autovettura privata;In marcia / fermata / arresto;Passeggero;F;Rimandato;0;NON DECEDUTO;Non accertato;Inesploso
3074722;5;27/11/2016 14:00;Strada Urbana;NUOVA CIRCONVALLAZIONE INTERNA;da specificare;;;;direzione San Giovanni dopo uscita Monti Tiburtini;Scontro laterale fra veicoli in marcia;Galleria illuminata;Una carreggiata a senso unico di marcia;Asciutto;Asfaltata;Orizzontale;Sereno;Normale;Buona;Ore Diurne;2;0;0;2;12.52744;41.92216;-1;2;Ciclomotore;In marcia / fermata / arresto;Conducente;M;Rimandato;0;NON DECEDUTO;Non accertato;
3074724;4;26/11/2016 13:30;Strada Urbana;VIA UGO OJETTI;in corrispondenza;;del civico n.;118;;Scontro frontale/laterale SX fra veicoli in marcia;Rettilineo;Due carreggiate;Asciutto;Asfaltata;Assente;Sereno;Normale;Buona;Ore Diurne;1;0;0;2;12.55148;41.94429;-1;1;Autovettura privata;In marcia / fermata / arresto;Conducente;M;Illeso;0;;;
3074724;4;26/11/2016 13:30;Strada Urbana;VIA UGO OJETTI;in corrispondenza;;del civico n.;118;;Scontro frontale/laterale SX fra veicoli in marcia;Rettilineo;Due carreggiate;Asciutto;Asfaltata;Assente;Sereno;Normale;Buona;Ore Diurne;1;0;0;2;12.55148;41.94429;-1;1;Autovettura privata;In marcia / fermata / arresto;Passeggero;F;Illeso;0;;Non accertato;Inesploso
3074724;4;26/11/2016 13:30;Strada Urbana;VIA UGO OJETTI;in corrispondenza;;del civico n.;118;;Scontro frontale/laterale SX fra veicoli in marcia;Rettilineo;Due carreggiate;Asciutto;Asfaltata;Assente;Sereno;Normale;Buona;Ore Diurne;1;0;0;2;12.55148;41.94429;-1;2;Autovettura privata;In marcia / fermata / arresto;Conducente;F;Rimandato;0;NON DECEDUTO;Non accertato;
3074726;3;24/11/2016 14:20;Strada Urbana;CIRCONVALLAZIONE TIBURTINA;da specificare;;;;DIREZIONE SALARIA FRONTE SACRARIO MILITARE;Tamponamento Multiplo;Rettilineo;Due carreggiate;Asciutto;Asfaltata;Verticale ed orizzontale;Nuvoloso;Normale;Buona;Ore Diurne;1;0;0;3;12.5279;41.89931;-1;1;Autovettura privata;In marcia / fermata / arresto;Conducente;M;Illeso;0;;Non accertato;Inesploso
3074726;3;24/11/2016 14:20;Strada Urbana;CIRCONVALLAZIONE TIBURTINA;da specificare;;;;DIREZIONE SALARIA FRONTE SACRARIO MILITARE;Tamponamento Multiplo;Rettilineo;Due carreggiate;Asciutto;Asfaltata;Verticale ed orizzontale;Nuvoloso;Normale;Buona;Ore Diurne;1;0;0;3;12.5279;41.89931;-1;1;Autovettura privata;In marcia / fermata / arresto;Passeggero;F;Illeso;0;;Non accertato;Inesploso
3074726;3;24/11/2016 14:20;Strada Urbana;CIRCONVALLAZIONE TIBURTINA;da specificare;;;;DIREZIONE SALARIA FRONTE SACRARIO MILITARE;Tamponamento Multiplo;Rettilineo;Due carreggiate;Asciutto;Asfaltata;Verticale ed orizzontale;Nuvoloso;Normale;Buona;Ore Diurne;1;0;0;3;12.5279;41.89931;-1;2;Motociclo a solo;In marcia / fermata / arresto;Conducente;M;Rimandato;0;NON DECEDUTO;Non accertato;
3074726;3;24/11/2016 14:20;Strada Urbana;CIRCONVALLAZIONE TIBURTINA;da specificare;;;;DIREZIONE SALARIA FRONTE SACRARIO MILITARE;Tamponamento Multiplo;Rettilineo;Due carreggiate;Asciutto;Asfaltata;Verticale ed orizzontale;Nuvoloso;Normale;Buona;Ore Diurne;1;0;0;3;12.5279;41.89931;-1;3;Motociclo a solo;In marcia / fermata / arresto;Conducente;F;Illeso;0;;Non accertato;
3074729;2;26/11/2016 14:47;Strada Urbana;VIA NIZZA;all'intersezione con;VIA REGGIO EMILIA;VIA REGGIO EMILIA;;;Infortunio per sola frenata improvvisa;Incrocio;Una carreggiata a doppio senso;Asciutto;Asfaltata;Verticale ed orizzontale;Sereno;Scarso;Buona;Ore Diurne;2;0;0;2;12.50179;41.91311;-1;1;Autovettura privata;In marcia / fermata / arresto;Conducente;F;Illeso;0;;Non accertato;Inesploso
3074729;2;26/11/2016 14:47;Strada Urbana;VIA NIZZA;all'intersezione con;VIA REGGIO EMILIA;VIA REGGIO EMILIA;;;Infortunio per sola frenata improvvisa;Incrocio;Una carreggiata a doppio senso;Asciutto;Asfaltata;Verticale ed orizzontale;Sereno;Scarso;Buona;Ore Diurne;2;0;0;2;12.50179;41.91311;-1;2;Autovettura privata;In marcia / fermata / arresto;Conducente;M;Illeso;0;;Non accertato;
3074729;2;26/11/2016 14:47;Strada Urbana;VIA NIZZA;all'intersezione con;VIA REGGIO EMILIA;VIA REGGIO EMILIA;;;Infortunio per sola frenata improvvisa;Incrocio;Una carreggiata a doppio senso;Asciutto;Asfaltata;Verticale ed orizzontale;Sereno;Scarso;Buona;Ore Diurne;2;0;0;2;12.50179;41.91311;-1;3;Motociclo a solo;In marcia / fermata / arresto;Conducente;M;Rimandato;0;NON DECEDUTO;;
3074729;2;26/11/2016 14:47;Strada Urbana;VIA NIZZA;all'intersezione con;VIA REGGIO EMILIA;VIA REGGIO EMILIA;;;Infortunio per sola frenata improvvisa;Incrocio;Una carreggiata a doppio senso;Asciutto;Asfaltata;Verticale ed orizzontale;Sereno;Scarso;Buona;Ore Diurne;2;0;0;2;12.50179;41.91311;-1;3;Motociclo a solo;In marcia / fermata / arresto;Passeggero;F;Rimandato;0;NON DECEDUTO;Non accertato;
3074735;19;25/11/2016 11:50;Strada Urbana;VIA ENRICO PESTALOZZI;da specificare;;;;fronte civico 5;Scontro laterale fra veicoli in marcia;Curva a visuale libera;Una carreggiata a senso unico di marcia;Asciutto;Asfaltata;Assente;Nuvoloso;Intenso;Buona;Ore Diurne;0;0;0;2;12.43178;41.9365;-1;1;Autovettura privata;In marcia / fermata / arresto;Conducente;M;Illeso;0;;Non accertato;Inesploso
3074735;19;25/11/2016 11:50;Strada Urbana;VIA ENRICO PESTALOZZI;da specificare;;;;fronte civico 5;Scontro laterale fra veicoli in marcia;Curva a visuale libera;Una carreggiata a senso unico di marcia;Asciutto;Asfaltata;Assente;Nuvoloso;Intenso;Buona;Ore Diurne;0;0;0;2;12.43178;41.9365;-1;2;Motociclo a solo;In marcia / fermata / arresto;Conducente;M;Illeso;0;;Non accertato;
3074736;20;28/11/2016 09:15;Strada Urbana;VIA CASSIA NUOVA;all'intersezione semaforizzata con;VIA GIOVANNI FABBRONI;VIA GIOVANNI FABBRONI;;;Scontro frontale/laterale SX fra veicoli in marcia;Intersezione semaforizzata;Una carreggiata a doppio senso;Asciutto;Asfaltata;Verticale ed orizzontale;Sereno;Normale;Buona;Ore Diurne;1;0;0;2;12.46828;41.95078;-1;1;Autovettura privata;In marcia / fermata / arresto;Conducente;M;Rimandato;0;NON DECEDUTO;Non accertato;Esploso
3074736;20;28/11/2016 09:15;Strada Urbana;VIA CASSIA NUOVA;all'intersezione semaforizzata con;VIA GIOVANNI FABBRONI;VIA GIOVANNI FABBRONI;;;Scontro frontale/laterale SX fra veicoli in marcia;Intersezione semaforizzata;Una carreggiata a doppio senso;Asciutto;Asfaltata;Verticale ed orizzontale;Sereno;Normale;Buona;Ore Diurne;1;0;0;2;12.46828;41.95078;-1;2;Autovettura privata;In marcia / fermata / arresto;Conducente;M;Illeso;0;;Non accertato;Inesploso
3074736;20;28/11/2016 09:15;Strada Urbana;VIA CASSIA NUOVA;all'intersezione semaforizzata con;VIA GIOVANNI FABBRONI;VIA GIOVANNI FABBRONI;;;Scontro frontale/laterale SX fra veicoli in marcia;Intersezione semaforizzata;Una carreggiata a doppio senso;Asciutto;Asfaltata;Verticale ed orizzontale;Sereno;Normale;Buona;Ore Diurne;1;0;0;2;12.46828;41.95078;-1;2;Autovettura privata;In marcia / fermata / arresto;Passeggero;F;Illeso;0;;Non accertato;Inesploso