Protocollo;Gruppo;DataOraIncidente;Localizzazione1;STRADA1;Localizzazione2;STRADA2;Strada02;Chilometrica;DaSpecificare;NaturaIncidente;particolaritastrade;TipoStrada;FondoStradale;Pavimentazione;Segnaletica;CondizioneAtmosferica;Traffico;Visibilita;Illuminazione;NUM_FERITI;NUM_RISERVATA;NUM_MORTI;NUM_ILLESI;Longitudine;Latitudine;Confermato;Progressivo;TipoVeicolo;StatoVeicolo;TipoPersona;Sesso;Tipolesione;Deceduto;DecedutoDopo;CinturaCascoUtilizzato;Airbag
3079729;3;30/11/2016 09:30;Strada Urbana;CIRCONVALLAZIONE TIBURTINA;da specificare;;;;altezza Sacrario Militare dir.ne San Giovanni;Scontro laterale fra veicoli in marcia;Rettilineo;Due carreggiate;Asciutto;Asfaltata;Verticale;Sereno;Intenso;Buona;Ore Diurne;1;0;0;1;12.52773;41.89919;-1;1;Autovettura privata;In marcia / fermata / arresto;Conducente;M;Illeso;0;;Non accertato;
3079729;3;30/11/2016 09:30;Strada Urbana;CIRCONVALLAZIONE TIBURTINA;da specificare;;;;altezza Sacrario Militare dir.ne San Giovanni;Scontro laterale fra veicoli in marcia;Rettilineo;Due carreggiate;Asciutto;Asfaltata;Verticale;Sereno;Intenso;Buona;Ore Diurne;1;0;0;1;12.52773;41.89919;-1;2;Motociclo a solo;In marcia / fermata / arresto;Conducente;M;Rimandato;0;NON DECEDUTO;;
3079731;4;30/11/2016 10:10;Strada Urbana;VIA DELLA BUFALOTTA;all'intersezione con;VIA DI SETTEBAGNI;VIA DI SETTEBAGNI;;;Scontro laterale fra veicoli in marcia;Intersezione semaforizzata;Una carreggiata a doppio senso;Asciutto;Asfaltata;Verticale ed orizzontale;Sereno;Normale;Buona;Ore Diurne;0;0;0;2;12.54978;41.96725;-1;1;Autovettura privata;In marcia / fermata / arresto;Conducente;M;Illeso;0;;Non accertato;Inesploso
3079731;4;30/11/2016 10:10;Strada Urbana;VIA DELLA BUFALOTTA;all'intersezione con;VIA DI SETTEBAGNI;VIA DI SETTEBAGNI;;;Scontro laterale fra veicoli in marcia;Intersezione semaforizzata;Una carreggiata a doppio senso;Asciutto;Asfaltata;Verticale ed orizzontale;Sereno;Normale;Buona;Ore Diurne;0;0;0;2;12.54978;41.96725;-1;2;Autovettura privata;In marcia / fermata / arresto;Conducente;M;Illeso;0;;Non accertato;Inesploso
3079761;1;30/11/2016 15:20;Strada Urbana;VIA GIOVANNI GIOLITTI;all'intersezione con;VIA BIXIO;VIA BIXIO;;;Scontro laterale fra veicoli in marcia;Incrocio;Una carreggiata a senso unico di marcia;Asciutto;Asfaltata;Verticale ed orizzontale;Sereno;Normale;Buona;Ore Diurne;1;0;0;1;12.50703;41.8965;-1;1;Autovettura privata;In marcia / fermata / arresto;Conducente;M;Rifiuta cure immediate;0;NON DECEDUTO;;
3079761;1;30/11/2016 15:20;Strada Urbana;VIA GIOVANNI GIOLITTI;all'intersezione con;VIA BIXIO;VIA BIXIO;;;Scontro laterale fra veicoli in marcia;Incrocio;Una carreggiata a senso unico di marcia;Asciutto;Asfaltata;Verticale ed orizzontale;Sereno;Normale;Buona;Ore Diurne;1;0;0;1;12.50703;41.8965;-1;2;Motociclo a solo;In marcia / fermata / arresto;Conducente;M;Illeso;0;;;
3079765;3;30/11/2016 03:50;Strada Urbana;VIALE PANTELLERIA;all'intersezione con;VIALE JONIO;VIALE JONIO;;;Scontro laterale fra veicoli in marcia;Intersezione stradale segnalata;Due carreggiate;Asciutto;Asfaltata;Verticale ed orizzontale;Sereno;Scarso;Sufficiente;Sufficiente;0;0;0;5;12.53008;41.94575;-1;1;Autovettura di polizia;In marcia / fermata / arresto;Conducente;M;Illeso;0;;Non accertato;Inesploso
3079765;3;30/11/2016 03:50;Strada Urbana;VIALE PANTELLERIA;all'intersezione con;VIALE JONIO;VIALE JONIO;;;Scontro laterale fra veicoli in marcia;Intersezione stradale segnalata;Due carreggiate;Asciutto;Asfaltata;Verticale ed orizzontale;Sereno;Scarso;Sufficiente;Sufficiente;0;0;0;5;12.53008;41.94575;-1;1;Autovettura di polizia;In marcia / fermata / arresto;Passeggero;M;Illeso;0;;Non accertato;Inesploso
3079765;3;30/11/2016 03:50;Strada Urbana;VIALE PANTELLERIA;all'intersezione con;VIALE JONIO;VIALE JONIO;;;Scontro laterale fra veicoli in marcia;Intersezione stradale segnalata;Due carreggiate;Asciutto;Asfaltata;Verticale ed orizzontale;Sereno;Scarso;Sufficiente;Sufficiente;0;0;0;5;12.53008;41.94575;-1;2;Motociclo a solo;In marcia / fermata / arresto;Conducente;M;Illeso;0;;Non accertato;
3079765;3;30/11/2016 03:50;Strada Urbana;VIALE PANTELLERIA;all'intersezione con;VIALE JONIO;VIALE JONIO;;;Scontro laterale fra veicoli in marcia;Intersezione stradale segnalata;Due carreggiate;Asciutto;Asfaltata;Verticale ed orizzontale;Sereno;Scarso;Sufficiente;Sufficiente;0;0;0;5;12.53008;41.94575;-1;3;Autovettura di polizia;In marcia / fermata / arresto;Conducente;M;Illeso;0;;Non accertato;Inesploso
3079765;3;30/11/2016 03:50;Strada Urbana;VIALE PANTELLERIA;all'intersezione con;VIALE JONIO;VIALE JONIO;;;Scontro laterale fra veicoli in marcia;Intersezione stradale segnalata;Due carreggiate;Asciutto;Asfaltata;Verticale ed orizzontale;Sereno;Scarso;Sufficiente;Sufficiente;0;0;0;5;12.53008;41.94575;-1;3;Autovettura di polizia;In marcia / fermata / arresto;Passeggero;M;Illeso;0;;Non accertato;Inesploso
3079780;2;30/11/2016 15:15;Strada Urbana;VIA AUSTRIA;all'intersezione con;VIALE XVII OLIMPIADE;VIALE XVII OLIMPIADE;;;Scontro frontale/laterale SX fra veicoli in marcia;Incrocio;Due carreggiate;Asciutto;Asfaltata;Assente;Sereno;Normale;Buona;Ore Diurne;0;0;0;2;12.47205;41.93261;-1;1;Autovettura privata;In marcia / fermata / arresto;Conducente;M;Illeso;0;;Non accertato;Inesploso
3079780;2;30/11/2016 15:15;Strada Urbana;VIA AUSTRIA;all'intersezione con;VIALE XVII OLIMPIADE;VIALE XVII OLIMPIADE;;;Scontro frontale/laterale SX fra veicoli in marcia;Incrocio;Due carreggiate;Asciutto;Asfaltata;Assente;Sereno;Normale;Buona;Ore Diurne;0;0;0;2;12.47205;41.93261;-1;2;Autovettura privata;In marcia / fermata / arresto;Conducente;M;Illeso;0;;Non accertato;Inesploso
3079782;2;30/11/2016 15:25;Strada Urbana;PIAZZA DIGIONE;in prossimità;;del civico n.;1;;Veicolo in marcia contro veicolo in sosta;Rotatoria;Una carreggiata a senso unico di marcia;Asciutto;Asfaltata;Verticale ed orizzontale;Sereno;Normale;Buona;Ore Diurne;0;0;0;1;12.49055;41.9279;-1;1;Autovettura privata;In marcia / fermata / arresto;Conducente;M;Illeso;0;;Non accertato;Inesploso
3079799;19;30/11/2016 12:00;Strada Urbana;VIA PIETRO BEMBO;all'intersezione con;VIA BENEDETTO ALOISI MASELLA;VIA BENEDETTO ALOISI MASELLA;;;Scontro laterale fra veicoli in marcia;Intersezione stradale segnalata;Una carreggiata a doppio senso;Asciutto;Asfaltata;Orizzontale;Sereno;Normale;Buona;Ore Diurne;1;0;0;1;12.41086;41.91661;-1;1;Autovettura privata;In marcia / fermata / arresto;Conducente;M;Illeso;0;;;
3079799;19;30/11/2016 12:00;Strada Urbana;VIA PIETRO BEMBO;all'intersezione con;VIA BENEDETTO ALOISI MASELLA;VIA BENEDETTO ALOISI MASELLA;;;Scontro laterale fra veicoli in marcia;Intersezione stradale segnalata;Una carreggiata a doppio senso;Asciutto;Asfaltata;Orizzontale;Sereno;Normale;Buona;Ore Diurne;1;0;0;1;12.41086;41.91661;-1;2;Motociclo a solo;In marcia / fermata / arresto;Conducente;M;Rimandato;0;NON DECEDUTO;;
3079826;1;30/11/2016 17:45;Strada Urbana;VIA DI PORTA S. SEBASTIANO;da specificare;;;;altezza Piazzale Numa Pompilio;Scontro laterale fra veicoli in marcia;Curva a visuale libera;Una carreggiata a doppio senso;Asciutto;In cubetti di porfido;Verticale ed orizzontale;Sereno;Normale;Buona;Sufficiente;1;0;0;1;12.4959;41.87964;-1;1;Autovettura privata;In marcia / fermata / arresto;Conducente;F;Illeso;0;;Non accertato;Inesploso
3079826;1;30/11/2016 17:45;Strada Urbana;VIA DI PORTA S. SEBASTIANO;da specificare;;;;altezza Piazzale Numa Pompilio;Scontro laterale fra veicoli in marcia;Curva a visuale libera;Una carreggiata a doppio senso;Asciutto;In cubetti di porfido;Verticale ed orizzontale;Sereno;Normale;Buona;Sufficiente;1;0;0;1;12.4959;41.87964;-1;2;Motociclo a solo;In marcia / fermata / arresto;Conducente;M;Rimandato;0;NON DECEDUTO;Non accertato;
3079835;3;29/11/2016 09:05;Strada Urbana;VIA LIVORNO;da specificare;;;;fronte civ. 74;Veicolo in marcia contro veicolo in sosta;Rettilineo;Una carreggiata a senso unico di marcia;Asciutto;Asfaltata;Verticale;Sereno;Scarso;Buona;Ore Diurne;0;0;0;1;12.52693;41.91723;-1;1;Autovettura privata;In marcia / fermata / arresto;Conducente;F;Illeso;0;;Non accertato;Inesploso
3079931;12;30/11/2016 18:30;Strada Urbana;VIALE DELL'OCEANO INDIANO;all'intersezione con;VIA DI DECIMA;VIA DI DECIMA;;;Scontro laterale fra veicoli in marcia;Intersezione semaforizzata;Una carreggiata a doppio senso;Asciutto;Asfaltata;Verticale ed orizzontale;Sereno;Intenso;Buona;Sufficiente;0;0;0;2;12.4436;41.82101;-1;1;Autobus turistico;In marcia / fermata / arresto;Conducente;M;Illeso;0;;Utilizzato;
3079931;12;30/11/2016 18:30;Strada Urbana;VIALE DELL'OCEANO INDIANO;all'intersezione con;VIA DI DECIMA;VIA DI DECIMA;;;Scontro laterale fra veicoli in marcia;Intersezione semaforizzata;Una carreggiata a doppio senso;Asciutto;Asfaltata;Verticale ed orizzontale;Sereno;Intenso;Buona;Sufficiente;0;0;0;2;12.4436;41.82101;-1;2;Autovettura privata;In marcia / fermata / arresto;Conducente;M;Illeso;0;;Utilizzato;
3079948;7;30/11/2016 15:50;Strada Urbana;VIA RAFFAELE COSTI;all'intersezione con;VIA DI TOR CERVARA;VIA DI TOR CERVARA;;;Scontro frontale/laterale DX fra veicoli in marcia;Incrocio;Una carreggiata a doppio senso;Asciutto;Asfaltata;Verticale ed orizzontale;Sereno;Normale;Buona;Ore Diurne;0;0;0;3;12.59431;41.91378;-1;1;Autovettura privata;In marcia / fermata / arresto;Conducente;M;Illeso;0;;;
3079948;7;30/11/2016 15:50;Strada Urbana;VIA RAFFAELE COSTI;all'intersezione con;VIA DI TOR CERVARA;VIA DI TOR CERVARA;;;Scontro frontale/laterale DX fra veicoli in marcia;Incrocio;Una carreggiata a doppio senso;Asciutto;Asfaltata;Verticale ed orizzontale;Sereno;Normale;Buona;Ore Diurne;0;0;0;3;12.59431;41.91378;-1;1;Autovettura privata;In marcia / fermata / arresto;Passeggero;F;Illeso;0;;Non accertato;Inesploso
3079948;7;30/11/2016 15:50;Strada Urbana;VIA RAFFAELE COSTI;all'intersezione con;VIA DI TOR CERVARA;VIA DI TOR CERVARA;;;Scontro frontale/laterale DX fra veicoli in marcia;Incrocio;Una carreggiata a doppio senso;Asciutto;Asfaltata;Verticale ed orizzontale;Sereno;Normale;Buona;Ore Diurne;0;0;0;3;12.59431;41.91378;-1;2;Autovettura privata;In marcia / fermata / arresto;Conducente;F;Illeso;0;;;
3079974;1;30/11/2016 14:25;Strada Urbana;VIA SARDEGNA;all'intersezione con;VIA TOSCANA;VIA TOSCANA;;;Scontro laterale fra veicoli in marcia;Incrocio;Una carreggiata a senso unico di marcia;Asciutto;Asfaltata;Verticale ed orizzontale;Sereno;Normale;Buona;Ore Diurne;0;0;0;2;12.49114;41.90941;-1;1;Autovettura privata;In marcia / fermata / arresto;Conducente;M;Illeso;0;;Non accertato;Inesploso
3079974;1;30/11/2016 14:25;Strada Urbana;VIA SARDEGNA;all'intersezione con;VIA TOSCANA;VIA TOSCANA;;;Scontro laterale fra veicoli in marcia;Incrocio;Una carreggiata a senso unico di marcia;Asciutto;Asfaltata;Verticale ed orizzontale;Sereno;Normale;Buona;Ore Diurne;0;0;0;2;12.49114;41.90941;-1;2;Autovettura privata;In marcia / fermata / arresto;Conducente;F;Illeso;0;;Non accertato;Inesploso
3080460;16;30/11/2016 18:45;Strada Urbana;VIA DI GROTTA PERFETTA;all'intersezione con;VIALE ERMINIO SPALLA;VIALE ERMINIO SPALLA;;;Scontro laterale fra veicoli in marcia;Incrocio;Una carreggiata a doppio senso;Asciutto;Asfaltata;Verticale ed orizzontale;Nebbia;Normale;Sufficiente;Sufficiente;0;0;0;2;12.51487;41.83245;-1;1;Autovettura privata;In marcia / fermata / arresto;Conducente;F;Illeso;0;;Non accertato;
3080460;16;30/11/2016 18:45;Strada Urbana;VIA DI GROTTA PERFETTA;all'intersezione con;VIALE ERMINIO SPALLA;VIALE ERMINIO SPALLA;;;Scontro laterale fra veicoli in marcia;Incrocio;Una carreggiata a doppio senso;Asciutto;Asfaltata;Verticale ed orizzontale;Nebbia;Normale;Sufficiente;Sufficiente;0;0;0;2;12.51487;41.83245;-1;2;Autovettura privata;In marcia / fermata / arresto;Conducente;M;Illeso;0;;Non accertato;
3081170;12;30/11/2016 09:40;Regionale;VIA PONTINA;da specificare;;;;prox. piazzale 25 Marzo 1957 dir. Roma;Scontro laterale fra veicoli in marcia;Rettilineo;Due carreggiate;Asciutto;Asfaltata;Verticale ed orizzontale;Sereno;Intenso;Buona;Ore Diurne;0;0;0;4;12.45187;41.79345;-1;1;Autovettura privata;In marcia / fermata / arresto;Conducente;M;Illeso;0;;Utilizzato;Inesploso
3081170;12;30/11/2016 09:40;Regionale;VIA PONTINA;da specificare;;;;prox. piazzale 25 Marzo 1957 dir. Roma;Scontro laterale fra veicoli in marcia;Rettilineo;Due carreggiate;Asciutto;Asfaltata;Verticale ed orizzontale;Sereno;Intenso;Buona;Ore Diurne;0;0;0;4;12.45187;41.79345;-1;1;Autovettura privata;In marcia / fermata / arresto;Passeggero;F;Illeso;0;;Utilizzato;Inesploso
3081170;12;30/11/2016 09:40;Regionale;VIA PONTINA;da specificare;;;;prox. piazzale 25 Marzo 1957 dir. Roma;Scontro laterale fra veicoli in marcia;Rettilineo;Due carreggiate;Asciutto;Asfaltata;Verticale ed orizzontale;Sereno;Intenso;Buona;Ore Diurne;0;0;0;4;12.45187;41.79345;-1;1;Autovettura privata;In marcia / fermata / arresto;Passeggero;M;Illeso;0;;Utilizzato;Inesploso
3081170;12;30/11/2016 09:40;Regionale;VIA PONTINA;da specificare;;;;prox. piazzale 25 Marzo 1957 dir. Roma;Scontro laterale fra veicoli in marcia;Rettilineo;Due carreggiate;Asciutto;Asfaltata;Verticale ed orizzontale;Sereno;Intenso;Buona;Ore Diurne;0;0;0;4;12.45187;41.79345;-1;2;Motociclo a solo;In marcia / fermata / arresto;Conducente;M;Illeso;0;;Utilizzato;
3081236;10;20/11/2016 20:15;Strada Urbana;VIA TUSCOLANA;da specificare;;;;altezza via Frascati;Scontro laterale fra veicoli in marcia;Rettilineo;Due carreggiate;Asciutto;Asfaltata;Assente;Sereno;Normale;Sufficiente;Insufficiente;0;0;0;3;12.54272;41.86465;-1;1;Autovettura privata;In marcia / fermata / arresto;Conducente;M;Illeso;0;;Non accertato;Inesploso
3081236;10;20/11/2016 20:15;Strada Urbana;VIA TUSCOLANA;da specificare;;;;altezza via Frascati;Scontro laterale fra veicoli in marcia;Rettilineo;Due carreggiate;Asciutto;Asfaltata;Assente;Sereno;Normale;Sufficiente;Insufficiente;0;0;0;3;12.54272;41.86465;-1;1;Autovettura privata;In marcia / fermata / arresto;Passeggero;F;Illeso;0;;Non accertato;Inesploso
3081236;10;20/11/2016 20:15;Strada Urbana;VIA TUSCOLANA;da specificare;;;;altezza via Frascati;Scontro laterale fra veicoli in marcia;Rettilineo;Due carreggiate;Asciutto;Asfaltata;Assente;Sereno;Normale;Sufficiente;Insufficiente;0;0;0;3;12.54272;41.86465;-1;2;Motociclo con passeggero;In marcia / fermata / arresto;Conducente;M;Illeso;0;;Non accertato;
3081517;12;30/11/2016 19:00;Provinciale entro l'abitato;VIA OSTIENSE;all'intersezione con;VIA SARSINA;VIA SARSINA;;;Scontro laterale fra veicoli in marcia;Incrocio;Una carreggiata a doppio senso;Asciutto;Asfaltata;Verticale ed orizzontale;Sereno;Normale;Sufficiente;Sufficiente;0;0;0;6;12.39518;41.79498;-1;1;Autovettura privata;In marcia / fermata / arresto;Conducente;M;Illeso;0;;;
3081517;12;30/11/2016 19:00;Provinciale entro l'abitato;VIA OSTIENSE;all'intersezione con;VIA SARSINA;VIA SARSINA;;;Scontro laterale fra veicoli in marcia;Incrocio;Una carreggiata a doppio senso;Asciutto;Asfaltata;Verticale ed orizzontale;Sereno;Normale;Sufficiente;Sufficiente;0;0;0;6;12.39518;41.79498;-1;1;Autovettura privata;In marcia / fermata / arresto;Passeggero;F;Illeso;0;;;
3081517;12;30/11/2016 19:00;Provinciale entro l'abitato;VIA OSTIENSE;all'intersezione con;VIA SARSINA;VIA SARSINA;;;Scontro laterale fra veicoli in marcia;Incrocio;Una carreggiata a doppio senso;Asciutto;Asfaltata;Verticale ed orizzontale;Sereno;Normale;Sufficiente;Sufficiente;0;0;0;6;12.39518;41.79498;-1;1;Autovettura privata;In marcia / fermata / arresto;Passeggero;M;Illeso;0;;Non accertato;Inesploso
3081517;12;30/11/2016 19:00;Provinciale entro l'abitato;VIA OSTIENSE;all'intersezione con;VIA SARSINA;VIA SARSINA;;;Scontro laterale fra veicoli in marcia;Incrocio;Una carreggiata a doppio senso;Asciutto;Asfaltata;Verticale ed orizzontale;Sereno;Normale;Sufficiente;Sufficiente;0;0;0;6;12.39518;41.79498;-1;2;Motociclo a solo;In marcia / fermata / arresto;Conducente;M;Illeso;0;;;
3081517;12;30/11/2016 19:00;Provinciale entro l'abitato;VIA OSTIENSE;all'intersezione con;VIA SARSINA;VIA SARSINA;;;Scontro laterale fra veicoli in marcia;Incrocio;Una carreggiata a doppio senso;Asciutto;Asfaltata;Verticale ed orizzontale;Sereno;Normale;Sufficiente;Sufficiente;0;0;0;6;12.39518;41.79498;-1;3;Autovettura privata;In marcia / fermata / arresto;Conducente;F;Illeso;0;;Utilizzato;Inesploso
3081517;12;30/11/2016 19:00;Provinciale entro l'abitato;VIA OSTIENSE;all'intersezione con;VIA SARSINA;VIA SARSINA;;;Scontro laterale fra veicoli in marcia;Incrocio;Una carreggiata a doppio senso;Asciutto;Asfaltata;Verticale ed orizzontale;Sereno;Normale;Sufficiente;Sufficiente;0;0;0;6;12.39518;41.79498;-1;3;Autovettura privata;In marcia / fermata / arresto;Passeggero;M;Illeso;0;;Non accertato;Inesploso
3081734;3;30/11/2016 19:45;Strada Urbana;CORSO D'ITALIA;all'intersezione con;VIA CAMPANIA;VIA CAMPANIA;;;Scontro frontale/laterale DX fra veicoli in marcia;Incrocio;Una carreggiata a senso unico di marcia;Asciutto;Asfaltata;Verticale ed orizzontale;Sereno;Normale;Sufficiente;Sufficiente;1;0;0;2;12.49752;41.91087;-1;1;Autovettura privata;In marcia / fermata / arresto;Conducente;M;Illeso;0;;Non accertato;Inesploso
3081734;3;30/11/2016 19:45;Strada Urbana;CORSO D'ITALIA;all'intersezione con;VIA CAMPANIA;VIA CAMPANIA;;;Scontro frontale/laterale DX fra veicoli in marcia;Incrocio;Una carreggiata a senso unico di marcia;Asciutto;Asfaltata;Verticale ed orizzontale;Sereno;Normale;Sufficiente;Sufficiente;1;0;0;2;12.49752;41.91087;-1;1;Autovettura privata;In marcia / fermata / arresto;Passeggero;M;Illeso;0;;Non accertato;Inesploso
3081734;3;30/11/2016 19:45;Strada Urbana;CORSO D'ITALIA;all'intersezione con;VIA CAMPANIA;VIA CAMPANIA;;;Scontro frontale/laterale DX fra veicoli in marcia;Incrocio;Una carreggiata a senso unico di marcia;Asciutto;Asfaltata;Verticale ed orizzontale;Sereno;Normale;Sufficiente;Sufficiente;1;0;0;2;12.49752;41.91087;-1;2;Motociclo a solo;In marcia / fermata / arresto;Conducente;M;Rimandato;0;NON DECEDUTO;Non accertato;
3084478;12;30/11/2016 17:30;Strada Urbana;VIALE DELL'OCEANO PACIFICO;all'intersezione con;VIALE CITTA' D'EUROPA;VIALE CITTA' D'EUROPA;;;Scontro laterale fra veicoli in marcia;Incrocio;Una carreggiata a doppio senso;Asciutto;Asfaltata;Verticale ed orizzontale;Sereno;Intenso;Sufficiente;Sufficiente;0;0;0;2;12.45587;41.82549;-1;1;Autovettura privata;In marcia / fermata / arresto;Conducente;F;Illeso;0;;Utilizzato;Inesploso
3084478;12;30/11/2016 17:30;Strada Urbana;VIALE DELL'OCEANO PACIFICO;all'intersezione con;VIALE CITTA' D'EUROPA;VIALE CITTA' D'EUROPA;;;Scontro laterale fra veicoli in marcia;Incrocio;Una carreggiata a doppio senso;Asciutto;Asfaltata;Verticale ed orizzontale;Sereno;Intenso;Sufficiente;Sufficiente;0;0;0;2;12.45587;41.82549;-1;2;Motociclo a solo;In marcia / fermata / arresto;Conducente;M;Illeso;0;;Utilizzato;
3084549;12;30/11/2016 19:15;Strada Urbana;VIALE DELL'ASTRONOMIA;all'intersezione con;PIAZZALE LUIGI STURZO;PIAZZALE LUIGI STURZO;;;Investimento di pedone;Intersezione non regolata/non segnalata;Una carreggiata a doppio senso;Asciutto;Asfaltata;Verticale ed orizzontale;Sereno;Scarso;Sufficiente;Insufficiente;1;0;0;1;12.46671;41.83433;-1;;;;Pedone;F;Rimandato;0;NON DECEDUTO;;
3084549;12;30/11/2016 19:15;Strada Urbana;VIALE DELL'ASTRONOMIA;all'intersezione con;PIAZZALE LUIGI STURZO;PIAZZALE LUIGI STURZO;;;Investimento di pedone;Intersezione non regolata/non segnalata;Una carreggiata a doppio senso;Asciutto;Asfaltata;Verticale ed orizzontale;Sereno;Scarso;Sufficiente;Insufficiente;1;0;0;1;12.46671;41.83433;-1;1;Autovettura privata;In marcia / fermata / arresto;Conducente;M;Illeso;0;;;
3084621;12;30/11/2016 07:40;Strada Urbana;VIALE DELL'UMANESIMO;all'intersezione con;VIALE CESARE PAVESE;VIALE CESARE PAVESE;;;Scontro frontale/laterale SX fra veicoli in marcia;Incrocio;Una carreggiata a doppio senso;Asciutto;Asfaltata;Verticale ed orizzontale;Sereno;Normale;Buona;Ore Diurne;2;0;0;2;12.47036;41.82301;-1;1;Autovettura privata;In marcia / fermata / arresto;Conducente;M;Illeso;0;;Utilizzato;Inesploso
3084621;12;30/11/2016 07:40;Strada Urbana;VIALE DELL'UMANESIMO;all'intersezione con;VIALE CESARE PAVESE;VIALE CESARE PAVESE;;;Scontro frontale/laterale SX fra veicoli in marcia;Incrocio;Una carreggiata a doppio senso;Asciutto;Asfaltata;Verticale ed orizzontale;Sereno;Normale;Buona;Ore Diurne;2;0;0;2;12.47036;41.82301;-1;1;Autovettura privata;In marcia / fermata / arresto;Passeggero;M;Illeso;0;;Utilizzato;Inesploso
3084621;12;30/11/2016 07:40;Strada Urbana;VIALE DELL'UMANESIMO;all'intersezione con;VIALE CESARE PAVESE;VIALE CESARE PAVESE;;;Scontro frontale/laterale SX fra veicoli in marcia;Incrocio;Una carreggiata a doppio senso;Asciutto;Asfaltata;Verticale ed orizzontale;Sereno;Normale;Buona;Ore Diurne;2;0;0;2;12.47036;41.82301;-1;2;Ciclomotore con passeggero;In marcia / fermata / arresto;Conducente;M;Rimandato;0;NON DECEDUTO;Utilizzato;
3084621;12;30/11/2016 07:40;Strada Urbana;VIALE DELL'UMANESIMO;all'intersezione con;VIALE CESARE PAVESE;VIALE CESARE PAVESE;;;Scontro frontale/laterale SX fra veicoli in marcia;Incrocio;Una carreggiata a doppio senso;Asciutto;Asfaltata;Verticale ed orizzontale;Sereno;Normale;Buona;Ore Diurne;2;0;0;2;12.47036;41.82301;-1;2;Ciclomotore con passeggero;In marcia / fermata / arresto;Passeggero;M;Rimandato;0;NON DECEDUTO;Non accertato;
3086364;5;15/11/2016 19:00;Strada Urbana;VIA TIBURTINA;in prossimità;;del civico n.;1120;;Scontro frontale/laterale SX fra veicoli in marcia;Rettilineo;Due carreggiate;Asciutto;Asfaltata;Verticale ed orizzontale;Sereno;Scarso;Sufficiente;Inesistente;1;0;0;1;12.5913;41.9331;-1;1;Motociclo a solo;In marcia / fermata / arresto;Conducente;M;Rimandato;0;NON DECEDUTO;Non accertato;
3086364;5;15/11/2016 19:00;Strada Urbana;VIA TIBURTINA;in prossimità;;del civico n.;1120;;Scontro frontale/laterale SX fra veicoli in marcia;Rettilineo;Due carreggiate;Asciutto;Asfaltata;Verticale ed orizzontale;Sereno;Scarso;Sufficiente;Inesistente;1;0;0;1;12.5913;41.9331;-1;2;Autovettura privata;In marcia / fermata / arresto;Conducente;M;Illeso;0;;Non accertato;Inesploso
3086369;12;30/11/2016 16:30;Strada Urbana;VIALE DELL'OCEANO PACIFICO;all'intersezione con;VIA AUSTRALIA;VIA AUSTRALIA;;;Scontro frontale/laterale SX fra veicoli in marcia;Intersezione non regolata/non segnalata;Una carreggiata a doppio senso;Asciutto;Asfaltata;Verticale ed orizzontale;Sereno;Intenso;Buona;Ore Diurne;1;0;0;2;12.46213;41.81879;-1;1;Autovettura privata;In marcia / fermata / arresto;Conducente;M;Illeso;0;;;
3086369;12;30/11/2016 16:30;Strada Urbana;VIALE DELL'OCEANO PACIFICO;all'intersezione con;VIA AUSTRALIA;VIA AUSTRALIA;;;Scontro frontale/laterale SX fra veicoli in marcia;Intersezione non regolata/non segnalata;Una carreggiata a doppio senso;Asciutto;Asfaltata;Verticale ed orizzontale;Sereno;Intenso;Buona;Ore Diurne;1;0;0;2;12.46213;41.81879;-1;1;Autovettura privata;In marcia / fermata / arresto;Passeggero;F;Illeso;0;;;
3086369;12;30/11/2016 16:30;Strada Urbana;VIALE DELL'OCEANO PACIFICO;all'intersezione con;VIA AUSTRALIA;VIA AUSTRALIA;;;Scontro frontale/laterale SX fra veicoli in marcia;Intersezione non regolata/non segnalata;Una carreggiata a doppio senso;Asciutto;Asfaltata;Verticale ed orizzontale;Sereno;Intenso;Buona;Ore Diurne;1;0;0;2;12.46213;41.81879;-1;2;Motociclo a solo;In marcia / fermata / arresto;Conducente;M;Rimandato;0;NON DECEDUTO;Utilizzato;
3104467;11;29/11/2016 15:55;Strada Urbana;CIRCONVALLAZIONE OSTIENSE;in corrispondenza;;del civico n.;149;;Veicolo in marcia contro veicolo fermo;Rettilineo;Due carreggiate;Asciutto;Asfaltata;Verticale ed orizzontale;Sereno;Normale;Buona;Ore Diurne;0;0;0;1;12.9583;42.02275;-1;1;Motociclo a solo;In marcia / fermata / arresto;Conducente;M;Illeso;0;;Non accertato;
3104914;5;10/11/2016 13:15;Strada Urbana;VIA ELISEA SAVELLI;all'intersezione con;VIA MASSIMILIANO DI PALOMBARA;VIA MASSIMILIANO DI PALOMBARA;;;Scontro frontale/laterale SX fra veicoli in marcia;Incrocio;Una carreggiata a doppio senso;Asciutto;Asfaltata;Verticale ed orizzontale;Sereno;Normale;Buona;Ore Diurne;1;0;0;1;12.59764;41.94555;-1;1;Autovettura privata;In marcia / fermata / arresto;Conducente;M;Illeso;0;;Non accertato;
3104914;5;10/11/2016 13:15;Strada Urbana;VIA ELISEA SAVELLI;all'intersezione con;VIA MASSIMILIANO DI PALOMBARA;VIA MASSIMILIANO DI PALOMBARA;;;Scontro frontale/laterale SX fra veicoli in marcia;Incrocio;Una carreggiata a doppio senso;Asciutto;Asfaltata;Verticale ed orizzontale;Sereno;Normale;Buona;Ore Diurne;1;0;0;1;12.59764;41.94555;-1;2;Motociclo a solo;In marcia / fermata / arresto;Conducente;M;Rimandato;0;NON DECEDUTO;Non accertato;